,cluster.init
AAACAAGTATCTCCCA-1,1
AAACACCAATAACTGC-1,0
AAACAGAGCGACTCCT-1,0
AAACAGCTTTCAGAAG-1,0
AAACAGGGTCTATATT-1,0
AAACCGGGTAGGTACC-1,0
AAACCGTTCGTCCAGG-1,0
AAACCTAAGCAGCCGG-1,0
AAACCTCATGAAGTTG-1,0
AAACGAGACGGTTGAT-1,0
AAACGGTTGCGAACTG-1,1
AAACTCGGTTCGCAAT-1,1
AAACTGCTGGCTCCAA-1,1
AAACTTGCAAACGTAT-1,0
AAAGACCCAAGTCGCG-1,1
AAAGACTGGGCGCTTT-1,0
AAAGGCTACGGACCAT-1,0
AAAGGGATGTAGCAAG-1,0
AAAGGGCAGCTTGAAT-1,0
AAAGTAGCATTGCTCA-1,0
AAAGTCACTGATGTAA-1,0
AAAGTCGACCCTCAGT-1,0
AAAGTGTGATTTATCT-1,0
AAAGTTGACTCCCGTA-1,0
AAATAACCATACGGGA-1,1
AAATACCTATAAGCAT-1,1
AAATCCGATACACGCC-1,0
AAATCGTGTACCACAA-1,1
AAATCTAGCCCTGCTA-1,1
AAATGCTCGTTACGTT-1,0
AAATGGCATGTCTTGT-1,1
AAATGGCCCGTGCCCT-1,0
AAATGGTCAATGTGCC-1,0
AAATTAACGGGTAGCT-1,1
AAATTACACGACTCTG-1,0
AAATTACCTATCGATG-1,0
AAATTGATAGTCCTTT-1,1
AAATTTGCGGGTGTGG-1,0
AACAACTGGTAGTTGC-1,0
AACAATACATTGTCGA-1,0
AACAATTACTCTACGC-1,0
AACACACGCTCGCCGC-1,0
AACACGACTGTACTGA-1,0
AACACGAGACGCGGCC-1,0
AACAGCTGTGTGGCAA-1,0
AACAGGAAATCGAATA-1,1
AACAGGATGGGCCGCG-1,0
AACAGGTAGTATGGAT-1,0
AACATATCAACTGGTG-1,0
AACATTGTGACTCGAG-1,0
AACCAAGACTTCTCTG-1,0
AACCATGGGATCGCTA-1,1
AACCCAGAGACGGAGA-1,0
AACCCGACAACCCGTG-1,0
AACCCTACTGTCAATA-1,1
AACCCTGGTGGAACCA-1,0
AACCGAGCTTGGTCAT-1,0
AACCGCTAAGGGATGC-1,0
AACCGTTGTGTTTGCT-1,0
AACCTCGCTTTAGCCC-1,0
AACCTTTAAATACGGT-1,0
AACCTTTACGACGTCT-1,1
AACGATAATGCCGTAG-1,1
AACGATAGAAGGGCCG-1,1
AACGATATGTCAACTG-1,1
AACGCATGATCTGGGT-1,0
AACGCGACCTTGGGCG-1,1
AACGCGGTCTCCAGCC-1,0
AACGCTGTTGCTGAAA-1,0
AACGGACGTACGTATA-1,0
AACGGCCATCTCCGGT-1,1
AACGTACTGTGGGTAC-1,0
AACGTCAGACTAGTGG-1,1
AACGTGATGAAGGACA-1,0
AACGTGCGAAAGTCTC-1,1
AACTACCCGTTTGTCA-1,1
AACTAGGCTTGGGTGT-1,0
AACTCAAGTTAATTGC-1,1
AACTCCAGAGCGTGTT-1,0
AACTCTCAATAGAGCG-1,1
AACTCTCAGTGTGCTC-1,0
AACTGATATTAGGCCT-1,1
AACTGGGTCCCGACGT-1,1
AACTTGCCCGTATGCA-1,0
AAGACCCAACTGAACA-1,0
AAGACTGCAAGCTACT-1,1
AAGAGATGAATCGGTA-1,0
AAGAGCTCTTTATCGG-1,0
AAGAGGATGTACGCGA-1,1
AAGAGGCATGGATCGC-1,0
AAGATTGGCGGAACGT-1,0
AAGCACCCTGCGTATC-1,1
AAGCATACTCTCCTGA-1,0
AAGCCGAAGCGGTTTA-1,0
AAGCGCAGGGCTTTGA-1,0
AAGCGTCCCTCATCGA-1,1
AAGCTAGATCGAGTAA-1,0
AAGCTCGTGCCAAGTC-1,1
AAGCTCTTTCATGGTG-1,0
AAGGAGCGGTTGGTGC-1,0
AAGGATCGATCGCTTG-1,1
AAGGATGAGGGACCTC-1,0
AAGGCGCGTAAAGCTT-1,0
AAGGCTGTGCTCATCG-1,1
AAGGGACAGATTCTGT-1,0
AAGGGACTATGCATTC-1,0
AAGGTATCCTAATATA-1,1
AAGGTGATAAACCAGC-1,0
AAGTAGAAGACCGGGT-1,0
AAGTAGTGACGCGAGG-1,1
AAGTCAATTGTCGTCA-1,0
AAGTGACGACCGAATT-1,0
AAGTGAGTCGGGTTTA-1,0
AAGTGCCTTGACTGTA-1,0
AAGTGCGTTAGAATCT-1,0
AAGTGTTTGGAGACGG-1,0
AAGTTCACTCCAAGCT-1,1
AAGTTCAGTCTGCGTA-1,0
AAGTTCGGCCAACAGG-1,1
AAGTTTATGGGCCCAA-1,0
AATAACAACGCTCGGC-1,1
AATAACACTAGAACAA-1,0
AATACCGGAGGGCTGT-1,0
AATAGAACAGAGTGGC-1,0
AATAGAATCTGTTTCA-1,0
AATATCAAGGTCGGAT-1,0
AATATCGAATCAATGC-1,0
AATATCGAGGGTTCTC-1,1
AATATTGGAGTATTGA-1,0
AATCATGTAAAGACTC-1,0
AATCCAAGGGCCTGAG-1,0
AATCGCCTCAGCGCCA-1,0
AATCGCGCAGAGGACT-1,1
AATCGGGACACTACGA-1,0
AATCGTGAGCCGAGCA-1,0
AATCTAGGTTTACTTG-1,0
AATCTATGCCGGAGCC-1,0
AATCTCTACTGTGGTT-1,0
AATCTGCGTTGGGACG-1,1
AATCTGGCTTTCTAGT-1,0
AATGACAGCAATGTCT-1,0
AATGACGTAGGATGTC-1,0
AATGACTGTCAGCCGG-1,0
AATGATGATACGCTAT-1,0
AATGATGCGACTCCTG-1,0
AATGCAACCGGGTACC-1,0
AATGCACCAAGCAATG-1,0
AATGGTCCACCGTTCA-1,0
AATGGTTCTCACAAGC-1,1
AATGTGCCCGAGGTGT-1,0
AATTAAAGGTCGGCGT-1,1
AATTAGCGCTGCAGCG-1,0
AATTCATAAGGGATCT-1,1
AATTCCAAGCATGTAC-1,1
AATTCGATTCGAGGAT-1,0
AATTCTAGAGTTAGGC-1,1
AATTGAACGCTCTGGT-1,0
AATTTGGGACATAGTA-1,1
AATTTGGTTCCAAAGA-1,1
ACAAATCGCACCGAAT-1,1
ACAAATGGTAGTGTTT-1,0
ACAACAGCATGAGCTA-1,0
ACAACGGTCCCTGCGA-1,0
ACAAGCAGTGCCTAGC-1,0
ACAAGGAAATCCGCCC-1,0
ACAAGGACAAGAGGTT-1,0
ACAAGGATGCTTTAGG-1,0
ACAAGGGCAGGCTCTG-1,1
ACAATAGTCGTACGTT-1,0
ACAATCCATTTAAACC-1,1
ACAATGAATACGGAGA-1,1
ACAATTGTGTCTCTTT-1,0
ACAATTTGAGCAGTGG-1,0
ACACAAAGACGGGTGG-1,0
ACACACCAGGACCAGT-1,0
ACACACTTTCTACACG-1,1
ACACCCAGCATGCAGC-1,0
ACACCCGAGAAATCCG-1,1
ACACCTTAAGTAGGGC-1,0
ACACCTTACTACTTGC-1,1
ACACGAGACTCCTTCT-1,0
ACACGGGAACTTAGGG-1,0
ACACTGATCAAGGTGT-1,0
ACAGAACTGAGAACAA-1,0
ACAGATTAGGTTAGTG-1,0
ACAGCATAGAGCCAGT-1,0
ACAGCGACATTCTCAT-1,0
ACAGCGCACCCGCAGC-1,1
ACAGGTGGAGGTGAGG-1,0
ACAGTAATACAACTTG-1,0
ACATAATAAGGCGGTG-1,1
ACATCAGCTGGGACGC-1,0
ACATCCCGGCCATACG-1,1
ACATCCTGGTAACTGT-1,0
ACATCGATCGTTTACC-1,0
ACATCGGTCAGCCGCG-1,0
ACATCGTATGCAATGG-1,0
ACATCGTTAACCTAGT-1,0
ACATGGCGCCAAAGTA-1,1
ACATTAGTTTATATCC-1,0
ACCAACGCTTATTTAT-1,0
ACCAAGAACGCGTGTC-1,1
ACCAATATGCAAGTTA-1,0
ACCACAAGTTTCTATC-1,1
ACCACCAATGTAACAA-1,0
ACCACGTGCAGCTATA-1,0
ACCAGTGCGGGAGACG-1,0
ACCATATCCGCAATAA-1,1
ACCATCCGCCAACTAG-1,0
ACCATCGTATATGGTA-1,1
ACCCAACGCCCGTGGC-1,1
ACCCACCTACATGCTC-1,0
ACCCATTTGTCCCTCT-1,0
ACCCGAGCGAAATTAC-1,0
ACCCGGAAACTCCCAG-1,1
ACCCGGATGACGCATC-1,1
ACCCGGTTACACTTCC-1,1
ACCCGTGTCATCAGTA-1,0
ACCCTCCCTTGCTATT-1,0
ACCCTTCATCTGCGAA-1,1
ACCGAAAGGGCCCTGC-1,0
ACCGACTGAGTCCCAC-1,0
ACCGATGGTAGCATCG-1,0
ACCGCGGTGGAAGTCG-1,1
ACCGGGCCTTTGTTGA-1,0
ACCTAAGTACCTTTCA-1,0
ACCTAATCGACTTCCT-1,0
ACCTACAGTATGTGGT-1,1
ACCTACTATAAATCTA-1,0
ACCTCCGTTATTCACC-1,0
ACCTGCGTGTCATGTT-1,0
ACGAAATGGGCGGCAC-1,0
ACGACTGGTCATACTC-1,0
ACGAGATATTTGCTTA-1,0
ACGAGGATACCACTCT-1,0
ACGAGTACGGATGCCC-1,1
ACGATACATAGAACTA-1,1
ACGATCATACATAGAG-1,0
ACGATCATCTTGTAAA-1,1
ACGATGCATATGTTAT-1,1
ACGATGGATCCGATGC-1,1
ACGCAATCACTACAGC-1,0
ACGCATACGTTTACTA-1,1
ACGCATTCGTGAGTAC-1,1
ACGCCAGATGATTTCT-1,1
ACGCCGCTAGACGACC-1,1
ACGCGAAGTCAGACGA-1,0
ACGCGCTACACAGGGT-1,1
ACGCGGGCCAAGGACA-1,1
ACGCTAGTGATACACT-1,1
ACGCTGTGAGGCGTAG-1,0
ACGGAATTTAGCAAAT-1,0
ACGGACTCTCAAAGCG-1,1
ACGGATGGTGCGGATA-1,0
ACGGCACTTGCTTGGG-1,0
ACGGCCAACATGGACT-1,0
ACGGCGACGATGGGAA-1,0
ACGGGAGTGTCGGCCC-1,0
ACGTACAGATTTCTCT-1,0
ACGTAGATTGCTGATG-1,1
ACGTATTACTCCGATC-1,0
ACGTGCGCCTCGTGCA-1,1
ACGTTAATGTCGAAGA-1,0
ACGTTAGATTTGCCCG-1,0
ACGTTCCGCGCTCCGT-1,0
ACGTTCGCAATCAATT-1,0
ACGTTCGTTCAGGAAA-1,0
ACGTTTAGTTGTGATC-1,1
ACTACCAGCTCTCTGG-1,0
ACTACGCGTTAGAATT-1,0
ACTAGTTGCGATCGTC-1,1
ACTATTCGTCCGTGGT-1,1
ACTATTTCCGGGCCCA-1,0
ACTCAAGTGCAAGGCT-1,0
ACTCAATAAAGGCACG-1,0
ACTCAGACCTGCTTCT-1,0
ACTCCAATATCATCAT-1,0
ACTCCCATTCCTAAAG-1,0
ACTCCCGAATTCGTTT-1,1
ACTCCCTAATGCTAAA-1,1
ACTCCCTAGAATAGTA-1,1
ACTCGTAACCCGTCCT-1,0
ACTCGTCAGTAATCCC-1,0
ACTCTCTGACTTAGGT-1,1
ACTCTTGTATAGTAAC-1,1
ACTGAAACGCCGTTAG-1,0
ACTGAATGGCGAAAGT-1,0
ACTGCCGTCGTAACTC-1,1
ACTGTACGATACACAT-1,0
ACTGTAGCACTTTGGA-1,0
ACTGTATACGCGAGCA-1,0
ACTGTCCAGGATTATA-1,1
ACTGTCTTCTTTAGAA-1,1
ACTGTGCTAGTAGATC-1,1
ACTTAGTACGACAAGA-1,1
ACTTATACTTACCCGG-1,0
ACTTATTAGGATCGGT-1,1
ACTTATTTATGTGCCA-1,0
ACTTCCATGCGGGACA-1,0
ACTTCGCCATACGCAC-1,0
ACTTGACTCCCTCTTT-1,0
ACTTGGGACCCGGTGG-1,1
ACTTGTAGTCCCTTCA-1,0
ACTTGTGGATGGAACG-1,1
ACTTTACCCTCATGAA-1,0
ACTTTCCTATAGCTTC-1,0
ACTTTGACTGCATCCT-1,0
AGAACGTGGTACATTC-1,0
AGAAGAGCGCCGTTCC-1,0
AGAAGGTACACTTCAC-1,0
AGAAGGTTGCCGAATT-1,1
AGAAGGTTGTAGGTCG-1,1
AGAAGTGATTCGTGAT-1,0
AGAATAAATCTTCAGG-1,0
AGAATTATGGATTCGA-1,1
AGAATTGTTTGACATA-1,0
AGACCATGGGATACAA-1,0
AGACCCACCGCTGATC-1,1
AGACCCGCCCTCCTCG-1,0
AGACCGGGAAACCCTG-1,0
AGACGAAGTGCCGGTC-1,0
AGACGACGATGCCGCT-1,1
AGACTAGCCTTCCAGA-1,0
AGACTGTTACCGGGTC-1,0
AGAGAACCGTCTAGGA-1,0
AGAGAAGGAGTACAAT-1,0
AGAGATCTCTAAAGCG-1,0
AGAGCAGTTATGAGAC-1,0
AGAGCGGGCTAATCAT-1,1
AGAGCGTACAAGCTCG-1,0
AGAGGCTTCGGAAACC-1,1
AGAGTAAACTTCACTA-1,0
AGATAACTTCAGGGCC-1,1
AGATACGACTTCATAT-1,0
AGATACTCAAGATCGA-1,0
AGATATAATACGACTA-1,1
AGATCGTGCATAAGAT-1,0
AGATCTCAGGTGTGAT-1,0
AGATGACTCGCCCACG-1,1
AGATGATGGAGTCTGG-1,1
AGATGCAAGACGTGCA-1,0
AGATTATAGGACGTTT-1,1
AGATTCACAACCGATA-1,0
AGCAAAGGCCGCTAGT-1,1
AGCAACATATCTTATT-1,0
AGCAACCGAAAGTAAT-1,0
AGCACCAGTACTCACG-1,0
AGCACTACCGGCCTGT-1,0
AGCACTACCTCACCAG-1,0
AGCACTTAAGGACGCC-1,0
AGCAGAAGGAGAAAGA-1,1
AGCATATCAATATGCT-1,0
AGCATCATTTCGAAAG-1,0
AGCATCGTCGATAATT-1,0
AGCCAAGCTTTGTGTC-1,0
AGCCACAGGTTACCCG-1,0
AGCCACTCCCGTGCTT-1,1
AGCCCATACATGTAAG-1,0
AGCCCGCAACAAGCAG-1,0
AGCCCGGTAGCCTGTA-1,0
AGCCCTAAGCGAAGTT-1,1
AGCCCTTCTAATCCGA-1,0
AGCCGTGGCTAAATGT-1,0
AGCCTAATACCCACGT-1,0
AGCGACAGGAACGGTC-1,0
AGCGACATCCCATTCA-1,0
AGCGACCAACGATATT-1,0
AGCGCGGGTGCCAATG-1,0
AGCGGACACTTCGTAG-1,1
AGCGGCGGTTAGCGGT-1,0
AGCGGGAAGGGTCCAT-1,0
AGCGGGTCTGACACTC-1,1
AGCGTGGTATTCTACT-1,1
AGCTAACAAGCAATGT-1,0
AGCTAAGTACGCAGGC-1,0
AGCTAGAAGCAGAAGT-1,0
AGCTATTTAATCCAAC-1,1
AGCTCTAGACGTTCCA-1,1
AGCTCTTCCCAGTGCA-1,1
AGCTCTTTACTCAGTT-1,1
AGCTGAAGTAAACCAA-1,1
AGCTGTAACCTCAATC-1,0
AGCTTGATCTTAACTT-1,0
AGGAAGCTGTCCGCCG-1,1
AGGACAGTCGAATCCC-1,0
AGGACATCGCACGTCG-1,0
AGGACGACCCATTAGA-1,1
AGGACGCTCGATGTTG-1,0
AGGAGGCCTTCGCGCG-1,1
AGGATAAAGTCGGGAT-1,0
AGGATATAGGGATTTA-1,0
AGGATCACGCGATCTG-1,0
AGGCAGATGCGTAAAC-1,0
AGGCAGGGAGCGTACT-1,0
AGGCATTGTCGTAGGG-1,0
AGGCCACCCGTTATGA-1,0
AGGCCCATTGTACAGG-1,0
AGGCCCTAGAACGCCA-1,0
AGGCCTGAGAATCTCG-1,0
AGGCTATGGTTAGCTT-1,0
AGGCTTCCCGAAGAAG-1,0
AGGGAAACGAGGTACT-1,1
AGGGACCGGCTGCGTT-1,0
AGGGAGACATACTTCG-1,0
AGGGCAGCGGCGTGGT-1,0
AGGGCGAGCAGCTGAT-1,0
AGGGCGTGATCGGCTA-1,1
AGGGCTGCAGTTACAG-1,1
AGGGTCAGAGCACTCG-1,0
AGGGTGCCGTTCTTTA-1,1
AGGGTGCTCTCGAGGG-1,1
AGGGTGGATAGTGCAT-1,0
AGGGTTCAGACGGTCC-1,0
AGGGTTCCCTTTGGTT-1,1
AGGGTTTAGTTCGGGA-1,1
AGGTAACCTCCTATTC-1,1
AGGTACGATATTGCCA-1,1
AGGTAGATCGAGATAT-1,0
AGGTAGGTACAAAGCT-1,1
AGGTATAATTGATAGT-1,0
AGGTCGCGGAGTTACT-1,0
AGGTGGTGACCTTCGC-1,0
AGGTGTATCGCCATGA-1,0
AGGTTGAGGCACGCTT-1,0
AGGTTTCACACACCTT-1,1
AGTAATGTCTTGCCGC-1,0
AGTACATCATTTATCA-1,0
AGTACGGCCCGTATCG-1,0
AGTACGGGCACCTGGC-1,1
AGTACTCTTATGCCCA-1,0
AGTAGGAAGGAAGTTG-1,0
AGTATAATACTAGGCA-1,0
AGTATGCTGGAGACCA-1,0
AGTATTTGGCACGACC-1,0
AGTCAACACCACCATC-1,1
AGTCAAGATGACACTT-1,0
AGTCACTAGCTCTCGA-1,1
AGTCAGCCACCGCCTG-1,0
AGTCCATTGGCTGATG-1,0
AGTCCCGCCTTTAATT-1,1
AGTCGACGGTCTCAAG-1,0
AGTCGGCCCAAACGAC-1,0
AGTCGGCTCAACTTTA-1,0
AGTCGGTTGCGTGAGA-1,1
AGTCGTATAAAGCAGA-1,0
AGTCGTCGACCACCAA-1,0
AGTCGTGGGCATTACG-1,0
AGTCTAAAGTATACTC-1,0
AGTCTCACAAGACTAC-1,0
AGTCTTCTCCTCAAAT-1,0
AGTCTTTAAAGTGTCC-1,0
AGTGAACAAACTTCTC-1,0
AGTGACCTACTTTACG-1,0
AGTGAGACTTCCAGTA-1,0
AGTGAGCCTCGCCGCC-1,1
AGTGATAACCTGCGCG-1,0
AGTGATATGAGTAGTT-1,1
AGTGATTCAAGCAGGA-1,1
AGTGCACGCTTAAGAA-1,0
AGTGCGTAGCTCGTAA-1,1
AGTGCTAAACACAGCA-1,0
AGTGCTTGCACGAATA-1,1
AGTGGCGGCAATTTGA-1,0
AGTGGCGTCTGAAGGT-1,0
AGTGGCTCCGTCGGCC-1,0
AGTGGTGTTACCCGTG-1,0
AGTGGTTGCGTATAGG-1,0
AGTGTATTGCGCATTG-1,0
AGTGTGGTCTATTGTG-1,0
AGTTAAACACTTGCGA-1,1
AGTTAAGCGGTCCCGG-1,0
AGTTAAGTCAACCGCT-1,0
AGTTACTCTATCGTGG-1,1
AGTTCCTACAGAATTA-1,1
AGTTCCTATTTATGTT-1,1
AGTTGACGGTCCTTGC-1,1
AGTTTCGCAGGTCGGA-1,0
AGTTTGCACCTGCCTC-1,0
AGTTTGGCACGGGTTG-1,0
AGTTTGGCCAGACCTA-1,0
ATAAACGGACCCGTAA-1,1
ATAAAGGCTCGGTCGT-1,0
ATAAATATTAGCAGCT-1,0
ATAACGCCGGAGGGTC-1,0
ATAACGGAGTCCAACG-1,0
ATAAGGTGGAGAACAT-1,0
ATAAGTAGGATTCAGA-1,0
ATAAGTTACCGCGACG-1,1
ATAATAGCTGTTGAAT-1,1
ATAATAGTGTAGGGAC-1,0
ATAATCTTGGAGAACC-1,1
ATAATTAGCTAAGTAG-1,1
ATACAGGCCCTCCAAT-1,1
ATACCACGGGCAACTT-1,0
ATACCAGGCTAATAGA-1,0
ATACGCCGGCGAAACC-1,0
ATACGGAACGTCGTTT-1,0
ATACGGGTTTCGATTG-1,1
ATACGGTGAAGATGCA-1,1
ATACGTACTTAGCCAC-1,0
ATACGTCCACTCCTGT-1,0
ATACTAGCATGACCCT-1,1
ATACTGCCTTACACCG-1,1
ATACTTGTTCTCGAGC-1,0
ATAGACAACGGGACCT-1,1
ATAGACGAAGAGAAAG-1,1
ATAGAGTACTGGGACA-1,0
ATAGAGTTATCAACTT-1,1
ATAGGCGGCTATAGAA-1,1
ATAGGCTAGCTTCGCA-1,0
ATAGGGATATCCTTGA-1,0
ATAGGTTGGGCAGATG-1,0
ATAGTGAAGCGTTCTC-1,1
ATAGTTCCACCCACTC-1,1
ATATAAAGCGCTCGTG-1,1
ATATAAATGTAGCTGC-1,1
ATATCGGTAGGGAGAT-1,1
ATATCGTTCCTCGAAC-1,0
ATATCTCCCTCGTTAA-1,1
ATATCTTAGGGCCTTC-1,1
ATATGTCTCCCTAGCC-1,1
ATATTCAGTTAAACCT-1,1
ATATTCCCACAGGTCA-1,0
ATATTGCTGTCAAAGT-1,1
ATATTTAACCCTCAAG-1,1
ATCAAACACTGTTCCA-1,1
ATCAAACGAAGGTTTG-1,0
ATCAATCTGGGCTGCA-1,1
ATCACGTGCTAATTAA-1,1
ATCACTTCATCCTCGC-1,0
ATCAGACGGCACGCCG-1,1
ATCAGCCTCATGCTGC-1,0
ATCAGCTCGTCCACTA-1,0
ATCAGTAGGCAGGGAT-1,1
ATCCAACGCAGTCATA-1,0
ATCCAATGGAGGGTCC-1,0
ATCCAATGGTACCGAA-1,0
ATCCACATCGACAGAA-1,1
ATCCAGAGCAACAACC-1,0
ATCCAGGATTCGTGAA-1,1
ATCCTACCTAAGCTCT-1,1
ATCCTGAATCGCTGCG-1,0
ATCCTGCGTGGAATGG-1,1
ATCGACCCAATACAGA-1,0
ATCGACTCTTTCCGTT-1,0
ATCGCACGCCGGGAGA-1,0
ATCGCCAGTCAACATT-1,1
ATCGGCAAGCAGTCCA-1,0
ATCGGTTACCTAGTAA-1,0
ATCGTTAGCTAGCGGA-1,0
ATCTAATATCCTACGG-1,0
ATCTAGCTTGTGAGGG-1,0
ATCTCCCTGCAATCTA-1,1
ATCTGACATGGAAGGA-1,0
ATCTGCACCTCTGCGA-1,1
ATCTGCTGTTATCGCC-1,1
ATCTGGTTAAGACTGT-1,0
ATCTGTAATTGTACCC-1,1
ATCTTGACCTGCAACG-1,0
ATCTTGACTTGTCCAA-1,0
ATGAAGCCAAGGAGCC-1,0
ATGACGCCGGCTCTAA-1,0
ATGACGCGTTCTATCC-1,0
ATGACTATCAGCTGTG-1,0
ATGACTATGCGACATT-1,0
ATGAGGAGTGTTAATC-1,0
ATGATCGGGAATAGAC-1,0
ATGATGCAATGGTACA-1,0
ATGCACTACCGCATTG-1,0
ATGCATGATCCAGGAT-1,0
ATGCCATTTGCGACCA-1,0
ATGCCGGTCTTGCATA-1,0
ATGCCGGTTGATGGGA-1,0
ATGCGACAGTCCCATT-1,1
ATGCGAGTCCCACCAC-1,0
ATGCTCAGTGTTGCAT-1,0
ATGCTCTGGCGCGGTA-1,1
ATGGAGCAGGCCGTGA-1,1
ATGGATCCGGCGTCCG-1,1
ATGGATTGACCAAACG-1,0
ATGGCAGCCGAGAAAC-1,0
ATGGGACCTGCTGAAC-1,0
ATGGGCCTCGGCCTCT-1,0
ATGGTCGCGTGGTTTC-1,0
ATGTAAGGCTGCTCTT-1,0
ATGTACGATGACGTCG-1,1
ATGTAGCGCGCGTAGG-1,0
ATGTGCATCCGACGCA-1,0
ATGTGGACATCTTGAT-1,1
ATGTTACGAGCAATAC-1,0
ATGTTCGTCGACCCAC-1,1
ATGTTGTAGTCTGTTT-1,0
ATTAAACATGCGGACC-1,1
ATTAATACTACGCGGG-1,0
ATTAATGAACCAGTCG-1,1
ATTAATTCGGTCACTC-1,1
ATTACAACTACCGGCC-1,1
ATTACATGTCAGTCTT-1,0
ATTACGCGCTGGCAGG-1,1
ATTACTAGCCTCTTGC-1,0
ATTACTTACTGGGCAT-1,0
ATTAGATTCCTCAGCA-1,0
ATTAGATTGATAGCGG-1,0
ATTAGGCGATGCTTTC-1,1
ATTATACTTTGCTCGT-1,1
ATTATCGGAATGTACG-1,0
ATTATCTCGACAGATC-1,0
ATTATGCCATAGGGAG-1,0
ATTCAACCATTTAAGG-1,1
ATTCACTGATGTTGGA-1,1
ATTCAGGACCTATTTC-1,0
ATTCAGTAGCAGGGTC-1,0
ATTCATATACTGTCCA-1,0
ATTCATCGTTGAGGCA-1,0
ATTCCCACATAAACAA-1,0
ATTCCTCCGCCAGTGC-1,1
ATTCGACGCCGGGCCT-1,0
ATTCGTGCTATCTCTT-1,1
ATTGAAGATCTTAGTG-1,1
ATTGACGTAACTCGGT-1,0
ATTGATGAGTCCTAAC-1,1
ATTGCCTTTATGTTTG-1,0
ATTGCTGCTCCTCCAT-1,1
ATTGGATTACAGCGTA-1,1
ATTGTACAACTCGGCT-1,1
ATTGTCGCAATACCTT-1,0
ATTTACAGTTTACTGG-1,0
ATTTACTAAGTCCATT-1,0
ATTTCATTATTTCGCG-1,1
ATTTCCGGGTTCTGCG-1,0
ATTTGCGCGAGTAGCT-1,1
ATTTGTCTTGGGAGCT-1,0
ATTTGTTCCAGGGCTC-1,1
CAAACGAGTATCGCAG-1,0
CAAACGGTCGCACTTT-1,0
CAAACTACGATAGAGA-1,1
CAAACTATTGAGCTTC-1,0
CAAACTCGCGACGCCG-1,1
CAAAGATTATTGGGCC-1,1
CAAATCTCTCACAAGG-1,0
CAAATTGTCAGCAAGC-1,1
CAACGACCCGTTTACA-1,0
CAACGGTTCTTGATAC-1,1
CAACTATATCGAATGC-1,1
CAACTCCTTGATCCCG-1,1
CAACTGCTCATCCGAT-1,0
CAACTTGTAGTGGGCA-1,0
CAAGAGGGCGGAGTAC-1,1
CAAGATATTATAACGT-1,0
CAAGCAACGTCGGAGT-1,1
CAAGCACCAAATGCCT-1,1
CAAGCGGCACATAATT-1,1
CAAGGATCGCATGTTC-1,0
CAAGGTCCTATAGGCT-1,0
CAAGTAAGTGATAGAC-1,0
CAAGTGTGGTTGCAAA-1,0
CAATAAACCTTGGCCC-1,0
CAATACGCTCTGAGGC-1,0
CAATATTCTTGACCTA-1,1
CAATCCCTATACCAGC-1,1
CAATGCGAGAAGTATC-1,0
CAATGGATCTCTACCA-1,1
CAATGTGCCAACCCTT-1,1
CAATTAAGGGTGATGA-1,0
CAATTTCGTATAAGGG-1,1
CACAATGAGCTGCTAT-1,0
CACACACGCTAACGAG-1,1
CACACAGGGATAGATT-1,0
CACAGCACCCACGGCA-1,0
CACAGCTAGGGAGTGA-1,1
CACAGGGCCATATAGT-1,0
CACAGGGCCGTTGTCA-1,0
CACATATTAGCAGGAT-1,1
CACATGATTCAGCAAC-1,1
CACATTCTTTCGATGG-1,1
CACATTTCTTGTCAGA-1,1
CACCACGCCACACAGA-1,0
CACCAGTCAGCATGCA-1,0
CACCATCGGAGGAGAC-1,0
CACCCACACGTCACCC-1,1
CACCCACGAGGCAATT-1,1
CACCCGGTTTGTGACT-1,0
CACCCTAACAAGATCT-1,0
CACCCTTGGTGAGACC-1,0
CACCGATACACCGAGC-1,1
CACCGCCAGAAGGTTT-1,0
CACCGCCGACCAGCGA-1,0
CACCGTATCCCATCCG-1,1
CACCGTTAGGGATCAC-1,0
CACCGTTGCGCGATAT-1,0
CACCTAATAGAGTCGT-1,0
CACCTAATCAGTTTAC-1,0
CACCTCGATGGTGGAC-1,1
CACCTTGCGAAACTCG-1,1
CACCTTGGCGCCTTTG-1,0
CACGAAAGTTAGTCCC-1,0
CACGCACAGCGCAGCT-1,0
CACGCAGCGAGGCTTT-1,0
CACGCGGAACTGTTGC-1,0
CACGGGATTGAGGGTT-1,0
CACGTCGGCAACCTCT-1,0
CACGTTCGTGCTCTAG-1,0
CACGTTTCGTACACAC-1,0
CACTAAAGTTGCCTAT-1,0
CACTCAAGAGCTATGG-1,1
CACTCAGCTCTTGAGG-1,1
CACTCCTATGTAAGAT-1,1
CACTCCTCTCGGTCGG-1,0
CACTCGAGCTGAACAA-1,0
CACTCGGTTAGGAGGA-1,1
CACTCTTCTGCTAGCC-1,0
CACTGACGATTGTGGA-1,0
CACTGTCCAAGTGAGA-1,0
CACTTAATCAGACGGA-1,1
CACTTCGCCACAGGCT-1,1
CAGACACCGATCGCTG-1,0
CAGACCTGTAAGTGTT-1,1
CAGACGAACCTGATAC-1,0
CAGAGACGGTCACCCA-1,0
CAGAGCATGAGCTTGC-1,0
CAGAGGCGATGCATGA-1,1
CAGAGTGATTTAACGT-1,0
CAGATACTAACATAGT-1,0
CAGATCATTTAAAGTC-1,0
CAGATCCTGGTTTGAA-1,0
CAGCAGCCCGTTCCTT-1,0
CAGCAGTCCAGACTAT-1,1
CAGCAGTCTGTGCTGC-1,1
CAGCCGGGCCCTCTAT-1,1
CAGCCTCCTGCAGAGG-1,1
CAGCCTCTCCTCAAGA-1,0
CAGCGATTCCCTTCAA-1,0
CAGCTCACTGAGACAT-1,0
CAGCTCGACAAGTTAA-1,1
CAGCTCGTGCTTGTGT-1,1
CAGCTGGCGTAACCGT-1,0
CAGCTTAGTAGGTAGC-1,0
CAGGAAGACTTTATAT-1,0
CAGGATATATCGTTGT-1,1
CAGGCAGTCTTACCAG-1,0
CAGGCCGTTTGGGTGT-1,1
CAGGCGCACGGTGGTC-1,0
CAGGCGCCATGCTAGG-1,0
CAGTAACTATTTATTG-1,0
CAGTAATCCCTCCCAG-1,0
CAGTACATTCTCTAAA-1,0
CAGTACCAGTTTACGT-1,0
CAGTAGCCCACGCGGT-1,0
CAGTCGAGGATGCAAT-1,0
CAGTCTGTATACTGGG-1,1
CAGTGAATAAATGACT-1,1
CAGTGTCCGCAGAATG-1,0
CAGTGTCGGCTGGCCC-1,0
CAGTTCAAATTGACAC-1,1
CAGTTCCGCGGGTCGA-1,0
CATAACGGACAGTCGT-1,0
CATAAGAAGCTTGGCT-1,1
CATAAGCTCTCCGTCT-1,0
CATACAAAGCCGAACC-1,0
CATACACGGTTCCCAC-1,0
CATACCCGTACCCAGT-1,1
CATACGAACTAGCTGG-1,1
CATACGGCGTCTGGGC-1,1
CATACTATGTAATTGT-1,0
CATACTTAGGCAATAC-1,1
CATACTTCTTTCTCCG-1,0
CATAGCCGCCCGGGAT-1,0
CATAGCGTTGCCCACC-1,1
CATAGTACATTGAGAG-1,1
CATAGTAGCATAGTAG-1,0
CATAGTCCACAAGAAC-1,0
CATATACTACTGATAA-1,0
CATATAGGTACAGTCA-1,0
CATATGTCAGGCTACG-1,0
CATATTATTTGCCCTA-1,0
CATCATCTACCCGGAC-1,1
CATCATTACCCTGAGG-1,0
CATCCTCTCAAAGATC-1,0
CATCGGACGGGTTAAT-1,1
CATCTATCCCGTGTCT-1,0
CATCTTACACCACCTC-1,1
CATGAACCGACATTTG-1,1
CATGACTTCGCTGAAT-1,1
CATGAGATGCACTCTC-1,1
CATGATGCACAATTCT-1,0
CATGATGGAAGTTAGC-1,0
CATGCCAACTCGCAAA-1,0
CATGCGACCAGTTTAA-1,0
CATGCGTTAGACAGAA-1,1
CATGCTGGCTCCAATT-1,0
CATGGATTGTCTTCCG-1,1
CATGGCAGGAAGATCG-1,1
CATGGGTATGCCTTAT-1,0
CATGGGTCGGGTGTGG-1,1
CATGGTAAGTAGCGTT-1,1
CATGGTCTAGATACCG-1,0
CATGTAAGAGACATTT-1,0
CATGTCTCATTTATGG-1,0
CATTACGTCGGCCCGT-1,1
CATTATGCTTGTTGTG-1,0
CATTGCGAAATGGGCG-1,0
CATTTAGCGGACCATG-1,1
CATTTCTAGCAGACTA-1,0
CATTTGAGTGGTACGT-1,0
CCAAACAGAACCCTCG-1,0
CCAACCTTATGTAACT-1,0
CCAACGATGCACTGAT-1,1
CCAAGAAAGTGGGCGA-1,0
CCAAGACTTCTGCGAA-1,1
CCAAGCGTAACTCGTA-1,0
CCAAGGAACAGAGAGG-1,0
CCAATAGTGCCGTCGA-1,1
CCAATCGGTAGATCGA-1,0
CCAATGTCACAGCAAG-1,1
CCAATTACGGGTCGAG-1,1
CCAATTGAATGTTAAT-1,0
CCACAATGTACGTCTT-1,1
CCACACTGAGATATTA-1,1
CCACAGTACCCATCCT-1,0
CCACCAACTTTACTGT-1,0
CCACCCAAGGAAAGTG-1,1
CCACGGAGCCATAAGA-1,0
CCACGGTGCCCGGTAG-1,1
CCACTGGTGGCTGGTT-1,0
CCAGAAAGCAACTCAT-1,0
CCAGATAGTTGAGTGA-1,0
CCAGCCTGGACCAATA-1,1
CCAGCTCGAACGCATT-1,1
CCAGCTGATGGTACTT-1,0
CCAGCTTCCGCCCGCA-1,0
CCAGGGACGTGGCCTC-1,1
CCAGTAGTCTGATCCA-1,1
CCAGTCAAATCTCTTA-1,0
CCAGTCTAGACGGCGC-1,1
CCATAAACAACCCGAC-1,1
CCATACCTTTACTTGT-1,1
CCATAGGTTGGCGTGG-1,1
CCATATGGAAACTATA-1,1
CCATCCATACCAAGTC-1,0
CCATCGCAGTTAAACT-1,0
CCATCTCACCAGTGAA-1,1
CCATGCCCTAGATTTC-1,1
CCATGCCTGTTTAGTA-1,0
CCATGCTCTGCAGGAA-1,1
CCATGGCCCTTGTACC-1,0
CCATTAGCGATAATCC-1,1
CCATTCCCTGCCCACA-1,1
CCATTTCTACCTATTA-1,0
CCCAAACATGCTGCTC-1,1
CCCAACATACGTCGCG-1,0
CCCAACCACACTAACA-1,0
CCCAATGAGATTTGCA-1,0
CCCAATTTCACAACTT-1,1
CCCAGAGGAGGGCGTA-1,0
CCCAGTAAACTTGGGA-1,0
CCCAGTTAAGGCGCCG-1,0
CCCGAAGTTTCGCGAA-1,0
CCCGACCATAGTCCGC-1,0
CCCGAGTTTCTCCGTA-1,0
CCCGCAGCGCGAACTA-1,1
CCCGCAGGGCCCAAAG-1,1
CCCGCCATGCTCCCGT-1,1
CCCGCGCAATGCACCC-1,0
CCCGGTGTATCGGAAT-1,0
CCCGTAAGTCTAGGCC-1,0
CCCGTCAGCGTCTGAC-1,0
CCCGTTTCGCAGATGT-1,0
CCCTATGTAGAGCAGA-1,0
CCCTCATTCTGGAATT-1,1
CCCTCCTCGCTCGTAT-1,1
CCCTGAAATGAGTTGA-1,1
CCCTGACTAACAAATT-1,0
CCCTGCCCAATCCGCT-1,0
CCCTGCGCTACGCATA-1,0
CCCTTTGACAGGTCTT-1,0
CCGAAAGTGGTGAGCA-1,0
CCGAACCTTCCCGGCC-1,0
CCGAAGTATATTGTTC-1,0
CCGACAAAGGGAGTGC-1,0
CCGACGGGCATGAGGT-1,0
CCGAGAAGTCGCATAA-1,1
CCGATCTCAACCTTAT-1,1
CCGATTCGAGGGACCC-1,0
CCGCACAAAGACCAAC-1,0
CCGCACGTGACCTCGG-1,0
CCGCATGTGGTACGAT-1,1
CCGCCGGTCAACACAC-1,0
CCGCCTGCGAATTGGT-1,0
CCGCGATTTGGTAGGT-1,0
CCGCGGAATGCGTCAC-1,0
CCGCGGGTACGAAGAA-1,0
CCGCGTAGGTAAGGGC-1,0
CCGCTATCAGCACCAG-1,0
CCGCTTACCTCACTCT-1,0
CCGGAATGGTTTCAGT-1,0
CCGGAGCGTACTTTCT-1,0
CCGGCACGACCGTTTC-1,0
CCGGCGCATATTGGAT-1,0
CCGGCGTGAGACTCTG-1,0
CCGGGCGGTCTCGTCA-1,0
CCGGGCTGCTCCATAC-1,0
CCGGGTTCGAGGTTAC-1,1
CCGGTAATGGCTAGTC-1,1
CCGTAAGTTGGTCCCA-1,0
CCGTACCCAAGCGCCA-1,0
CCGTAGGAAATCCCTG-1,0
CCGTATCTCGTCGTAG-1,0
CCGTGCCCATGACGGC-1,1
CCGTGGAACGATCCAA-1,0
CCGTGTTAAATTCCAT-1,0
CCGTTACGTTAGAACA-1,1
CCGTTCCGAATCTCGG-1,0
CCTAAAGGCTGACGCT-1,0
CCTAAATTAACGGTTC-1,1
CCTAACCCAAACAAGT-1,0
CCTAACTAAGGCTCTA-1,0
CCTACATTCACAGACG-1,0
CCTACGGCTCAGTCGA-1,0
CCTACTGCTTACACTT-1,0
CCTAGGCGTAGCGATC-1,0
CCTAGGTAAAGGTAGC-1,0
CCTAGTTAGTCGCATG-1,1
CCTATATTTGTCCTGG-1,0
CCTATGAAGTGGTGCC-1,1
CCTATGGCTCCTAGTG-1,0
CCTATGGGTTACCGTC-1,0
CCTATGGTCAAAGCTG-1,0
CCTATGTCCACTCCAC-1,0
CCTCACCAATCTTGAC-1,1
CCTCACCTGAGGGAGC-1,1
CCTCACCTTAGCATCG-1,1
CCTCCCGACAATCCCT-1,0
CCTCCGACAATTCAAG-1,1
CCTCCTGAGCCCACAT-1,0
CCTCCTGTTGTGTCGT-1,0
CCTCGAAGTGGACGGG-1,1
CCTCGCCAGCAAATTA-1,1
CCTCGCGCGATATAGG-1,0
CCTCGGACCGGGATAG-1,0
CCTCGGATGCTACCTG-1,0
CCTCTAATCTGCCAAG-1,0
CCTCTATCGATTAGCA-1,0
CCTCTCTCCCATCTAG-1,1
CCTCTGGCCTAGACGG-1,1
CCTCTGTACTATTCTA-1,0
CCTGAACGATATATTC-1,0
CCTGAATATTTACATA-1,0
CCTGACCACCGATGGT-1,0
CCTGCCCGTTGTCTAG-1,0
CCTGCGTTCTACGCTT-1,0
CCTGCTATTTGAGAAG-1,0
CCTGGAAACGTTCTGC-1,1
CCTGGCTAGACCCGCC-1,0
CCTGTAAGACATGATA-1,1
CCTGTACTCACGCCCA-1,0
CCTGTCACCCGGGCTC-1,0
CCTGTCCCTCACGTTA-1,1
CCTGTCGCCCGTAAAT-1,1
CCTGTTTGAAGACACG-1,0
CCTTCGTATAGAATCC-1,0
CCTTCTTGATCCAGTG-1,0
CCTTTAAGGGAGCACT-1,0
CCTTTCAATGAAGAAA-1,0
CGAAACATAGATGGCA-1,1
CGAAACGCAATTCATG-1,1
CGAACAGTATGGGCGT-1,0
CGAACCCGCATGCGTC-1,0
CGAACGCCCAGTGCCG-1,1
CGAACGGCCGGACAAC-1,0
CGAAGCTATAAATTCA-1,0
CGAAGTTGCTCTGTGT-1,1
CGAATGACGCATAATG-1,0
CGACAATTTGATCTAA-1,0
CGACACGCTCCGACAG-1,0
CGACAGTTCGCGTTAT-1,1
CGACATGCGATCTTCT-1,0
CGACCCTTAACGCCGG-1,0
CGACGCATCCGTACCT-1,0
CGACTCAGGATGTTAT-1,1
CGACTTTGTATAGCCT-1,0
CGAGACCCTAGAGTGT-1,0
CGAGAGATGTGAACCT-1,0
CGAGAGCTTTCACTAC-1,0
CGAGAGGGTAGCCGCG-1,1
CGAGCACTTCAAGTTT-1,0
CGAGCGTTGATCAGCC-1,0
CGAGCTGGGCTTTAGG-1,1
CGAGGCTAAATATGGC-1,0
CGAGGGACTGCGGTCG-1,0
CGAGGGTATCCAGGTG-1,1
CGAGTACTAAAGAGGA-1,1
CGAGTGAAGGTACCAG-1,1
CGAGTGCTATAGTTCG-1,0
CGAGTTCTGTCCCACC-1,0
CGAGTTTATCGGACTG-1,0
CGATACCTCGCGGACA-1,1
CGATCCGACCCAGTGC-1,1
CGATCCTCGCAACATA-1,1
CGATCTGTTGGAGGAC-1,0
CGATGGACCCTACGCC-1,0
CGATTAAATATCTCCT-1,1
CGATTCGCCTGGCTGC-1,1
CGCAAACACGAGTTAC-1,0
CGCAATTACTTTCGGT-1,1
CGCAATTAGGGTAATA-1,0
CGCAATTCTACAATAA-1,0
CGCACATGTCCACTAC-1,0
CGCACGTGCGCTATCA-1,1
CGCAGAAACATTTGCG-1,0
CGCAGGCGATCCAAAC-1,1
CGCATGGTGCGATGCT-1,1
CGCATTAGCTAATAGG-1,0
CGCCAAGAAGCCGAGT-1,0
CGCCACAGGTCGCGAT-1,0
CGCCATCCGATTATGA-1,1
CGCCCAGCGTTTCACG-1,0
CGCCCGCTTCCGTACA-1,0
CGCCGCCCATGCCTGT-1,0
CGCCTCCCTCCTCTAT-1,1
CGCCTGGCCTACGTAA-1,0
CGCGACCGCGACAGAT-1,0
CGCGAGTCTGCCGGGT-1,0
CGCGCAAATGTCCAGA-1,0
CGCGCATGTTTGATTG-1,0
CGCGCCCGACTTAATA-1,1
CGCGGCTCAACTTGAA-1,0
CGCGGGAATTAGGCAG-1,0
CGCGTTCATGAAATAC-1,0
CGCTACGGGACATTTA-1,1
CGCTAGAGACCGCTGC-1,1
CGCTATACCGCCCACT-1,0
CGCTATTCAATGTATG-1,1
CGCTATTCTTAGGCTC-1,1
CGCTCGACATAATGAT-1,0
CGCTCTCCGTAGATTA-1,1
CGCTGGTGACTACCCT-1,0
CGCTGTGACGCCGCAC-1,0
CGCTGTGTGGATGTTG-1,0
CGCTTAGTATTGATAC-1,0
CGCTTATTCCCGGTCG-1,1
CGCTTCCACTGAAATC-1,0
CGCTTTCATACCGGTG-1,1
CGCTTTCTTGCATTCG-1,1
CGGAACGTAAACATAG-1,0
CGGAGCAATTTAATCG-1,0
CGGAGCATGGCGATCC-1,0
CGGAGCTTATAACACC-1,1
CGGAGTTTGAGAGACA-1,0
CGGATCCTCAAGGACT-1,0
CGGCAAACATCGTGCG-1,0
CGGCAGGGTCGGGTTG-1,0
CGGCCACGCACAAAGT-1,1
CGGCCAGAGCGACCAT-1,1
CGGCCCAACCTGTAGT-1,0
CGGCCCAGGTATATCC-1,0
CGGCGCCATCAATCCC-1,0
CGGCTCTAAAGCTGCA-1,1
CGGCTTTGTATGATAA-1,0
CGGGAATATAGTATAC-1,0
CGGGAATTTATGTAAA-1,1
CGGGAGCTTCAGTGTA-1,0
CGGGATCAATGTAAGA-1,0
CGGGCAGCTAAACCGC-1,1
CGGGCCTTCTTTGTAA-1,0
CGGGCGATGGATCACG-1,0
CGGGTGTACCCATTTA-1,1
CGGTACTAGAATCAAA-1,0
CGGTAGAGGTGCAGGT-1,1
CGGTCAAGTGGGAACC-1,0
CGGTCCGTCGCAAGCC-1,0
CGGTCTATCAACCCGT-1,0
CGGTGAAGACTAAAGT-1,0
CGGTGCAGATAGAACG-1,0
CGGTGCGCGTTGGTCC-1,0
CGGTGGGCTCCAGCCT-1,0
CGGTGTACTTGATCCC-1,0
CGGTTATCCAACAGTG-1,1
CGGTTCAAGTAGGTGT-1,0
CGGTTGACCTGGCATA-1,0
CGTAACTTCGACACTT-1,0
CGTACCTGATAGGCCT-1,0
CGTAGCGAATTGTCAG-1,1
CGTATTAAGAGATCTA-1,1
CGTCAAGGCTATAAAT-1,0
CGTCACGTCCATTGGT-1,1
CGTCGCATGTGAGCCA-1,1
CGTCGCTTGGTTATAC-1,0
CGTCGGATAGTGTTGA-1,1
CGTCGGGTCTAAGCGC-1,0
CGTCGTCCTTCGCGAA-1,0
CGTCTGGAAGGGCCCG-1,1
CGTGAAGTTAATTCAC-1,1
CGTGACATTGGGTCGT-1,0
CGTGACCAGTCCTCTG-1,0
CGTGCAGACTGGGACA-1,1
CGTGCATTGTCGACGC-1,1
CGTGCCCTCCCGAAGA-1,1
CGTGCTTCTACCTAAA-1,0
CGTGGCCGAATATCTA-1,0
CGTGGTACCCAAAGGC-1,1
CGTGTCCCATTCGCGA-1,0
CGTGTCTCGTTACGAC-1,0
CGTTAAACTAGTTAGG-1,1
CGTTAATGTCCCGACG-1,0
CGTTAGCTCACAACTG-1,1
CGTTCAGACCCGCGAA-1,1
CGTTCATGGTGCGCGT-1,0
CGTTGAATACCGCGCT-1,0
CGTTGAGCGACCGTCG-1,1
CGTTGTAAGATTGATT-1,0
CGTTGTCGGCAATTGA-1,1
CGTTGTTTCAATTCCC-1,1
CGTTTAAGCGGAGCAC-1,0
CGTTTCACTTCGGGCG-1,1
CGTTTCGCTCATTACA-1,0
CGTTTGTGTAGAGGGT-1,1
CTAAAGAATGCCTACT-1,1
CTAAAGGGAAATAGGA-1,0
CTAAATCCGGTGTACA-1,0
CTAAATCCTATTCCGG-1,0
CTAACCGCGCGCCCGT-1,0
CTAACGAAACTTGCTG-1,1
CTAACTGATAATCGCC-1,1
CTAACTGGTCCGGTTC-1,0
CTAAGGGAATGATTGG-1,1
CTAATTCGCACGCGCT-1,0
CTAATTCTCAGATATT-1,0
CTAATTTCAACAACAC-1,0
CTACACTCGCAGATGG-1,1
CTACCCTAAGGTCATA-1,1
CTACGACTAGCTATAA-1,0
CTACGCACGGAGTACC-1,1
CTACGCCATTTCCGAT-1,1
CTACTATCATAGGTTT-1,0
CTACTATCTTTCAGAG-1,1
CTACTCAAGGTATAGT-1,0
CTACTCTAGGCCCGGC-1,0
CTACTGCCACCTGACC-1,0
CTAGATGTGAGTGTAA-1,1
CTAGATTTACGACGGC-1,1
CTAGCATAGTATAATG-1,1
CTAGCCGATGTTATGA-1,0
CTAGGCGCCCTATCAG-1,0
CTAGGTCTGAAGGAAT-1,1
CTAGGTTCGGACGTGA-1,1
CTAGTAGAAAGGGATT-1,0
CTAGTATTCGGAATTA-1,1
CTAGTCACGTCTTAAG-1,1
CTAGTGAAGGACAGGA-1,1
CTAGTTACAACCCGGT-1,0
CTAGTTGGGCCCGGTA-1,0
CTATAAGAGCCAATCG-1,0
CTATCGACGAAATACA-1,0
CTATCGGGTCTCAACA-1,1
CTATGCCCGAATGCAA-1,0
CTATGGGAAGCGGAAT-1,1
CTATGTCACTAGCCCA-1,1
CTATGTCTATTGAAAC-1,0
CTATTCATGTGTCCCA-1,0
CTATTTGGTTACGGAT-1,0
CTCAAACCACTGCCCG-1,1
CTCAACTAACCCGGAT-1,0
CTCACATTTACTAAAT-1,1
CTCACTGTGATACTTA-1,1
CTCACTTGGCTGGTAA-1,0
CTCAGGACTCACCTGT-1,1
CTCAGTCACGACAAAT-1,0
CTCATGGCTCACAATC-1,1
CTCATGGTAATTTGCG-1,0
CTCATTGCTCTAACAA-1,0
CTCATTTGATGGGCGG-1,0
CTCCCTCCTTTCGATC-1,0
CTCCGGCCTAATATGC-1,1
CTCGAGGTCGAACAGT-1,0
CTCGATATTTGCGAGC-1,0
CTCGCACCTATATAGT-1,0
CTCGGGTTCTCTGGCC-1,0
CTCGGTACCACTGCTC-1,1
CTCGGTCCGTAGCCTG-1,0
CTCGGTTGTCGGCCCT-1,0
CTCGTTTCTAATGTTT-1,0
CTCTAATGCATTGATC-1,0
CTCTACACTGGCGATT-1,0
CTCTATTTGGCTGCAG-1,1
CTCTCACAATCGATGA-1,1
CTCTCTAACTGCCTAG-1,0
CTCTGGACGCCTGGTG-1,1
CTCTGTTTGAGGATTC-1,1
CTCTTCTATTGACTGG-1,0
CTCTTCTGGAAGTTAG-1,1
CTCTTGTCCCGCTTGG-1,0
CTGAAAGAGATCCGAC-1,1
CTGAATCCGAGACCTC-1,1
CTGAATTTATTGCCAG-1,0
CTGACTGCGCAGCTCG-1,1
CTGAGCAAGTAACAAG-1,0
CTGATAGTGTATCTCA-1,0
CTGCACAACTACATAT-1,1
CTGCACCTGGAACCGC-1,0
CTGCACTCCAGTACAG-1,0
CTGCCAAGGTTGGAAG-1,1
CTGCCATGCATCACAT-1,1
CTGCCTTTAATACCTT-1,0
CTGCCTTTCTAGTAAA-1,0
CTGCGGGTGAAATGTT-1,0
CTGCGTTACGATATAA-1,1
CTGCTGAGGCCACGAA-1,0
CTGCTTGGCGATAGCT-1,1
CTGGAAATGGATGCTT-1,1
CTGGAAGACACGGTGG-1,0
CTGGACGCAGTCCGGC-1,0
CTGGATTTACACTTGA-1,0
CTGGCATCCGAATGAG-1,0
CTGGCGACATAAGTCC-1,1
CTGGCGCACAGGTCTG-1,0
CTGGCGGGAATAAGTA-1,0
CTGGCTGATTCATCCT-1,0
CTGGCTGGTTGTCAGT-1,0
CTGGGATAAATAATGG-1,0
CTGGGCCTGCTATATC-1,0
CTGGGTAGGCAGTTAA-1,0
CTGGTAACACATAGAA-1,0
CTGGTAACGAGCTCTT-1,1
CTGGTTTCGAGCAAGA-1,0
CTGTAGTGAGGATCGA-1,0
CTGTATGGTGTAGAAA-1,1
CTGTCAAATGGCTCGG-1,1
CTGTGCAGGGTAGGTC-1,1
CTGTGGTCGGGAGATA-1,0
CTGTTACCCAATCTAG-1,0
CTGTTCACTGCCTGTG-1,0
CTGTTCATCTCACGGG-1,1
CTTAACTTCGAAGTAC-1,0
CTTACACGGTATTCCA-1,1
CTTACACTGGGAAATA-1,0
CTTAGCCTTCCACATG-1,1
CTTAGTAGGCCTACAG-1,1
CTTAGTGTAGTAGCAT-1,0
CTTATGCGCTCAGGGC-1,0
CTTCAACTCCACTTGG-1,0
CTTCAGTGGTCGCCTA-1,0
CTTCATAGCTCAAGAA-1,1
CTTCATTGTCAGTGGA-1,1
CTTCGGCCAATTGTTT-1,0
CTTCGTAGATAGGTGA-1,0
CTTCTATGTTGAAGTA-1,0
CTTCTATTAATGCTAG-1,0
CTTCTGGGCGTACCTA-1,1
CTTCTTACGTCGTATA-1,1
CTTGACCCGAAAGATA-1,0
CTTGAGTTAGGGTAAT-1,0
CTTGCAACCGCCTCCT-1,0
CTTGCCCAGGCTCTAC-1,1
CTTGGCCAAGCTGGGA-1,0
CTTGTACTTGTTGACT-1,0
CTTGTCAACATTCGAG-1,0
CTTGTGAGTCTTTGAC-1,0
CTTGTGCTCACCGATT-1,0
CTTGTTGCTGAGTCAA-1,0
CTTGTTTATGTAGCCA-1,0
CTTTAACTTTCAAAGG-1,0
CTTTAATATTGGTCGA-1,0
CTTTACCGAATAGTAG-1,1
CTTTAGGAACACTGTT-1,0
CTTTAGTGCTATTATT-1,0
CTTTCTGTGCGGGCTT-1,0
CTTTGCATCGCTCTTG-1,0
CTTTGGCGCTTTATAC-1,0
CTTTGGCTTTAGTAAA-1,1
CTTTGGGATTGTTGCA-1,0
GAAACAGATGACCACC-1,0
GAAACAGCCATGCAGT-1,1
GAAACATAGGAAACAG-1,0
GAAACCATGGTGCGCT-1,0
GAAACCGAATTACCTT-1,1
GAAACTCGTGCGATGC-1,0
GAAACTCTAATGAAGG-1,0
GAAAGAACAGCGTTAT-1,1
GAAAGCCCTTTGGACC-1,0
GAAAGTGACTAACTGC-1,0
GAAATACTAAACGTTT-1,0
GAAATATCACCATCAG-1,0
GAAATCGCGCGCAACT-1,1
GAAATGGCGGTGTTAG-1,1
GAAATTAGCACGGATA-1,0
GAAATTCACATCGCTG-1,0
GAAATTGTCTCTATAA-1,0
GAACACACATCAACCA-1,0
GAACAGATTACTAAAT-1,0
GAACCTCGACCTACAC-1,0
GAACCTTTAACGATCC-1,1
GAACGACCGAATGATA-1,1
GAACGTCTCATGGTCG-1,1
GAACGTTAGGAAGACG-1,1
GAACTGTGGAGAGACA-1,0
GAAGAAACGATATTGT-1,0
GAAGAACGGTGCAGGT-1,1
GAAGCCACTGATTATG-1,1
GAAGCCTGCACATTCC-1,0
GAAGCGTGAGGAATTT-1,1
GAAGCTCGGACCCGTC-1,0
GAAGCTTGCTGACCGC-1,0
GAAGGAGTCGAGTGCG-1,1
GAAGTCAGTTGCACTA-1,0
GAAGTCTCCCTAGCGA-1,0
GAAGTGATTTATCGTG-1,1
GAAGTGCTGGATAGCT-1,1
GAAGTTTCCACTCAAT-1,0
GAATAGACGCGACCCA-1,0
GAATAGTGCTCGATTA-1,0
GAATATTCGGAGTCCC-1,0
GAATCGACATGGTCAC-1,0
GAATCGCCGGACACGG-1,0
GAATCTGAACATTCTC-1,1
GAATGCGAATCGGTTC-1,1
GAATGTATGGCAGGTC-1,1
GAATGTGGTCCGGATT-1,0
GAATGTTGGGTAATCT-1,0
GAATTATAGTGAAAGG-1,1
GAATTCACCCGGGTGT-1,1
GAATTTCTCGCTGCAG-1,0
GACAAACATATGCAGG-1,0
GACAACGACCATTGAA-1,0
GACAACGCAGCTTACG-1,1
GACACAAGGGAAGAAA-1,0
GACACGAGTTAGAGGA-1,0
GACACTGAGTTCAGTG-1,1
GACAGCCAGACCTGAC-1,0
GACAGGCACACACTAT-1,0
GACATCCGTCGAACTG-1,1
GACATCGATTTATAAC-1,0
GACCAGAGCCCTGTAG-1,1
GACCCAATTATGATAC-1,0
GACCCGTCGCCGGCTA-1,0
GACCGACGTGAAAGCA-1,1
GACCGACTGAAGCGTC-1,0
GACCGTCAGGTCGTGA-1,1
GACCGTGCTGACGGTG-1,0
GACCGTTACATGCGAC-1,0
GACCTTCCACGTCTAC-1,1
GACGACGATCCGCGTT-1,0
GACGAGGCTAATAAAC-1,1
GACGCCGTAAAGGCTA-1,1
GACGGTCAATAGAAGC-1,1
GACGTGTAGGGATTAT-1,0
GACTAAGATCATGCAC-1,0
GACTAAGTAGGCTCAC-1,0
GACTACAAAGCGGTGG-1,0
GACTAGGCCGTTAGGT-1,0
GACTCACCCACGTGAG-1,1
GACTCCCAGAATAAGG-1,0
GACTCGCGGGAATGAC-1,1
GACTGCAAATCGAGCT-1,0
GACTGCACCAGCCCAG-1,0
GACTGCGGCACGTGTA-1,0
GACTGCTGGTGAGAAA-1,0
GAGACTGATGGGTAGA-1,1
GAGACTTCGCGACCGA-1,0
GAGAGGGCGCGAGGTT-1,1
GAGAGGTGCATTCTGG-1,0
GAGATCTGCTTGGCAT-1,1
GAGATCTGTCACTCCG-1,0
GAGATCTTCCATGACA-1,0
GAGATGGGAGTCGACA-1,0
GAGCATCAACAACTTG-1,1
GAGCATCATCCCTGGG-1,0
GAGCCACGGTAGTAGG-1,0
GAGCCAGCTACCTGTG-1,0
GAGCGAGGGAGTACCG-1,1
GAGCGCAAATACTCCG-1,1
GAGCGCGCACGAGTAG-1,0
GAGCGCTGTTAGGTAA-1,0
GAGCGGAATGCGGTGT-1,0
GAGCTAAGGGCATATC-1,1
GAGCTCTCGGACCTAA-1,0
GAGGAATGGAGAGGTT-1,0
GAGGATAAACAGTGCT-1,1
GAGGCCCGACTCCGCA-1,0
GAGGCTATCAAAGTCG-1,0
GAGGGAGTCAGATCGC-1,1
GAGGGCATCGCGTATC-1,0
GAGGGCGCAGCTCTGC-1,1
GAGGGTAGTAACAAAG-1,0
GAGGTACATCCATCTT-1,1
GAGGTACGCGTGTCCC-1,0
GAGGTCCCAAAGATCT-1,0
GAGTAAGGCCACGGGA-1,0
GAGTACGGGTATACAA-1,1
GAGTAGATACTAGTTG-1,1
GAGTATGCCCGCCTTG-1,0
GAGTATGCGCGTGCAT-1,1
GAGTCCGCTTACCGGA-1,0
GAGTGTCAACCAGAAA-1,0
GAGTGTGCGGTACCCA-1,0
GAGTTGATGGCAATTT-1,0
GATAAATCGGTGGATG-1,1
GATAACTCGCACTGTG-1,0
GATACGATGGGAGTCA-1,1
GATAGGTAACGTTGAC-1,1
GATAGTGCGAGTAAGT-1,0
GATATCTCATGCAATA-1,0
GATATGAGACACTAAC-1,0
GATATGCGGTAGCCAA-1,1
GATATGGATTACGCGG-1,0
GATATTTCCTACATGG-1,1
GATCAACATAAAGGGA-1,1
GATCATTCCAAACATT-1,1
GATCCCTTTATACTGC-1,0
GATCCGGGAATTAACA-1,1
GATCCTAAATCGGGAC-1,1
GATCCTCGACACTGGC-1,0
GATCGACACTATCTGA-1,0
GATCGCGGGCTCTCCA-1,1
GATCGCTACCCGATTT-1,0
GATCGCTATATCTCAG-1,0
GATCGGATAGAACCAT-1,0
GATCGGTGGCCATAAC-1,0
GATCGTGACTGATATC-1,1
GATCTGCTATCTAAGG-1,0
GATCTTGGAGGGCATA-1,1
GATCTTTGCAGGGTAT-1,1
GATGACAAGTAGGGCA-1,1
GATGAGGAACCTTCGG-1,0
GATGCGTCCTGCATTC-1,1
GATGCTACAAGCGCCT-1,1
GATGCTGTATTTCATC-1,1
GATGGCGCACACATTA-1,0
GATGGTGCCCTAGGCA-1,0
GATGTAACGAACCACC-1,0
GATGTCGGTCAACTGC-1,0
GATGTTCAATCCACGA-1,1
GATGTTTGTGCGAGAT-1,1
GATTAACCGAAAGCCC-1,0
GATTCCCTTGTCGCAG-1,0
GATTCCTATACGGCGC-1,0
GATTCGACGGTTCACG-1,0
GATTGCTCCAGTTGCA-1,0
GATTGGGAAAGGTTGT-1,0
GCAAACCCTACATTAT-1,0
GCAAACCTTGGCCATA-1,1
GCAAATATTACGCTTT-1,1
GCAACACACTAGAACT-1,0
GCAACAGCAGTATGCG-1,1
GCAACCACCAGACCGG-1,1
GCAACCACGGCCGCGT-1,0
GCAACGGCTAGTTATG-1,1
GCAAGAATTCCTTGGC-1,1
GCAAGTGCACAGAGAA-1,0
GCAAGTGTAAAGCATG-1,0
GCACAAACGAGGCGTG-1,1
GCACAAGTGTCGGAAG-1,0
GCACACACTGGTAGCC-1,0
GCACACGCCCATGGTC-1,1
GCACGCCTACTTAGAT-1,1
GCACTGCCTACCTTTA-1,1
GCAGACCCAGCACGTA-1,1
GCAGATTAGGGATATC-1,1
GCAGCACACAGCCCAG-1,1
GCAGCCTATATCACAT-1,0
GCAGGAACTTAGATCT-1,0
GCAGGACTATAGAATA-1,1
GCAGGTAGAGTATGGT-1,1
GCAGTGTGGCTATAGG-1,0
GCATACGAGGTCTTTA-1,0
GCATAGAGCACTCAGG-1,1
GCATCCCTAACTTTGA-1,1
GCATCGGCCGTGTAGG-1,0
GCATGAGGGACGCGGC-1,1
GCATTCAAGGCAACGC-1,0
GCATTCGAAATGAACA-1,0
GCATTGTAATTCATAT-1,0
GCATTTCCAAGGCTCC-1,0
GCCAACCATTTCCGGA-1,0
GCCAAGAATACTTCTG-1,0
GCCAATAGGGCATCTC-1,0
GCCACAATTTAAGGAC-1,1
GCCACTCAGAGCGCGA-1,0
GCCAGGAGTAACCGAT-1,1
GCCATATTGCACACAG-1,1
GCCATCGAGCTGCGTG-1,0
GCCATCGATGCTGCAT-1,0
GCCATTAGCCTCAAAC-1,0
GCCCACCAAGGCTGTC-1,0
GCCCAGTTGGTATGCC-1,1
GCCCGACTTCTTCCCG-1,0
GCCCGATCTGTGGTCG-1,0
GCCCGCGCGTAAACGG-1,0
GCCCGCGCGTTTGACA-1,1
GCCCGTAATACCTTCT-1,0
GCCCTAGCCGTCGCGA-1,0
GCCCTGAGGATGGGCT-1,0
GCCGAAATTCCTACGT-1,0
GCCGACCCACGACTGC-1,0
GCCGATTGGCCAAGCT-1,0
GCCGCATTAGTCCGGC-1,1
GCCGCTTGTGAGAAAC-1,1
GCCGGGTTAGGGTCGC-1,1
GCCTAGCGATCTGACC-1,1
GCCTATAGTGTCAGGG-1,1
GCCTATTCCGATATAG-1,0
GCCTATTTGCTACACA-1,0
GCCTCATCTGGAAATA-1,0
GCCTCCGACAATTCAC-1,0
GCCTCTATACATAGCA-1,0
GCGAAACTTAACTGGA-1,0
GCGAAGAATCTGACGG-1,0
GCGAAGCCATACCCGT-1,1
GCGACCCAACCATCTG-1,0
GCGACGATAGTTGTAC-1,0
GCGAGAGTTGCGTCCA-1,0
GCGAGCGCATGCTCCC-1,0
GCGAGGCCCGAGCAGA-1,0
GCGAGTTCTGCAAAGA-1,1
GCGATTCTGGAAGCAG-1,0
GCGATTGTTAACGTTA-1,1
GCGCAAATATATTCAA-1,0
GCGCAAGAGCGCGCTG-1,1
GCGCATCCAGTCAGCA-1,1
GCGCCGTTCCACGATA-1,1
GCGCCTCCCACTCCGA-1,1
GCGCGGTCTAGTAACT-1,0
GCGCTAATTGAATAGA-1,1
GCGCTATGCCGAGGCA-1,1
GCGCTGATCCAGACTC-1,1
GCGCTGCTTTGCATTT-1,1
GCGCTTAAATAATTGG-1,0
GCGGACCGCGTTGTGG-1,0
GCGGAGAAACTTCGCA-1,1
GCGGAGAGGGAGAACG-1,0
GCGGCAAAGTATTGCC-1,0
GCGGCTCTGACGTACC-1,0
GCGGGAACCAGGCCCT-1,1
GCGGTCCCTAGACGCA-1,0
GCGGTGAACTGCGCTC-1,0
GCGGTTCCCTATCATG-1,1
GCGTAAATGGCCATAA-1,1
GCGTCGAAATGTCGGT-1,1
GCGTCGCCAGGGTGAT-1,0
GCGTGGTACTGGGTTA-1,1
GCGTTATATTTGGAAC-1,0
GCGTTCGGAGACCGGG-1,0
GCTAAACCTGAGGTGA-1,0
GCTAACTGAAGTCTGA-1,0
GCTAAGTAAAGGCGAT-1,0
GCTAAGTAGTTTCTCT-1,0
GCTAATACCGAATGCC-1,0
GCTACAGTACGGACCG-1,0
GCTACGACTTATTGGG-1,1
GCTACTATAGTAGAGT-1,0
GCTAGACCGTCTACTG-1,0
GCTAGAGTAGAGATGT-1,0
GCTAGCTTGAATAGCT-1,0
GCTAGGCACCACGGAG-1,0
GCTAGTAGAGCTTGTA-1,1
GCTAGTTTCATTGAGG-1,0
GCTATACGTCTCGGAC-1,1
GCTATCGCGGCGCAAC-1,0
GCTCAATCCGTTTATT-1,1
GCTCAATGTAATACCG-1,0
GCTCATTACTGCATGT-1,0
GCTCCATGCAAAGCAA-1,0
GCTCCCAGTCGGTCCA-1,1
GCTCCGCTCGCTTCAG-1,1
GCTCCTGACATACTGG-1,1
GCTCGGAATTTAAAGC-1,1
GCTCTAAACCCTGACG-1,0
GCTCTATGTTACGTGC-1,0
GCTCTCGGGTACCGAA-1,0
GCTCTTTCCGCTAGTG-1,0
GCTGAATCTTCCAATC-1,0
GCTGAGGCGTGAGTAT-1,1
GCTGCACGGTTTCTTA-1,1
GCTGCTACTGCGTAGC-1,1
GCTGCTCTCCGGACAC-1,1
GCTGGCATATTCACCT-1,0
GCTGGCGGCGCATGCT-1,0
GCTGTATTACTGGCCC-1,1
GCTGTTGCTACCGAAC-1,0
GCTTAATGTAACTAAC-1,0
GCTTACGTAGTTAGTA-1,1
GCTTATGAAGCAGGAA-1,1
GCTTCCGTCCCTAGAC-1,0
GCTTGATGATAATCAG-1,1
GCTTGGATCGATTAGG-1,1
GCTTTCAGAGGAGGTG-1,1
GGAAACCTTGTTGAAT-1,0
GGAAAGTGCCCATGCC-1,1
GGAACCGTGTAAATTG-1,0
GGAACCTTGACTCTGC-1,0
GGAAGCTCGCTTACAG-1,1
GGAATGCGCTAGCGTG-1,1
GGACACAAGTTTACAC-1,1
GGACCAACAGGATAAC-1,0
GGACCTCTAGGCCGCC-1,0
GGACTCGACAGCGCAT-1,0
GGACTCGTGAGTGGTC-1,1
GGAGAAGTCATTGGCA-1,1
GGAGACGACACCTTTG-1,1
GGAGCAACATTTCAAG-1,1
GGAGCACCAAGAACTA-1,1
GGAGCGAGGCCTACTT-1,1
GGAGGGCTTGGTTGGC-1,0
GGAGTGCCGCCCTGGA-1,1
GGATACTCATGAATTG-1,0
GGATCATCCCGTACGC-1,0
GGATCCGGAATATACT-1,0
GGATCTTACTGCCCTT-1,0
GGATCTTGACTCAACC-1,0
GGATGAAGATCGCTGA-1,0
GGATGACGCGAGTTTA-1,1
GGATGCTGGCGTTCCT-1,0
GGATGTCCTTACCGCA-1,1
GGATTCAGTACGGTGG-1,1
GGATTCCGCTATACCC-1,1
GGATTGCTGTGACTCC-1,0
GGATTTCACTTCTATA-1,1
GGCAAAGGCGCCAATA-1,1
GGCAAATTACTTTACT-1,0
GGCAAGCCCATAGTGG-1,1
GGCAAGGCGAAATAGC-1,1
GGCAATAGTCAATGAG-1,0
GGCACTCCACTGGGCA-1,1
GGCAGCAAACCTATGC-1,1
GGCATACAGGTAGCGG-1,1
GGCATATCGGTTCTGC-1,0
GGCCCTCACCCACTTA-1,0
GGCCGAGACTCTGGTG-1,0
GGCCGGCGTCTGCTAT-1,0
GGCCGTTTGGGTTTCA-1,0
GGCCTTTGCAACTGGC-1,0
GGCGAAATCTAACTTG-1,0
GGCGCAGGACATCTTC-1,0
GGCGCATGAATTGATG-1,0
GGCGCGGAGATCTTTC-1,0
GGCGCGTTCGAGTTTA-1,0
GGCGCTTCATTCCCTG-1,0
GGCGGAGTAATATTAG-1,1
GGCGGTAGGATCATTG-1,1
GGCGTAGGGAAAGCTG-1,0
GGCGTCCTATCCGCTG-1,0
GGCTAAAGGGCGGGTC-1,0
GGCTATTAAGTTGTAT-1,1
GGCTCCTCCACCTGTT-1,0
GGCTCGCGTTGAGGTA-1,1
GGCTCGTGCCACCAGC-1,1
GGCTCTGCTCCAACGC-1,0
GGCTGAAATAGCAAAG-1,0
GGGAACGGGAGGTTAG-1,0
GGGAACGGTTTCAGAT-1,1
GGGAAGACGGTCTGTC-1,1
GGGAAGGGCTTTCTCA-1,0
GGGACAGAGTTACTCC-1,0
GGGACTGCATAGATAG-1,1
GGGAGAACTCACAGTA-1,1
GGGAGGATGCCCGAAA-1,1
GGGAGTAATGGCTGGC-1,0
GGGAGTTAATGAGGCG-1,0
GGGATGGTCGTAACCG-1,0
GGGATTTACCGCACCT-1,0
GGGCAACCGCACGTGC-1,0
GGGCCCGTCTTAAACA-1,0
GGGCCCTACGAAAGGG-1,0
GGGCCGGCCGAAGTAC-1,0
GGGCCTAAATGGGCTA-1,0
GGGCGATATGTGTGAA-1,0
GGGCGGCAAATGAATT-1,0
GGGCGGGTTCCCTACG-1,0
GGGCGGTCCTATTGTC-1,0
GGGCGTACATTTATAT-1,0
GGGCGTCACCACGTAA-1,0
GGGCGTCCACTGGCTC-1,0
GGGCGTGGTTTCCCAG-1,0
GGGCTCATCGAACCCA-1,0
GGGCTGCCTAGGGCGA-1,1
GGGTACTTCATGAACT-1,0
GGGTATGTATGCACTT-1,0
GGGTATTCTAGCAAAC-1,0
GGGTCACCGTGACGGT-1,1
GGGTCAGGAGCTAGAT-1,0
GGGTCGTGGCAAGTGT-1,0
GGGTGACACCTTAACT-1,1
GGGTGCATATGAAAGC-1,0
GGGTGTTTCAGCTATG-1,1
GGGTTAACATTTGAGT-1,1
GGGTTTAGGATAGGAT-1,1
GGTAAATGTGCGTTAC-1,1
GGTAACCGGGAGGATA-1,0
GGTAACTATGTATCTG-1,1
GGTACAAACATGCTAT-1,0
GGTACATCTGGGACGA-1,0
GGTACCATTAAGACGG-1,1
GGTAGAAGACCGCCTG-1,0
GGTAGACCGTTGGGCG-1,0
GGTAGTGCTCGCACCA-1,1
GGTATAGTGACACATA-1,0
GGTATTGCCGAGTTTA-1,0
GGTCAAGACTACTTCG-1,1
GGTCAGTGGGTCCCAC-1,1
GGTCGGATAAACGGCG-1,0
GGTCGGCCAGGAGCTT-1,1
GGTCGGTAATTAGACA-1,0
GGTCGTAAGCTCGCAC-1,0
GGTCTCTGAATGGACT-1,1
GGTCTGAGAATCTGGA-1,0
GGTCTTGAGCGCTCTT-1,1
GGTGAAGTACAGGGAT-1,0
GGTGAGATGCAGATAA-1,0
GGTGATAAGGAGCAGT-1,0
GGTGCATAAATGATTA-1,1
GGTGCGGATAAGTGGC-1,1
GGTGCTGATCACAAAG-1,0
GGTGCTGGTACACATT-1,1
GGTGGACTGCTCTGGC-1,0
GGTGTAAATCGATTGT-1,0
GGTGTAGGTAAGTAAA-1,
GGTTACCACCCTCGGG-1,1
GGTTAGCTATATGTCT-1,0
GGTTAGGCTTGGAGAA-1,0
GGTTAGTTACGGCGCC-1,0
GGTTCGGATTATACTA-1,0
GGTTCTACTCGTCTGA-1,1
GGTTGTGTAGCCTGGC-1,1
GGTTTACAATCTCAAT-1,0
GGTTTAGCCTTTCTTG-1,0
GGTTTGAGTGCTGGAA-1,1
GTAACTTGCGGCAGTC-1,0
GTAAGCGGGCAGTCAG-1,0
GTAAGGATTTGTCGGA-1,1
GTAAGTAACAGTCTGG-1,1
GTAAGTAGGGTATACC-1,0
GTAATAAAGGGCTCCC-1,1
GTAATCTGATTCTTCG-1,0
GTACACTTACCTGAAG-1,1
GTACAGAGGCAAGGGT-1,0
GTACGAGATTGCGACA-1,1
GTACGCTTCATTGCAC-1,1
GTACGTTTGCCCGTCA-1,1
GTACTAAGATTTGGAG-1,0
GTACTCCCTTATCGCT-1,0
GTACTCCTGGGTATGC-1,0
GTACTGCATGAAGCGT-1,0
GTACTGGAGTTAGACC-1,0
GTACTTGGGCACTTCT-1,0
GTAGACAACCGATGAA-1,0
GTAGACGTCGTTACAT-1,0
GTAGAGGGAGACAAGT-1,0
GTAGCCAAACATGGGA-1,0
GTAGCGGCTATACACT-1,1
GTAGCTCCGGGAGGCT-1,0
GTAGCTTCCTCTTGTT-1,1
GTAGGTGATCCGTGTA-1,0
GTAGTCGCGGGAATCA-1,0
GTAGTCTACGATATTG-1,1
GTAGTTCGAAGGCGAA-1,1
GTATAGGACTCAGTAG-1,1
GTATCAAACGTTAGCT-1,0
GTATCAGCTTGGGTTC-1,1
GTATCCTTTGGTAACC-1,0
GTATCTCAGTCTTGAC-1,0
GTATCTTTCATAACCA-1,1
GTATGAAATTTCACTC-1,0
GTATGTGGGTCTAGTT-1,0
GTATTAAGGCGTCTAA-1,0
GTATTCTGAGAAACGA-1,0
GTCAAAGAAGTGGTGT-1,0
GTCAAAGTTTACATAG-1,0
GTCAAGCGGACTCGGG-1,0
GTCACAAAGTTTCCAA-1,0
GTCACTCTCCAAATCT-1,0
GTCAGAATAGTCTATG-1,0
GTCAGTTGTGCTCGTT-1,0
GTCAGTTTGGTAGTCG-1,0
GTCATGCACCTCCGTT-1,0
GTCATGGACATGACTA-1,0
GTCATTAGAGCGAACG-1,1
GTCATTGCATTGACCC-1,0
GTCCAATATTTAGCCT-1,0
GTCCATTACTGCTACG-1,0
GTCCCAACGTAAAGTA-1,0
GTCCGGACCTGAAATT-1,1
GTCCGGCTGAATTGCG-1,1
GTCCGGGTTCACATTA-1,0
GTCCTACGAATAGTCT-1,0
GTCCTTCTAGTGGGTT-1,1
GTCGCGTAACCCGTTG-1,1
GTCGGATATCTCAGAC-1,1
GTCGGATGTAGCGCGC-1,1
GTCGTACCATCTCGGG-1,1
GTCGTACCTACGATTG-1,0
GTCGTATTGGCGTACA-1,0
GTCGTGTCTGGTCATC-1,0
GTCGTTATTCGCTTAT-1,1
GTCTACTCAATTACAA-1,0
GTCTATCTGAGTTTCT-1,1
GTCTATTGGTTCCGGT-1,0
GTCTGGGCGGTCGAGA-1,0
GTCTTAGTACAGCCGG-1,1
GTCTTGTAGCTATTCA-1,1
GTGAAACGGCGCCACC-1,1
GTGAAACGTGCTCCAC-1,0
GTGAACTCCCATTCGA-1,1
GTGAAGATTTCAAGTG-1,0
GTGACAGCTTCCCACT-1,1
GTGACCGCACACTACG-1,0
GTGACGAGGGTGACCC-1,0
GTGACGCAGGTTTCAT-1,1
GTGACTTCAGTAGTGC-1,1
GTGAGCGTGCTGCACT-1,0
GTGAGGACACTTAAGG-1,0
GTGAGGAGCGGTTGAG-1,1
GTGAGTGGTACAACGC-1,0
GTGATCACTAACGCCT-1,0
GTGATCATAGATCTGC-1,1
GTGATCCTTGTCATGA-1,0
GTGATTCGCCGCTCAA-1,0
GTGCAACAAATGTGGC-1,1
GTGCACCAGCTTCAAC-1,0
GTGCACGAAAGTGACT-1,1
GTGCCATCACACGGTG-1,1
GTGCCCGTTCGGATTC-1,0
GTGCCGCTTCAAAGGT-1,0
GTGCGAAATCGAACAC-1,1
GTGCGGGTCTCCAAAT-1,1
GTGCGTGTATATGAGC-1,1
GTGCTCAAGTACTGTC-1,0
GTGCTGCAGATAAGGA-1,0
GTGGAACCTACATGCG-1,0
GTGGACCAACCCGATT-1,0
GTGGACGCATTTGTCC-1,0
GTGGACGTGCTGAGAC-1,0
GTGGAGTCGGCGGTTG-1,0
GTGGCAAACAGCGGCA-1,0
GTGGCGGTCCCAGCGT-1,0
GTGGGAAGACTGAATC-1,0
GTGGGCTTAGACACAC-1,0
GTGGTGGCCAAGTGAA-1,0
GTGGTTACTTCTTTCG-1,1
GTGGTTTCCGCCTTTC-1,1
GTGTACCTTGGCTACG-1,0
GTGTCAGTGTACGTGG-1,0
GTGTCGTATAGCGTTC-1,0
GTGTGAATAACTTAGG-1,1
GTGTTACTATGCGTCC-1,1
GTTAAAGTAGGACTGG-1,0
GTTAACATCACTTAAA-1,1
GTTAACTATGTTGTCA-1,1
GTTAATGTCTATCTTA-1,0
GTTACAATTGGTGACG-1,1
GTTACCTACAACTTGC-1,1
GTTACTTTGGGCCTAG-1,0
GTTAGCCCATGACATC-1,0
GTTAGCCGTAAATCAA-1,0
GTTAGGCTACCCGTTT-1,0
GTTATAATACGGTGAA-1,0
GTTATATTATCTCCCT-1,0
GTTCACAGGAGTCTAG-1,1
GTTCATCGTTTGGCTG-1,1
GTTCCAGTCTGACCAT-1,0
GTTCGCCATAAGTGCC-1,1
GTTCGGATCGGGAACA-1,1
GTTCGGGCGTACCATT-1,0
GTTCGTCTAAAGAACT-1,0
GTTGAACCGGTTCCAT-1,1
GTTGAGTCCCGCCGGT-1,0
GTTGCACGGAGTTTCG-1,0
GTTGGATTCAGTGGCT-1,0
GTTGGATTGAGAACAC-1,1
GTTGGATTTGCGTTGG-1,1
GTTGGTCATGCTATCC-1,0
GTTGTCGTGTTAGTTG-1,0
GTTTACGTTCCATCTG-1,1
GTTTCATATCGTCGCT-1,0
GTTTCCTGGAGGGTGA-1,0
GTTTCTGCAGTCTCCC-1,1
GTTTGACCAAATCCTA-1,0
GTTTGGCCCAAGTTAT-1,1
GTTTGGCCGCTCAGCG-1,1
GTTTGGGCTTGTGAGC-1,0
GTTTGGGTTTCGCCCG-1,0
GTTTGGTAGGGTCAAC-1,0
GTTTGGTGATCGGTGC-1,0
TAAACCCAGGAGGGCA-1,0
TAAAGAGCCCGAAACC-1,1
TAAAGCGTTAGGAGAA-1,1
TAAAGCTGCAATAGGG-1,0
TAAATGAATCCGTTTC-1,0
TAACAAAGGGAGAAGC-1,1
TAACAATATTTGTTGC-1,0
TAACAGCGTTTGTGCT-1,1
TAACATACAATGTGGG-1,1
TAACATACACGCGATC-1,0
TAACCGCCCGCAGTGC-1,0
TAACCTACCGTCCGAG-1,1
TAACGCTTTGAGAGCG-1,0
TAACTATCGAAGGTCC-1,0
TAACTATTACGCCAAA-1,0
TAACTCATCCGCGCGG-1,0
TAACTCCATGGAGGCT-1,0
TAAGCAGGCGACACGC-1,1
TAAGGAACTTGTGGGA-1,0
TAAGGCAACATAAGAT-1,0
TAAGGCTGAATCCCTC-1,0
TAAGGGCCTGTCCGAT-1,0
TAAGGGCTGGGAGAGG-1,1
TAAGTAACATCTTGAC-1,1
TAAGTCGCCGAGTATC-1,1
TAAGTTGCGACGTAGG-1,0
TAATAAACAAGGAGAT-1,1
TAATACACAGTAGTAT-1,1
TAATAGAACAGAGTTA-1,0
TAATAGGTCACCAGAA-1,0
TAATAGTGACGACCAG-1,0
TAATATTGAAATTCGC-1,1
TAATCGATCCGTACGT-1,0
TAATTAGGACATCCGT-1,1
TACAAGTCTCGTGCAT-1,0
TACAGAAACGGTGGGC-1,0
TACATAGGCATACACC-1,0
TACATCCCTATCCCTG-1,0
TACATTTCTAACGTGC-1,0
TACCAATAAAGTACCA-1,0
TACCAGAAGTAGGTTC-1,0
TACCAGCTAGGTTTAA-1,0
TACCGCGGACTTGCAG-1,1
TACCGGCTCACTGCCC-1,1
TACCGGTCGTTTCCAT-1,1
TACCGTAGGTTAACTA-1,0
TACCGTGCCTCGGACC-1,0
TACCTCACGCTTGTAC-1,1
TACCTCAGTTGTCTGT-1,0
TACCTGCTGCACTGTG-1,0
TACCTTAAGATTTCCC-1,0
TACGAACACGACTTCA-1,1
TACGACGCTTGCTGCG-1,1
TACGACTGCCTCTTAG-1,0
TACGAGAACTTCACGT-1,1
TACGATGTTGATCATC-1,1
TACGCAGTTCTTTCCT-1,0
TACGCCATATTCTAAT-1,1
TACGCCGAGGGTACCC-1,0
TACGCCTCCATTCCGA-1,0
TACGCTATAGAAACCT-1,1
TACGGAAGCCAAACCA-1,0
TACGGGATGCTAGCAG-1,1
TACGTACTAGTGCTGA-1,1
TACGTGCACTATGCTG-1,1
TACGTTTACCGGCAAT-1,1
TACTCCTCTAGTTGAC-1,0
TACTCGGCACGCCGGG-1,1
TACTCTCCGAACAAAT-1,1
TACTGCAATCAATTAC-1,0
TACTGGACAGCTCGGC-1,0
TACTTGTTAGTAGTCC-1,0
TACTTTACTGAGCCGG-1,1
TACTTTCCGCACGCCA-1,0
TAGAAAGGTGGCGCTA-1,1
TAGAAATTCACGTATA-1,0
TAGAATTAAGGGCAAC-1,0
TAGACGAAACGCCAAT-1,1
TAGACGCCCGTACCGG-1,1
TAGACTACCTAGCGTT-1,1
TAGAGATCATGCAACT-1,0
TAGAGGTTCTACTTGT-1,0
TAGAGTCTAAGCGAAC-1,1
TAGATATGGACTGGAA-1,0
TAGATCCGAAGTCGCA-1,0
TAGATGGTTCCTTACT-1,0
TAGATTCCTGGTTATT-1,0
TAGCAACCTGTCACAA-1,0
TAGCCATTTCAAAGTC-1,0
TAGCCGGCGGTCAGCG-1,1
TAGCGTCCCTCGATTG-1,1
TAGCGTTGGGTCTTAC-1,1
TAGCTAAGTCCGGGAG-1,1
TAGCTAGAAGGCATGA-1,0
TAGCTCGCCTGATAAC-1,0
TAGCTGATGTGAAGCG-1,0
TAGGCATGTTACGCCA-1,1
TAGGGAGCTTGGGATG-1,0
TAGGGTGTTTCAAGAG-1,0
TAGGTCCAAGTAAGGA-1,0
TAGGTCGCCGGAACTG-1,1
TAGGTGACGATAACCT-1,0
TAGGTGAGCCCTACTC-1,0
TAGGTGCTCGCCTAGC-1,0
TAGGTTCGAGTTCGTC-1,1
TAGTACCTTAGTGGTC-1,0
TAGTAGCTTATACCAG-1,0
TAGTCCGCAGAGAATG-1,0
TAGTCGATCACGGGTT-1,0
TAGTCTAACAACGAGA-1,1
TAGTCTGTGACGTTGC-1,0
TAGTGCCCTCCAGAGT-1,0
TAGTTAAGATAGGATA-1,1
TAGTTTATTCTTGCTT-1,0
TATAAATCCACAAGCT-1,0
TATAAGTGAGGATAGC-1,1
TATACACAGACGCCTT-1,0
TATACACGCAAAGTAT-1,1
TATAGAGTCGCTTGAA-1,0
TATAGATGGTCGCAGT-1,1
TATAGGGTACTCATGA-1,0
TATATAGGGCTTTACG-1,0
TATATATCGAGAAATG-1,0
TATATTCGCGTCGATA-1,0
TATCACCCAACCGACC-1,0
TATCACTTCGAGTAAC-1,0
TATCCATATCATGCGA-1,0
TATCCGCACCGTCGGG-1,0
TATCCTATCAACTGGT-1,0
TATCCTGCATGGGAAT-1,0
TATCGATCTATGCATA-1,1
TATCGATGATTAAACG-1,0
TATCTACAGAGGTAAT-1,0
TATCTACCACAGCGGG-1,0
TATCTAGCCTAAAGGA-1,1
TATCTTGCAATACAAC-1,0
TATGAAGACAGGTGCG-1,0
TATGATCTTCTCTTTA-1,0
TATGCTCCCTACTTAC-1,0
TATGGATGTGCTACGC-1,0
TATGGCCCGGCCTCGC-1,0
TATGGGACCGAGCAGG-1,1
TATGGGTACGTATCGT-1,1
TATGGTCTGAGTAACA-1,1
TATGGTTAGTGGGAGA-1,0
TATGTAAAGTGCTTAA-1,1
TATGTCAAGACCGACT-1,1
TATGTCTCATTGTGCC-1,1
TATTATGTTTGCCTGC-1,0
TATTCAATTCTAATCC-1,0
TATTCCACTCAGCTCG-1,0
TATTCCTCCGCCCACT-1,0
TATTCGTGCCAGAATA-1,1
TATTTAGTCTAGATCG-1,0
TATTTATACCGAGTAG-1,0
TATTTGTTACCCTTTA-1,0
TCAAACAACCGCGTCG-1,0
TCAAACTTAGATTGTT-1,1
TCAACAAAGATAATTC-1,0
TCAACACATTGGGTAA-1,0
TCAACATAGCGCCCTA-1,0
TCAACCATGTTCGGGC-1,0
TCAACGCAGGAAATAA-1,0
TCAACGCGACCGGCAG-1,0
TCAACTAACGTATAAC-1,0
TCAAGAAATACTAGCT-1,0
TCAAGGTTACTACACC-1,0
TCAATACGCCGTCATG-1,1
TCACAAACCGAGGTAC-1,0
TCACAGCAAACTCGAA-1,0
TCACAGGGAATCGCAA-1,0
TCACAGGTTATTGGGC-1,1
TCACATCTTATCTGAT-1,0
TCACCCTCTTAAGATT-1,0
TCACCGCTCGGCACTC-1,1
TCACGATGTCCGTGGA-1,0
TCACGCATTGTAGATC-1,0
TCACGGTCATCGCACA-1,0
TCACGTGCCCGATTCA-1,1
TCACTCGTGCAACGGC-1,0
TCAGAACCTCCACAGG-1,0
TCAGACGCTATAGAAG-1,1
TCAGCAAATGCATCTC-1,0
TCAGCAGTAGGCCCTG-1,1
TCAGGGTGTAACGTAA-1,0
TCAGGTTCTTTGAGAA-1,0
TCAGTACTGACCCGCG-1,0
TCAGTAGGGACTATAA-1,1
TCAGTGTATACGTCAT-1,0
TCATACTTACAGATCC-1,0
TCATATGAGCTTTGTT-1,1
TCATCACTCGAGCTCG-1,0
TCATCCCAGAGGGTGG-1,1
TCATCGATGGTCCCAA-1,0
TCATGCAGGTTCTCAT-1,0
TCCAACTTTAAATTCT-1,1
TCCAAGCCTAGACACA-1,0
TCCACAATGGTTTACG-1,0
TCCACATCGTATATTG-1,0
TCCACCTCTAGCCTTT-1,0
TCCACTTTATCTAGGT-1,0
TCCAGAGCACCGGTTC-1,0
TCCAGGCGAGTACGGT-1,1
TCCCAAAGACGAAGGA-1,0
TCCCACTCTCTTCCGG-1,0
TCCCAGCTTTAGTCTG-1,1
TCCCAGGCTTAGCTAA-1,1
TCCCGCGTACTCCTGG-1,0
TCCCGGGTGTGCTGCT-1,1
TCCCGTCAGTCCCGCA-1,0
TCCCGTGTGCAATTTG-1,0
TCCCTGGCGTATTAAC-1,0
TCCCTGGCTCGCTGGA-1,0
TCCCTTAGATTACTCG-1,0
TCCGAACTTGGCTTAC-1,0
TCCGAATGGTCCTGAG-1,0
TCCGATAATTGCCATA-1,1
TCCGATGACTGAGCTC-1,1
TCCGATGGTGCGACAT-1,0
TCCGATTACATTGCCG-1,1
TCCGCGGCAGCATCTG-1,1
TCCGCTGTCATCCCGG-1,0
TCCGCTTATCCCATTA-1,1
TCCGGCCTAGCGTACA-1,0
TCCGGTTCGTCCGGTC-1,0
TCCGTTAAGCTAATAT-1,1
TCCGTTTAGCCTTGAA-1,1
TCCTAAATTGGGAAGC-1,0
TCCTAACCGTCGGGCA-1,0
TCCTACATCCACGGCC-1,0
TCCTAGCAAAGAAGCT-1,1
TCCTCGGGCTGGGCTT-1,1
TCCTCTACGAGATGGC-1,0
TCCTCTCCAGTTGTCC-1,0
TCCTGCCAACTGGAGA-1,1
TCCTGCGTTGATACTC-1,1
TCCTTACGACGGTCCG-1,0
TCCTTCAGTGGTCGAA-1,1
TCCTTGTCCTTTAATT-1,0
TCCTTTAAATCCGCTT-1,0
TCCTTTCTTACGCTTA-1,1
TCGAAATTTAGGACCA-1,0
TCGAAGAACCGAGCAC-1,0
TCGAATATCCCGCAGG-1,0
TCGAGACCAACACCGT-1,1
TCGAGCCAGGCAGGCC-1,1
TCGATAGGCTAGTCGC-1,0
TCGCAAAGATGCATTT-1,1
TCGCACCAGGAGGCAG-1,1
TCGCATCCCTAAGTGT-1,1
TCGCCGAAGTTGCGTC-1,1
TCGCCGACATATTCGC-1,0
TCGCCGGTCGATCCGT-1,0
TCGCGTAGCAGTGTCC-1,1
TCGCGTCCAGAAGGTC-1,0
TCGCTAAACCGCTATC-1,1
TCGCTACTGGCTTTGA-1,1
TCGCTCGATATATTCC-1,0
TCGCTCGGCACCAGCG-1,0
TCGCTGCCAATGCTGT-1,0
TCGCTGGGCGGATTGT-1,0
TCGCTGTGCGTAAATC-1,0
TCGCTTTAAACGTTTG-1,1
TCGGAATGCGCTCTGA-1,0
TCGGACGCCCAGCCCA-1,0
TCGGAGAGTATCGGGA-1,0
TCGGAGTACATGAGTA-1,0
TCGGCGAACCCAAACC-1,0
TCGGCGTACTGCACAA-1,0
TCGGCTTGTATCGACG-1,0
TCGGGAACGTGCCTAG-1,0
TCGGGAGACAGCGTAC-1,1
TCGGGATTCAAACATA-1,0
TCGGGCCGTCGTGGTA-1,1
TCGGGTGAAACTGCTA-1,0
TCGGTCCCGACAATAG-1,0
TCGTAAGACGACATTG-1,0
TCGTACCGACGTCAAG-1,0
TCGTATAGTGCAATTA-1,0
TCGTATTACCCATTGC-1,0
TCGTCAAGTACGCGCA-1,1
TCGTCCGCTGGCGTCT-1,1
TCGTCTTAGGCGTTAA-1,0
TCGTGTACTATGGATG-1,0
TCGTGTCACGCTGACA-1,0
TCGTTAGGAGTCCCTA-1,0
TCGTTCGTTATTATGT-1,0
TCGTTGCTATCCGGTC-1,0
TCTAATACTGCCTCAG-1,0
TCTACCGTCCACAAGC-1,0
TCTAGCAATCTCCGCC-1,0
TCTAGCATCTTCGATG-1,0
TCTAGCATGCCCAGAA-1,1
TCTAGGTGGCGACGCT-1,1
TCTAGTGATATCGTGG-1,0
TCTATCATGCAGTTAC-1,1
TCTATCGGTCGCAACA-1,0
TCTATTACGCTGGCGA-1,0
TCTATTACTAGAGGAT-1,0
TCTCATGAGATAGGGT-1,0
TCTCCACAAGTTGAAT-1,0
TCTCGACGTATCGCCG-1,1
TCTCTAATAGCTGGTA-1,0
TCTCTTACCGCGAACC-1,1
TCTGAACCGGTCGGCT-1,1
TCTGAACTCGTACCCG-1,0
TCTGAATTCCGTACAA-1,1
TCTGCCAGAAACTGCA-1,1
TCTGGGTAGCGCTCAT-1,0
TCTGTCATACAAGAGC-1,0
TCTGTGCCATCATAGT-1,0
TCTGTTACCCAGCATA-1,0
TCTTACAGAGGTACCG-1,1
TCTTACCGGAACTCGT-1,1
TCTTACGGCATCCGAC-1,0
TCTTACTTATGCCTCT-1,0
TCTTAGAGCTCCAATT-1,1
TCTTAGAGTGAACTCT-1,0
TCTTCCCATGGGCACA-1,1
TCTTCGAATAGACGTT-1,1
TCTTCGATACCAATAA-1,1
TCTTCTATAACCCGCC-1,1
TCTTGATGCGTAGCGA-1,1
TCTTGCTCCCGATACT-1,1
TCTTGGTAACACCAAA-1,1
TGAAACTTATGCAAGC-1,1
TGAAAGGACCTGACTC-1,0
TGAACAAGCAGGGACT-1,0
TGAATACCGACGCGTA-1,0
TGAATGTCAGCCGGCC-1,1
TGACATCGAGCGGACC-1,1
TGACATGTAACGTGAC-1,0
TGACCAAATCTTAAAC-1,1
TGACCCACGTTAGACA-1,1
TGACGAATATTTCCCT-1,0
TGACGATGCACTAGAA-1,0
TGACTATAATCCTTTC-1,1
TGAGAATGCTTTACCG-1,1
TGAGAGATTTACCACG-1,0
TGAGATCAAATACTCA-1,0
TGAGATTAGGCCCTAA-1,0
TGAGCCATACAGTCTC-1,0
TGAGCGGAAAGTGTTC-1,0
TGAGTAAATTAGCGTA-1,0
TGAGTGCCTCTTAAAT-1,1
TGAGTGGTCCGTGACG-1,1
TGAGTTAAAGACATTC-1,1
TGATAGCGGGATTCTA-1,0
TGATCAGGGAACTGCT-1,0
TGATCCCAGCATTAGT-1,0
TGATCGGTTTGACCCT-1,1
TGATCTACGCTGATCT-1,0
TGATCTCCGGCGCCAG-1,1
TGATTCCCGGTTACCT-1,0
TGATTCGTCTATCACT-1,1
TGATTCTGTCGCCGGT-1,0
TGATTTATTAGCTGTG-1,0
TGATTTCCTCCTGACG-1,0
TGCAACCCATCTGCGG-1,0
TGCAAGAATGACGTAA-1,0
TGCAATCTAACACGGT-1,0
TGCAGAACTATATCGT-1,0
TGCAGAGTACCGAGCA-1,1
TGCAGATCGTCCTAGG-1,0
TGCAGCTACGTACTTC-1,0
TGCAGGATCGGCAAAG-1,0
TGCAGTTTCCTCCCAT-1,1
TGCATATGTCTGTCAC-1,0
TGCATGGATCGGATCT-1,1
TGCATGTGACCCATAG-1,0
TGCATGTGGTAATCTA-1,0
TGCCAAAGTCAGACTT-1,0
TGCCAATGGGTACTCT-1,1
TGCCACCTGGCGAAAC-1,1
TGCCAGTACGTGGAGA-1,0
TGCCATTACTAAAGAA-1,1
TGCCCGTACCGTTAAA-1,1
TGCCGGATGTACGAGC-1,0
TGCCTAATTGAAGATT-1,0
TGCCTGATCAAACGAT-1,1
TGCCTTGGCCAGGCAA-1,0
TGCGAATATGGGATTT-1,0
TGCGACACCCTAGTGC-1,1
TGCGACGGCCGAACGT-1,0
TGCGAGAATATTACCC-1,0
TGCGCAAAGCATTTGG-1,1
TGCGCGATTAACGGAG-1,0
TGCGGACTTGACTCCG-1,0
TGCGGAGTAAAGGTGC-1,1
TGCGGCATAGTTCAAC-1,0
TGCGGTGAAATTTCAT-1,1
TGCGTAAGAACCTGAT-1,1
TGCGTCATGACTGAGC-1,0
TGCGTTTGTTGACACT-1,1
TGCTAAGTGTCTATTT-1,0
TGCTCCACAGTTCTTA-1,0
TGCTCGGTGGGTCACC-1,1
TGCTCTTGAGAGTTTG-1,1
TGCTGGTTGGACAATT-1,1
TGCTGTTGAAGAACTC-1,1
TGCTTAGAGAGAATGC-1,0
TGCTTCCCAAGCAGTA-1,1
TGGAACCACTGACACA-1,0
TGGAAGAAGGGAACGT-1,0
TGGAAGACGAACACCA-1,0
TGGAAGGATAAAGATG-1,1
TGGAATATCCTTGACC-1,0
TGGACCAATCTAAGAT-1,0
TGGACGCAATCCAGCC-1,0
TGGACTGTTCGCTCAA-1,1
TGGAGTGATGCGATGA-1,0
TGGCAAACTAAATTAC-1,1
TGGCAACTCGCGCGCC-1,1
TGGCAATGGGACGGCG-1,0
TGGCAGATTACGATCA-1,1
TGGCAGCAGTAATAGT-1,0
TGGCCAAACTGAAGTA-1,0
TGGCCAATTTGGTACT-1,0
TGGCCGTATATTGACC-1,0
TGGCGATCAAGTTATG-1,0
TGGCTATGTGACATAC-1,0
TGGCTCTTGTCGCGTA-1,0
TGGCTTTGGGTAGACA-1,0
TGGGAAATGCCTTTCC-1,0
TGGGCAATAGTTGGGT-1,1
TGGGCACAAACAGAAC-1,0
TGGGCACGTTCTATGG-1,1
TGGGCCACAAGAGCGC-1,1
TGGGCCCATACTAATT-1,0
TGGGCGATACAATAAG-1,0
TGGGTAAGGTTCCCGC-1,1
TGGTAAGCAGGATTGA-1,0
TGGTAGAATATATGGG-1,0
TGGTATCGCATCCCAA-1,0
TGGTATCGGTCTGTAT-1,0
TGGTCCCACGCTACGG-1,1
TGGTCTGTTGGGCGTA-1,1
TGGTGATCGTATTTGT-1,0
TGGTTCAACGGGTAAT-1,0
TGGTTCGTAGCAAAGG-1,0
TGTAATGACCACAATA-1,0
TGTACCTACACGAGGG-1,0
TGTACGAACAAATCCG-1,1
TGTAGGAGAAATTTCC-1,1
TGTAGTGATCTATAAT-1,1
TGTATAACAGATCCTG-1,0
TGTATCCTTATTCCAT-1,0
TGTATGGCGCAGACAG-1,0
TGTCCCGACATAGCAC-1,0
TGTCCGTGGCGCCTTT-1,0
TGTCCTAAGTCACCGC-1,0
TGTCTACAGTTTCTGT-1,0
TGTGACTACGCCAGTC-1,0
TGTGCCGGTGCCGGAA-1,0
TGTGCTTTACGTAAGA-1,1
TGTGGCAAAGCGTATG-1,1
TGTGGCGGGCTTCTGG-1,1
TGTGGTTGCTAAAGCT-1,0
TGTGTCGCGAGTTGCA-1,1
TGTGTTCGTATCCAAG-1,0
TGTTATTGTATGTGGC-1,0
TGTTCCGCTTCCATGA-1,0
TGTTCGTATTGCGGTG-1,1
TGTTCTTCCATTGACT-1,1
TGTTGTCAAGAAGTCT-1,1
TGTTTAATACTTCATC-1,0
TGTTTCGGTACTTCTC-1,1
TTAAACCTGGTTCCTT-1,0
TTAAACTCGAATTCAT-1,1
TTAACACCTCGAACAT-1,0
TTAACCAACCCTCCCT-1,1
TTAACGTCGCAAGACC-1,0
TTAACTTCAGGTAGGA-1,0
TTAAGATAGGATTGAC-1,0
TTAAGCCGACAACTTC-1,1
TTAAGCGCCTGACCCA-1,0
TTAAGGCCCGTACTTT-1,0
TTAATGTAGACCAGGT-1,1
TTAATTGCTTTGGGTG-1,1
TTAATTTCAGACGCGG-1,1
TTACAACTACGCATCC-1,0
TTACAGACCTAAATGA-1,0
TTACATCGTGGCCTGG-1,1
TTACATGCCACAACTA-1,1
TTACCATTGATTACCC-1,0
TTACCCATTGCCGGGT-1,0
TTACCCTAACAGTCCT-1,1
TTACCCTAGGGATTGG-1,0
TTACTAAAGGACTTTA-1,0
TTACTATCGGCTTCTC-1,1
TTACTCCGGCCGGGAA-1,0
TTACTCTGGTACGTAC-1,1
TTACTGGGATATTTCA-1,1
TTAGAAGAACATGACT-1,0
TTAGAATAAGGGTCGG-1,0
TTAGACACGATCGTTG-1,0
TTAGACGAGTCACCTC-1,0
TTAGAGTTTAGAAGGA-1,0
TTAGCAACATGGATGT-1,0
TTAGCTAATACGATCT-1,0
TTAGCTCTGTAATCCG-1,0
TTAGCTGATTTGCCGT-1,0
TTAGGTCATAACCGAC-1,0
TTAGTAAACCTGCTCT-1,0
TTAGTAGGGCGGCGGG-1,0
TTAGTTATTCGTGGCA-1,0
TTATAGGTAATTGTCT-1,1
TTATATACGCTGTCAC-1,1
TTATATTTGGCAATCC-1,0
TTATCCAATCGAACTC-1,1
TTATCCGGGATCTATA-1,1
TTATCCTCAAGGAATA-1,0
TTATCGCCTGCGAAGC-1,0
TTATCTGTATCATAAC-1,1
TTATGAATGAAAGGGA-1,1
TTATGACAAACTGGAT-1,0
TTATGATCTTAACGAA-1,0
TTATTAGAGCGTGTTC-1,1
TTATTAGGGAAGCATC-1,1
TTCAAAGTCTCTAGCC-1,0
TTCAACGACCCGACCG-1,0
TTCAAGCCGAGCTGAG-1,1
TTCAATACTCTGAATC-1,0
TTCACTCGAGCACCTA-1,0
TTCACTTCCTAGAACG-1,0
TTCAGCCCTGGTCCAC-1,0
TTCAGCTGGCGTGCCC-1,0
TTCAGGCGTCAAAGCC-1,0
TTCATGGCGCAACAGG-1,1
TTCCAATCAGAGCTAG-1,0
TTCCAATCTGGCTATC-1,0
TTCCACACAGATTTGA-1,0
TTCCAGACGAGATTTA-1,1
TTCCCGGCGCCAATAG-1,0
TTCCGCAGAGAAATAT-1,0
TTCCGCGTGAGGCGAT-1,1
TTCCGGCCTTGAGGCT-1,0
TTCCGGTATCTGTGTC-1,1
TTCCGGTTACCCACTT-1,0
TTCCTCGAGGGTGTCT-1,0
TTCCTCGGACTAACCA-1,0
TTCCTCTGCCCGAATA-1,1
TTCGACAGAGCCCGTG-1,0
TTCGACGGGAAGGGCG-1,0
TTCGCACTCGCGTGCT-1,0
TTCGCACTGTACGACA-1,0
TTCGCGCGCCATACGA-1,0
TTCGCTATCTGACGTG-1,0
TTCGGCAACCCGCTGA-1,1
TTCGGCTAGAGATGGT-1,0
TTCGGGACTAATCGCG-1,1
TTCGGGCGCTAGTCTT-1,1
TTCGGTACTGTAGAGG-1,1
TTCGTAATCCCAGCGG-1,1
TTCGTACTCCAGAACG-1,0
TTCGTTCAACGAAGTT-1,0
TTCTAACCGAAGCTTA-1,1
TTCTACTTGCGAGGGC-1,1
TTCTAGAAAGTCTTAT-1,0
TTCTAGGCCAATTGTG-1,0
TTCTGCCGCGCCTAGA-1,0
TTCTGCGAGCGCCCTT-1,0
TTCTGCGGGTTAGCGG-1,1
TTCTGCTAGACTCCAA-1,0
TTCTTAGTGAACGGTG-1,1
TTCTTAGTGGCTCAGA-1,0
TTCTTGAGCCGCGCTA-1,0
TTCTTGGACGATCTGC-1,1
TTCTTGGAGTAATGAG-1,1
TTCTTGTAACCTAATG-1,1
TTCTTTGGTCGCGACG-1,0
TTGAACGAATCCTTTG-1,0
TTGAACGACGTGCTGA-1,0
TTGAAGAATTCCCAGG-1,1
TTGAATATGGACTTTC-1,0
TTGAATCGTTGTATAA-1,0
TTGACAGGAGCTCCCG-1,0
TTGACATGAACGTGGA-1,1
TTGACCAGGAACAACT-1,0
TTGACCATGTTCTCCG-1,1
TTGACCGTGTTAATGA-1,0
TTGACGATTCAGCACG-1,0
TTGACGCTCCATGAGC-1,1
TTGACTACCATATGGT-1,1
TTGACTATTGTCCGGC-1,0
TTGAGAGTACTGCTAA-1,1
TTGATCTAACTTTGTC-1,1
TTGATGTGTAGTCCCG-1,1
TTGATTAGCTGTTTCT-1,0
TTGATTATGCAGATGA-1,0
TTGCACAATTCAGAAA-1,1
TTGCACGGAGCAGCAC-1,1
TTGCATGCTGATCACG-1,0
TTGCCAAGCAGAACCC-1,1
TTGCCATAGCCCGCTC-1,0
TTGCCCTGATCACGGG-1,1
TTGCCGCTTTCTAGTA-1,1
TTGCGGCATCAGAAAG-1,0
TTGCGTCGGCCAACCG-1,0
TTGCGTGAACGCTTAG-1,0
TTGCTCCCATACCGGA-1,0
TTGCTGAAGGAACCAC-1,1
TTGCTGATCATGTTCG-1,1
TTGGAAGAATACAGTC-1,0
TTGGACATGTGGCTTA-1,0
TTGGACCATCTGGCAA-1,1
TTGGACCTATAACAGT-1,0
TTGGAGTCTCCCTTCT-1,0
TTGGATATCGTCTACG-1,0
TTGGATCGACTTCTGG-1,0
TTGGATTGGGTACCAC-1,1
TTGGCCTAGAATTTCG-1,0
TTGGCTCGCATGAGAC-1,1
TTGGGAAGACGAGCCG-1,0
TTGGGACACTGCCCGC-1,0
TTGGGACGTAAGAGTT-1,1
TTGGGCGGCGGTTGCC-1,0
TTGGTCACACTCGTAA-1,0
TTGGTTGCGGTGCGCG-1,0
TTGTAAGGACCTAAGT-1,0
TTGTAAGGCCAGTTGG-1,0
TTGTAATCCGTACTCG-1,0
TTGTATCACACAGAAT-1,0
TTGTCGTTCAGTTACC-1,1
TTGTGAACCTAATCCG-1,0
TTGTGAGGCATGACGC-1,0
TTGTGCAGCCACGTCA-1,1
TTGTGGCCCTGACAGT-1,0
TTGTGGTAGGAGGGAT-1,0
TTGTGTATGCCACCAA-1,1
TTGTGTTTCCCGAAAG-1,0
TTGTTAGCAAATTCGA-1,1
TTGTTCAGTGTGCTAC-1,0
TTGTTGTGTGTCAAGA-1,0
TTGTTTCACATCCAGG-1,0
TTGTTTCATTAGTCTA-1,0
TTGTTTCCATACAACT-1,0
