,label
AAACAAGTATCTCCCA-1,6
AAACACCAATAACTGC-1,3
AAACAGAGCGACTCCT-1,2
AAACAGCTTTCAGAAG-1,9
AAACAGGGTCTATATT-1,8
AAACATTTCCCGGATT-1,6
AAACCCGAACGAAATC-1,3
AAACCGGAAATGTTAA-1,4
AAACCGGGTAGGTACC-1,3
AAACCGTTCGTCCAGG-1,3
AAACCTCATGAAGTTG-1,8
AAACGAGACGGTTGAT-1,9
AAACTCGTGATATAAG-1,2
AAACTGCTGGCTCCAA-1,10
AAACTTAATTGCACGC-1,3
AAACTTGCAAACGTAT-1,4
AAAGACCCAAGTCGCG-1,5
AAAGACTGGGCGCTTT-1,1
AAAGCTTGCCTACATA-1,2
AAAGGCCCTATAATAC-1,3
AAAGGCTACGGACCAT-1,3
AAAGGCTCTCGCGCCG-1,3
AAAGGGATGTAGCAAG-1,10
AAAGGGCAGCTTGAAT-1,1
AAAGTAGCATTGCTCA-1,10
AAAGTCACTGATGTAA-1,5
AAAGTCGACCCTCAGT-1,11
AAAGTGTGATTTATCT-1,6
AAAGTTGACTCCCGTA-1,4
AAATAAGGTAGTGCCC-1,2
AAATACCTATAAGCAT-1,4
AAATAGCTTAGACTTT-1,9
AAATAGGGTGCTATTG-1,6
AAATCGCGGAAGGAGT-1,7
AAATCGTGTACCACAA-1,10
AAATCTAGCCCTGCTA-1,4
AAATGATTCGATCAGC-1,2
AAATGCTCGTTACGTT-1,5
AAATGGCCCGTGCCCT-1,8
AAATGGTCAATGTGCC-1,8
AAATTAACGGGTAGCT-1,8
AAATTACCTATCGATG-1,2
AAATTCCAGGTCCAAA-1,2
AAATTGATAGTCCTTT-1,1
AAATTTGCGGGTGTGG-1,4
AACAACTGGTAGTTGC-1,5
AACAATACATTGTCGA-1,1
AACAATTACTCTACGC-1,1
AACACACGCTCGCCGC-1,6
AACACGAGACGCGGCC-1,4
AACAGCTGTGTGGCAA-1,3
AACAGGAAATCGAATA-1,5
AACAGGATGGGCCGCG-1,1
AACAGGTAGTATGGAT-1,4
AACATATCAACTGGTG-1,9
AACATTGAAGTTGATC-1,3
AACATTGTGACTCGAG-1,3
AACCAAGACTTCTCTG-1,11
AACCATAGGGTTGAAC-1,3
AACCATGGGATCGCTA-1,5
AACCCAGAGACGGAGA-1,7
AACCCATCCCATGATC-1,7
AACCCGACAACCCGTG-1,3
AACCCGAGCAGAATCG-1,4
AACCCTACTGTCAATA-1,8
AACCGAGCTTGGTCAT-1,4
AACCGCTAAGGGATGC-1,6
AACCGTTGTGTTTGCT-1,1
AACCTCGCTTTAGCCC-1,7
AACCTGTCACGGAATT-1,2
AACCTTTAAATACGGT-1,4
AACCTTTACGACGTCT-1,9
AACGAAAGTCGTCCCA-1,7
AACGATAATGCCGTAG-1,8
AACGATAGAAGGGCCG-1,5
AACGATATGTCAACTG-1,8
AACGCATGATCTGGGT-1,2
AACGCGAACGGCAACA-1,5
AACGCGGTCTCCAGCC-1,10
AACGCTGTTGCTGAAA-1,7
AACGGACGTACGTATA-1,6
AACGGCCATCTCCGGT-1,10
AACGTACTGTGGGTAC-1,1
AACGTCAGACTAGTGG-1,4
AACGTGCGAAAGTCTC-1,9
AACGTTATCAGCACCT-1,1
AACTACCCGTTTGTCA-1,6
AACTAGGCTTGGGTGT-1,6
AACTCAAGTTAATTGC-1,11
AACTCCAGAGCGTGTT-1,6
AACTCGATGGCGCAGT-1,5
AACTCTCAATAGAGCG-1,6
AACTCTCAGTGTGCTC-1,3
AACTGAGTTATACTGA-1,4
AACTGATATTAGGCCT-1,5
AACTGGGTCCCGACGT-1,5
AACTTCTGCGTCTATC-1,7
AACTTGCCCGTATGCA-1,1
AACTTGCGTTCTCGCG-1,5
AACTTTACGGGAGCTT-1,1
AAGAAGGATCAGTTAG-1,5
AAGACCAAATAACTCA-1,3
AAGACCCAACTGAACA-1,3
AAGACTGCAAGCTACT-1,8
AAGAGATGAATCGGTA-1,1
AAGAGCTCTTTATCGG-1,9
AAGAGGATGTACGCGA-1,11
AAGAGGCATGGATCGC-1,9
AAGAGGCCCTTTGGAA-1,8
AAGATGGCACCGGACC-1,3
AAGATTGGCGGAACGT-1,2
AAGCACCCTGCGTATC-1,7
AAGCATACTCTCCTGA-1,4
AAGCCGAAGCGGTTTA-1,4
AAGCCGCCGTGAAATC-1,3
AAGCGTCCCTCATCGA-1,1
AAGCTAGATCGAGTAA-1,8
AAGCTCGTGCCAAGTC-1,2
AAGCTCTTTCATGGTG-1,6
AAGGAGCGGTTGGTGC-1,1
AAGGATCGATCGCTTG-1,2
AAGGATGAGGGACCTC-1,2
AAGGCAGGCTGTCTCC-1,9
AAGGCGCGTAAAGCTT-1,5
AAGGCTGTGCTCATCG-1,10
AAGGGAACGACTGGCT-1,3
AAGGGACAGATTCTGT-1,2
AAGGGACTATGCATTC-1,1
AAGGTATCCTAATATA-1,2
AAGGTGATAAACCAGC-1,7
AAGTAGAAGACCGGGT-1,1
AAGTAGTGACGCGAGG-1,1
AAGTCAATTGTCGTCA-1,6
AAGTGACGACCGAATT-1,11
AAGTGAGTCGGGTTTA-1,3
AAGTGCAAAGGTAGAC-1,1
AAGTGCCTTGACTGTA-1,4
AAGTGCGTTAGAATCT-1,6
AAGTGCTTCTCTATTG-1,3
AAGTGTTTGGAGACGG-1,8
AAGTTCACTCCAAGCT-1,4
AAGTTCAGTCTGCGTA-1,2
AAGTTCGGCCAACAGG-1,4
AATAACAACGCTCGGC-1,11
AATAACACTAGAACAA-1,1
AATAATCTTCGTATCG-1,4
AATACAATGTTTCAGG-1,1
AATACCGGAGGGCTGT-1,3
AATAGAACAGAGTGGC-1,3
AATAGAATCTGTTTCA-1,6
AATAGCTACCGCGTGC-1,9
AATAGTCCGTCCCGAC-1,3
AATAGTCGCGAGTCGG-1,1
AATATCAAGGTCGGAT-1,5
AATATCGAATCAATGC-1,8
AATATCGAGGGTTCTC-1,6
AATATTGGAGTATTGA-1,11
AATCAGGTTTCATTTA-1,3
AATCATGTAAAGACTC-1,6
AATCCAAGGGCCTGAG-1,5
AATCCATGCAAGGGTG-1,5
AATCGCCTCAGCGCCA-1,9
AATCGCGCAGAGGACT-1,9
AATCTAGGTTTACTTG-1,6
AATCTATGCCGGAGCC-1,2
AATCTCTACTGTGGTT-1,8
AATCTGCGTTGGGACG-1,2
AATCTGGCTTTCTAGT-1,6
AATGACAGCAATGTCT-1,10
AATGACGTAGGATGTC-1,2
AATGACTGTCAGCCGG-1,5
AATGAGTTCGCATATG-1,5
AATGATGATACGCTAT-1,2
AATGATGCGACTCCTG-1,6
AATGCAACCGGGTACC-1,5
AATGCACCAAGCAATG-1,9
AATGGTCCACCGTTCA-1,1
AATGGTTCTCACAAGC-1,6
AATGTATGGCACTGTA-1,3
AATGTGCCCGAGGTGT-1,3
AATGTGCTAATCTGAG-1,3
AATTAAAGGTCGGCGT-1,1
AATTAACGGATTTCCA-1,6
AATTACGAGACCCATC-1,7
AATTACTCGTACGCTC-1,5
AATTAGCGCTGCAGCG-1,6
AATTCATAAGGGATCT-1,2
AATTCATTGTCATGCA-1,3
AATTCTAGAGTTAGGC-1,10
AATTGAACGCTCTGGT-1,6
AATTGCGTGGATTACA-1,3
ACAAACCATGCGTCCT-1,3
ACAAATCGCACCGAAT-1,6
ACAAATGGTAGTGTTT-1,6
ACAACAGCATGAGCTA-1,10
ACAACGGTCCCTGCGA-1,1
ACAAGCAGTGCCTAGC-1,3
ACAAGGAAATCCGCCC-1,4
ACAAGGACAAGAGGTT-1,10
ACAAGGATGCTTTAGG-1,6
ACAAGGGCAGGCTCTG-1,2
ACAATAGTCGTACGTT-1,8
ACAATCCATTTAAACC-1,11
ACAATGAATACGGAGA-1,1
ACAATTGTGTCTCTTT-1,6
ACAATTTAGGAGGCTC-1,1
ACAATTTGAGCAGTGG-1,2
ACAATTTGGCCATATT-1,2
ACACAAAGACGGGTGG-1,5
ACACACCAGGACCAGT-1,7
ACACACTTTCTACACG-1,5
ACACATGATCAAATCT-1,3
ACACATTGACGCAACA-1,1
ACACCACATAATTAGC-1,9
ACACCCAGCATGCAGC-1,5
ACACCCGAGAAATCCG-1,6
ACACCGAGCGCTCTTT-1,7
ACACCGGTCTGACCGC-1,3
ACACCTTAAGTAGGGC-1,5
ACACCTTACTACTTGC-1,2
ACACGAGACTCCTTCT-1,8
ACACGGGAACTTAGGG-1,4
ACACGTAGGCCACAAG-1,4
ACACTCCAATGTCACT-1,7
ACACTGATCAAGGTGT-1,1
ACACTGGGACAGTCGT-1,8
ACAGAACTGAGAACAA-1,6
ACAGCATAGAGCCAGT-1,5
ACAGCGACATTCTCAT-1,7
ACAGGCTTGCCCGACT-1,6
ACAGGTGGAGGTGAGG-1,3
ACAGTAATACAACTTG-1,4
ACAGTATACCGTGGGA-1,2
ACATAAGTCGTGGTGA-1,1
ACATAATAAGGCGGTG-1,5
ACATCAGCTGGGACGC-1,11
ACATCCCGGCCATACG-1,3
ACATCCTGGTAACTGT-1,4
ACATCGATCGTTTACC-1,7
ACATCGGTCAGCCGCG-1,11
ACATCGTATGCAATGG-1,4
ACATGGCGCCAAAGTA-1,8
ACATGGCTCAATTTAG-1,5
ACATTAGTTTATATCC-1,10
ACCAACACCACACACT-1,2
ACCAACGCTTATTTAT-1,1
ACCAAGAACGCGTGTC-1,5
ACCAATATGCAAGTTA-1,6
ACCACAAGTTTCTATC-1,10
ACCACCAATGTAACAA-1,6
ACCACCCTCTCTTCTA-1,9
ACCACGTGCAGCTATA-1,4
ACCACTGTTCAAGAAG-1,5
ACCAGTGCGGGAGACG-1,6
ACCATATCCGCAATAA-1,8
ACCATCCGCCAACTAG-1,11
ACCATCGTATATGGTA-1,11
ACCATTAAGGGTGTCA-1,7
ACCCAACGCCCGTGGC-1,2
ACCCACCTACATGCTC-1,1
ACCCATCTTGAGGGTA-1,11
ACCCATTTGTCCCTCT-1,7
ACCCGAGCGAAATTAC-1,3
ACCCGATTGGTTCCGA-1,3
ACCCGGAAACTCCCAG-1,7
ACCCGGAGCACCACAA-1,8
ACCCGGATGACGCATC-1,4
ACCCGGTTACACTTCC-1,10
ACCCGTGTCATCAGTA-1,3
ACCCTATAGGACTGAG-1,5
ACCCTATGCCATATCG-1,1
ACCCTCCCTTGCTATT-1,6
ACCCTGGTAACGCCCT-1,2
ACCCTTCATCTGCGAA-1,5
ACCGAAAGGGCCCTGC-1,1
ACCGAAGAGTCTGGTT-1,7
ACCGACACATCTCCCA-1,7
ACCGACTGAGTCCCAC-1,4
ACCGATAGGCATAACC-1,4
ACCGATATTTAATCAT-1,4
ACCGATGGTAGCATCG-1,6
ACCGCAATAACTGCCT-1,4
ACCGCGGTGGAAGTCG-1,10
ACCGGGCCTTTGTTGA-1,7
ACCGGTCAGGTACACC-1,3
ACCGTCCACTGGGCCC-1,3
ACCGTGACCACGTGGG-1,3
ACCTAAGTACCTTTCA-1,1
ACCTAATCGACTTCCT-1,1
ACCTACAGTATGTGGT-1,2
ACCTCCGCCCTCGCTG-1,8
ACCTCCGTTATTCACC-1,2
ACCTCGAACTTATGCT-1,3
ACCTGCGTGTCATGTT-1,4
ACGAAATGGGCGGCAC-1,1
ACGACCCATGAGTTGC-1,8
ACGACTGGTCATACTC-1,3
ACGAGAACCCATCACG-1,5
ACGAGGATACCACTCT-1,6
ACGAGGTTTACAACGT-1,1
ACGAGTACGGATGCCC-1,2
ACGATACATAGAACTA-1,2
ACGATCATACATAGAG-1,8
ACGATCATCTTGTAAA-1,8
ACGATGCATATGTTAT-1,11
ACGCAAACTAATAGAT-1,3
ACGCAATCACTACAGC-1,2
ACGCATACGTTTACTA-1,8
ACGCATTCGTGAGTAC-1,8
ACGCCGCTAGACGACC-1,2
ACGCGAAGTCAGACGA-1,10
ACGCGCTACACAGGGT-1,11
ACGCGGGCCAAGGACA-1,4
ACGCGTTTCTTAAGAG-1,1
ACGCTAGTGATACACT-1,6
ACGCTGTGAGGCGTAG-1,7
ACGGAATTTAGCAAAT-1,5
ACGGACTCTCAAAGCG-1,7
ACGGAGCGCAAATTAC-1,2
ACGGATGGTGCGGATA-1,4
ACGGCACTTGCTTGGG-1,10
ACGGCCAACATGGACT-1,3
ACGGCGACGATGGGAA-1,4
ACGGCTGGATGTAGAA-1,3
ACGGGAGTGTCGGCCC-1,10
ACGGGCGTATGCGACA-1,9
ACGGGTCATGTGACTT-1,7
ACGGTCACCGAGAACA-1,3
ACGTACTTTGGCACGG-1,3
ACGTAGATTGCTGATG-1,4
ACGTATTACTCCGATC-1,8
ACGTCTCGTTCCGGGA-1,11
ACGTGACAAAGTAAGT-1,6
ACGTGCGCCTCGTGCA-1,5
ACGTTAATGTCGAAGA-1,2
ACGTTAGATTTGCCCG-1,11
ACGTTATTGGTCACTC-1,1
ACGTTCGCAATCAATT-1,2
ACGTTCGTTCAGGAAA-1,3
ACGTTTAGTTGTGATC-1,1
ACTACATCCCGACAAG-1,3
ACTACCAGCTCTCTGG-1,5
ACTACGCGTTAGAATT-1,3
ACTAGTTGCGATCGTC-1,6
ACTATCCAGGGCATGG-1,2
ACTATCTGCCCGCGTA-1,4
ACTATGTCCAGCTGCC-1,3
ACTATTTCCGGGCCCA-1,3
ACTCAACGAATGTATT-1,1
ACTCAAGTGCAAGGCT-1,6
ACTCAATAAAGGCACG-1,4
ACTCAGACCTGCTTCT-1,5
ACTCATGGCAGCCTTC-1,3
ACTCCAATATCATCAT-1,3
ACTCCCATTCCTAAAG-1,8
ACTCCCGAATTCGTTT-1,6
ACTCCCGTAGACTAGG-1,2
ACTCCCTAATGCTAAA-1,6
ACTCCCTAGAATAGTA-1,6
ACTCGATGTATTTCAT-1,6
ACTCGCGATCTGACGC-1,9
ACTCGTAACCCGTCCT-1,4
ACTCGTCAGTAATCCC-1,9
ACTCTCTGACTTAGGT-1,9
ACTCTTCAGCTCCCGC-1,2
ACTCTTGTATAGTAAC-1,2
ACTGAAACGCCGTTAG-1,8
ACTGAATGGCGAAAGT-1,8
ACTGCCCGCCATTCTC-1,3
ACTGCGGACACACCGT-1,2
ACTGCTCGGAAGGATG-1,6
ACTGTACGATACACAT-1,2
ACTGTAGCACTTTGGA-1,1
ACTGTATACGCGAGCA-1,5
ACTGTCCAGGATTATA-1,8
ACTGTCTTCTTTAGAA-1,4
ACTGTGCTAGTAGATC-1,5
ACTTACGCATCCACGC-1,8
ACTTAGTACGACAAGA-1,5
ACTTATACTTACCCGG-1,6
ACTTATTAGGATCGGT-1,7
ACTTATTTATGTGCCA-1,6
ACTTCAGGCTGATCCC-1,8
ACTTCCATGCGGGACA-1,6
ACTTCGCCATACGCAC-1,4
ACTTCGCTAGCGAGTG-1,9
ACTTGACTCCCTCTTT-1,2
ACTTGGGACCCGGTGG-1,10
ACTTGTAGTCCCTTCA-1,11
ACTTGTGGATGGAACG-1,8
ACTTTACCCTCATGAA-1,6
ACTTTCCTATAGCTTC-1,4
ACTTTGACTGCATCCT-1,7
ACTTTGGTCGTGCTCC-1,3
ACTTTGTCGACGCACT-1,4
AGAAATTATGACTCGC-1,4
AGAACCCAGCGTGACA-1,2
AGAACCCTCAATTGGG-1,3
AGAACGTGGTACATTC-1,8
AGAAGAGCGCCGTTCC-1,7
AGAAGGTACACTTCAC-1,6
AGAAGGTTGCCGAATT-1,11
AGAAGTGATTCGTGAT-1,4
AGAATAAATCTTCAGG-1,6
AGAATTATGGATTCGA-1,2
AGAATTGTTTGACATA-1,6
AGACAGCTCAGAATCC-1,1
AGACAGGCATCTCAGC-1,4
AGACCAAACCACACCT-1,6
AGACCATGGGATACAA-1,1
AGACCCACCGCTGATC-1,10
AGACCCGCCCTCCTCG-1,1
AGACCGCTCCGCGGTT-1,4
AGACCGGGAAACCCTG-1,7
AGACGAAGTGCCGGTC-1,4
AGACGACGATGCCGCT-1,1
AGACGCCCACTTCGCC-1,8
AGACTAGCCTTCCAGA-1,5
AGACTGTTACCGGGTC-1,3
AGAGAAACACCAGAAA-1,3
AGAGAACCGTCTAGGA-1,2
AGAGAAGGAGTACAAT-1,3
AGAGATCTCTAAAGCG-1,11
AGAGCAGTTATGAGAC-1,1
AGAGCCGCCGAGATTT-1,4
AGAGCGGGCTAATCAT-1,5
AGAGCGTACAAGCTCG-1,1
AGAGCTACGAAAGCAT-1,5
AGAGGCTTCGGAAACC-1,6
AGAGTAAACTTCACTA-1,6
AGAGTATAGTGTTACG-1,2
AGATAACTTCAGGGCC-1,10
AGATACCAATAGAACC-1,8
AGATACCGGTGTTCAC-1,11
AGATACGACTTCATAT-1,5
AGATACTCAAGATCGA-1,8
AGATCGTGCATAAGAT-1,2
AGATCTCAGGTGTGAT-1,4
AGATGACTCGCCCACG-1,5
AGATGAGGGTTGCGAT-1,2
AGATGATGGAGTCTGG-1,9
AGATGCAAGACGTGCA-1,1
AGATGCATCCTGTGTC-1,7
AGATGCTATAACGAGC-1,5
AGATTATAGGACGTTT-1,7
AGATTCACAACCGATA-1,6
AGCAAAGGCCGCTAGT-1,7
AGCAACATATCTTATT-1,4
AGCAACCGAAAGTAAT-1,10
AGCACACGTTTAGACT-1,3
AGCACCAGTACTCACG-1,4
AGCACTACCGGCCTGT-1,11
AGCACTACCTCACCAG-1,6
AGCACTTAAGGACGCC-1,1
AGCAGAAGGAGAAAGA-1,7
AGCAGCCAGATGAATA-1,1
AGCATATCAATATGCT-1,6
AGCATCATTTCGAAAG-1,6
AGCATCGTCGATAATT-1,5
AGCCAAGCTTTGTGTC-1,7
AGCCACTCCCGTGCTT-1,2
AGCCCATACATGTAAG-1,8
AGCCCGGCATTAGAGG-1,3
AGCCCGGTAGCCTGTA-1,3
AGCCCTAAGCGAAGTT-1,5
AGCCCTCCCTGGTGGC-1,3
AGCCCTGTCGCACCGT-1,9
AGCCCTTCTAATCCGA-1,2
AGCCCTTGGACATCCC-1,4
AGCCGTGGCTAAATGT-1,8
AGCCTAATACCCACGT-1,6
AGCCTTAAAGCGGAAG-1,1
AGCGACAGGAACGGTC-1,3
AGCGACATCCCATTCA-1,5
AGCGACCAACGATATT-1,5
AGCGAGACGTGAAGGC-1,3
AGCGCATAATGAATCG-1,3
AGCGCGGGTGCCAATG-1,2
AGCGCTAGAGCGATGT-1,2
AGCGGACACTTCGTAG-1,7
AGCGGCGGTTAGCGGT-1,6
AGCGGGAAGGGTCCAT-1,5
AGCGTACGAGAGCTAG-1,5
AGCGTGGTATTCTACT-1,8
AGCTAACAAGCAATGT-1,3
AGCTAGAAGCAGAAGT-1,9
AGCTCCATATATGTTC-1,7
AGCTCCTTCGCACATC-1,6
AGCTCTAGACGTTCCA-1,9
AGCTCTTCCCAGTGCA-1,9
AGCTCTTCGTAACCTT-1,9
AGCTCTTTACTCAGTT-1,11
AGCTGAAGTAAACCAA-1,2
AGCTGTAACCTCAATC-1,3
AGCTTGATCAGGGTAG-1,1
AGCTTGATCTTAACTT-1,11
AGGAAGCTGTCCGCCG-1,6
AGGACAGTCGAATCCC-1,6
AGGACATCGCACGTCG-1,7
AGGACGACCCATTAGA-1,8
AGGACGCTCGATGTTG-1,9
AGGAGACATCCACAGT-1,2
AGGAGAGTCTGGCTAC-1,2
AGGAGGCCTTCGCGCG-1,7
AGGATAAAGTCGGGAT-1,6
AGGATATAGGGATTTA-1,7
AGGATCACGCGATCTG-1,8
AGGATTGCTTACGACA-1,9
AGGCACGTGACTGTCC-1,8
AGGCAGATGCGTAAAC-1,2
AGGCAGGGAGCGTACT-1,3
AGGCATTGTCGTAGGG-1,6
AGGCCACATTGGTTAC-1,4
AGGCCACCCGTTATGA-1,10
AGGCCCAGTGACTGGT-1,5
AGGCCCATTGTACAGG-1,5
AGGCCCTAGAACGCCA-1,4
AGGCCTGAGAATCTCG-1,7
AGGCGATAACTGGCGT-1,8
AGGCGGTTTGTCCCGC-1,1
AGGCTATGGTTAGCTT-1,1
AGGCTTCCCGAAGAAG-1,3
AGGCTTGCTAGACACC-1,1
AGGGACCGGCTGCGTT-1,2
AGGGACTCTACGCGAC-1,3
AGGGAGACATACTTCG-1,2
AGGGCGAGCAGCTGAT-1,4
AGGGCGTGATCGGCTA-1,5
AGGGCTGCAGTTACAG-1,4
AGGGTCAGAGCACTCG-1,3
AGGGTCGATGCGAACT-1,4
AGGGTGCCGTTCTTTA-1,3
AGGGTGCTCTCGAGGG-1,2
AGGGTGGATAGTGCAT-1,1
AGGGTTCCCTTTGGTT-1,2
AGGGTTTAGTTCGGGA-1,8
AGGTAACCTCCTATTC-1,5
AGGTAGATCGAGATAT-1,3
AGGTAGGTACAAAGCT-1,6
AGGTATAATTGATAGT-1,2
AGGTATGCGGACATTA-1,2
AGGTCAGGTGAGAGTG-1,4
AGGTCGCCTCCCAACA-1,8
AGGTCGCGGAGTTACT-1,9
AGGTGGTGACCTTCGC-1,6
AGGTGTATCGCCATGA-1,11
AGGTTACACCATGCCG-1,9
AGGTTCTCCTTTCCGG-1,3
AGGTTGAGGCACGCTT-1,4
AGGTTTCACACACCTT-1,8
AGTAATGTCTTGCCGC-1,5
AGTAATTTGCAAGCGT-1,3
AGTACATCATTTATCA-1,2
AGTACGGCCCGTATCG-1,11
AGTACGGGCACCTGGC-1,2
AGTACTCTTATGCCCA-1,8
AGTAGGAAGGAAGTTG-1,9
AGTAGGTAACATACAT-1,5
AGTATAATACTAGGCA-1,1
AGTATACACAGCGACA-1,3
AGTATGCTGGAGACCA-1,1
AGTATTTGGCACGACC-1,3
AGTCAAATGATGTGAT-1,3
AGTCAACACCACCATC-1,8
AGTCAAGATGACACTT-1,7
AGTCACTAGCTCTCGA-1,8
AGTCAGCCACCGCCTG-1,5
AGTCCATTGGCTGATG-1,4
AGTCCCGCCTTTAATT-1,9
AGTCCCTCGCAGAAAG-1,2
AGTCGACGGTCTCAAG-1,6
AGTCGGCCCAAACGAC-1,5
AGTCGGCTCAACTTTA-1,4
AGTCGGTTGCGTGAGA-1,2
AGTCGTCGACCACCAA-1,7
AGTCGTGGGCATTACG-1,1
AGTCTAAAGTATACTC-1,2
AGTCTCACAAGACTAC-1,1
AGTCTGGACATCCTTG-1,1
AGTCTTCTCCTCAAAT-1,4
AGTGAACAAACTTCTC-1,4
AGTGAAGATGGTGTCC-1,2
AGTGACCTACTTTACG-1,10
AGTGACTGTGACACAA-1,3
AGTGAGACTTCCAGTA-1,2
AGTGAGCCTCGCCGCC-1,9
AGTGATAACCTGCGCG-1,4
AGTGATATGAGTAGTT-1,10
AGTGATTCAAGCAGGA-1,2
AGTGCACGCTTAAGAA-1,6
AGTGCGTAGCTCGTAA-1,10
AGTGCTAAACACAGCA-1,7
AGTGCTTGCACGAATA-1,6
AGTGGCGGCAATTTGA-1,2
AGTGGCGTCTGAAGGT-1,7
AGTGGCTCCGTCGGCC-1,11
AGTGGTGTTACCCGTG-1,7
AGTGGTTGCGTATAGG-1,11
AGTGTATTGCGCATTG-1,9
AGTGTGCTAAGATCGC-1,1
AGTGTGGTCTATTGTG-1,1
AGTTAAACACTTGCGA-1,11
AGTTAAGCGGTCCCGG-1,1
AGTTAAGTCAACCGCT-1,6
AGTTACCCTTAAGACT-1,1
AGTTACCGCACATGGT-1,1
AGTTACTCTATCGTGG-1,2
AGTTCACCGGTTGGAC-1,7
AGTTCCTACAGAATTA-1,10
AGTTCCTATTTATGTT-1,8
AGTTCTGCGTTGTATC-1,5
AGTTGACATCGGCTGG-1,5
AGTTGACGGTCCTTGC-1,10
AGTTGCGGTCCTCAAC-1,3
AGTTGCTGACTGATAT-1,7
AGTTTATGTAAAGACA-1,2
AGTTTCGCAGGTCGGA-1,5
AGTTTGCACCTGCCTC-1,4
AGTTTGGCACGGGTTG-1,4
AGTTTGGCCAGACCTA-1,4
ATAAACGGACCCGTAA-1,8
ATAAACGTTGCACCAC-1,4
ATAAAGGCTCGGTCGT-1,7
ATAAATATTAGCAGCT-1,11
ATAACGCCGGAGGGTC-1,9
ATAACGGAGTCCAACG-1,8
ATAAGGTGGAGAACAT-1,8
ATAAGTAGGATTCAGA-1,9
ATAAGTAGGGCGACTC-1,2
ATAAGTTACCGCGACG-1,10
ATAATACCGTTAGCCG-1,7
ATAATAGCTGTTGAAT-1,6
ATAATAGTGTAGGGAC-1,6
ATAATCTTGGAGAACC-1,6
ATACAGGCCCTCCAAT-1,6
ATACCACGGGCAACTT-1,7
ATACCAGGCTAATAGA-1,1
ATACCTAACCAAGAAA-1,7
ATACGAAGGCTTTCCA-1,2
ATACGCCGGCGAAACC-1,9
ATACGGAACGTCGTTT-1,10
ATACGGGTTTCGATTG-1,2
ATACGGTGAAGATGCA-1,11
ATACGTACTTAGCCAC-1,6
ATACGTCCACTCCTGT-1,6
ATACGTTATGCACGGA-1,7
ATACTACCCGTACCAC-1,8
ATACTAGCATGACCCT-1,5
ATACTCTCGCCACTCT-1,5
ATACTGCCTTACACCG-1,8
ATACTTGTTCTCGAGC-1,1
ATAGACAACGGGACCT-1,2
ATAGACGAAGAGAAAG-1,10
ATAGAGTACTGGGACA-1,5
ATAGAGTTATCAACTT-1,2
ATAGCAACTAGGGAAG-1,7
ATAGCCTCAGTACCCA-1,1
ATAGCTGCTCTTGTTA-1,7
ATAGGCGGCTATAGAA-1,11
ATAGGCTAGCTTCGCA-1,9
ATAGGGATATCCTTGA-1,4
ATAGGTTGGGCAGATG-1,4
ATAGTGAAGCGTTCTC-1,4
ATAGTTCCACCCACTC-1,4
ATATAAAGCGCTCGTG-1,6
ATATAAATGTAGCTGC-1,6
ATATACGCTCGTGACG-1,8
ATATAGAGTATTGGTC-1,3
ATATCAACCTACAGAG-1,6
ATATCAATTCCAGCCT-1,7
ATATCGGTAGGGAGAT-1,2
ATATCGTTCCTCGAAC-1,8
ATATCTCCCTCGTTAA-1,2
ATATCTTAGGGCCTTC-1,4
ATATGTCTCCCTAGCC-1,6
ATATTCAGTTAAACCT-1,11
ATATTCCACATAGTGA-1,4
ATATTCCCACAGGTCA-1,5
ATATTGCTGTCAAAGT-1,6
ATATTGGAGAGGCCTT-1,4
ATATTTAACCCTCAAG-1,8
ATCAAACACTGTTCCA-1,6
ATCAAACGAAGGTTTG-1,1
ATCAATCTGGGCTGCA-1,8
ATCAATGCCGTGGCTG-1,3
ATCACATTAGAATATC-1,2
ATCACGTGCTAATTAA-1,4
ATCACTTCATCCTCGC-1,10
ATCAGACGGCACGCCG-1,11
ATCAGCCTCATGCTGC-1,4
ATCAGCTCGTCCACTA-1,6
ATCAGGTAGCTGACAG-1,9
ATCAGTAGGCAGGGAT-1,2
ATCATAGCCCTATGTA-1,6
ATCATCCAATATTTGT-1,4
ATCATGGACTACCGAC-1,10
ATCCAACGCAGTCATA-1,5
ATCCAATGGAGGGTCC-1,11
ATCCAATGGTACCGAA-1,11
ATCCACATCGACAGAA-1,7
ATCCAGAGCAACAACC-1,3
ATCCAGGATTCGTGAA-1,8
ATCCCATCCACAGCGC-1,3
ATCCTACCTAAGCTCT-1,10
ATCCTGAATCGCTGCG-1,11
ATCCTGCGTGGAATGG-1,10
ATCCTTCTGAAAGAAC-1,4
ATCGACCCAATACAGA-1,8
ATCGACTCTTTCCGTT-1,5
ATCGCACGATTGTTCA-1,1
ATCGCACGCCGGGAGA-1,5
ATCGCCAGTCAACATT-1,10
ATCGCTGCGTGCAGCA-1,2
ATCGCTTTACGTCTCA-1,9
ATCGGAGACAGACGGC-1,4
ATCGGCAAGCAGTCCA-1,9
ATCGGTTACCTAGTAA-1,11
ATCGTCCAATCGAGTC-1,5
ATCGTGGAAAGTCTGG-1,3
ATCGTTAGCTAGCGGA-1,7
ATCTAATATCCTACGG-1,6
ATCTCCCACGGAATAT-1,8
ATCTCGTGAGCGAAAC-1,4
ATCTGACATGGAAGGA-1,3
ATCTGATAGTGTCTTA-1,1
ATCTGCACCTCTGCGA-1,2
ATCTGGGCTGTTCTTG-1,7
ATCTGGTTAAGACTGT-1,8
ATCTGTAATTGTACCC-1,5
ATCTTAGGGCATTAAT-1,3
ATCTTGACCTGCAACG-1,5
ATCTTGACTTGTCCAA-1,2
ATCTTTCGTATAACCA-1,2
ATGAAGCCAAGGAGCC-1,5
ATGACGCCGGCTCTAA-1,5
ATGACGCGTTCTATCC-1,3
ATGACTATCAGCTGTG-1,3
ATGACTATGCGACATT-1,7
ATGAGGAGTGTTAATC-1,1
ATGAGGGCAGCGGCTA-1,9
ATGATCGGGAATAGAC-1,5
ATGATGCAATGGTACA-1,10
ATGCACCTTCCTTAAT-1,7
ATGCACGCGCTGTTCA-1,1
ATGCACTACCGCATTG-1,5
ATGCATGATCCAGGAT-1,4
ATGCCAATCGCTCTGC-1,2
ATGCCATTTGCGACCA-1,7
ATGCCGGTCTTGCATA-1,2
ATGCCGGTTGATGGGA-1,2
ATGCGACAGTCCCATT-1,2
ATGCGAGTCCCACCAC-1,6
ATGCTCAGTGTTGCAT-1,1
ATGCTCTGGCGCGGTA-1,6
ATGCTTAGGAGTTGAT-1,4
ATGGAAATTTAAGGAG-1,7
ATGGAACCTTTGCACA-1,2
ATGGAGCAGGCCGTGA-1,4
ATGGATCCGGCGTCCG-1,2
ATGGATTGACCAAACG-1,4
ATGGCAGCATTACGAT-1,3
ATGGCAGCCGAGAAAC-1,11
ATGGCGGAATAGTCGC-1,9
ATGGGACCTGCTGAAC-1,3
ATGGGCCTCGGCCTCT-1,7
ATGGGTGTATACCTCC-1,3
ATGGTATTTACTGATT-1,3
ATGGTCGCGTGGTTTC-1,6
ATGTAAGGCTGCTCTT-1,9
ATGTACATGCGGTGAG-1,7
ATGTACGATGACGTCG-1,10
ATGTGAAAGCCTAATG-1,4
ATGTGCATCCGACGCA-1,5
ATGTGGACATCTTGAT-1,6
ATGTTACGAGCAATAC-1,1
ATGTTCCTGCCCACCT-1,7
ATGTTCGTCGACCCAC-1,11
ATGTTGTAGTCTGTTT-1,3
ATGTTTCGGCCCGGAG-1,9
ATTAAACATGCGGACC-1,8
ATTAATACTACGCGGG-1,10
ATTAATGAACCAGTCG-1,2
ATTAATTCGGTCACTC-1,5
ATTACATGTCAGTCTT-1,4
ATTACCACACTGCCTG-1,4
ATTACGCGCTGGCAGG-1,11
ATTACGGGCTACGGTT-1,1
ATTACTAGCCTCTTGC-1,7
ATTACTTACTGGGCAT-1,9
ATTAGATTCCTCAGCA-1,9
ATTAGATTGATAGCGG-1,5
ATTAGGCGATGCTTTC-1,2
ATTATACTTTGCTCGT-1,7
ATTATAGCTACTTTAC-1,9
ATTATGAGACCCAATT-1,3
ATTATGCCATAGGGAG-1,5
ATTATTATGTCCGTCA-1,3
ATTCAAAGTACCTGTT-1,1
ATTCAACCATTTAAGG-1,7
ATTCACTGATGTTGGA-1,8
ATTCAGGACCTATTTC-1,9
ATTCAGTAGCAGGGTC-1,1
ATTCATATACTGTCCA-1,8
ATTCATCGTTGAGGCA-1,7
ATTCCCACATAAACAA-1,1
ATTCCTCCGCCAGTGC-1,4
ATTCCTTCCAGGCGGT-1,5
ATTCGACGCCGGGCCT-1,11
ATTCGTGCTATCTCTT-1,9
ATTCTCGTCTCTTTAG-1,5
ATTGAAGATCTTAGTG-1,10
ATTGACCGGCGATGAC-1,2
ATTGATAGCAACGAGA-1,5
ATTGATCACCACATTT-1,6
ATTGATGAGTCCTAAC-1,6
ATTGCCTATTAGACCG-1,3
ATTGCGATCAGTAACT-1,7
ATTGCTGCTCCTCCAT-1,8
ATTGGATTACAGCGTA-1,4
ATTGGGAATATCTTGG-1,5
ATTGTACAACTCGGCT-1,6
ATTGTCGCAATACCTT-1,2
ATTGTTCAACGATCCG-1,4
ATTTAACTCGTATTAC-1,5
ATTTACAGTTTACTGG-1,1
ATTTACTAAGTCCATT-1,6
ATTTCCGGGTTCTGCG-1,1
ATTTGCGCGAGTAGCT-1,1
ATTTGTCTTGGGAGCT-1,6
ATTTGTTCCAGGGCTC-1,10
CAAACGAGTATCGCAG-1,1
CAAACGGTCGCACTTT-1,1
CAAACTCGCGACGCCG-1,10
CAAAGATTATTGGGCC-1,1
CAAAGGTCATCTGAAA-1,4
CAAAGTCAGGTTAGCT-1,5
CAAATCTCTCACAAGG-1,4
CAAATGTCCTTCCGTG-1,10
CAAATTGGATTATGCC-1,9
CAAATTGTCAGCAAGC-1,10
CAACACATCTCCTGCC-1,9
CAACATGGCCTGATAA-1,10
CAACCAGTGGCCTACC-1,8
CAACCGCACCTAGACA-1,5
CAACCTACCGAGCAGT-1,7
CAACCTGAACCTGCCA-1,2
CAACGACCCGTTTACA-1,5
CAACGGTTCTTGATAC-1,7
CAACGTGGTGGAGTCT-1,8
CAACTCCTTGATCCCG-1,1
CAACTGCTCATCCGAT-1,3
CAACTTGTAGTGGGCA-1,5
CAAGACTCAGAAGCGC-1,9
CAAGAGGGCGGAGTAC-1,6
CAAGATATTATAACGT-1,6
CAAGCAACGTCGGAGT-1,1
CAAGCACCAAATGCCT-1,5
CAAGCGGCACATAATT-1,8
CAAGGATCGCATGTTC-1,2
CAAGGTCCTATAGGCT-1,2
CAAGTGTGGTTGCAAA-1,4
CAATAAACCTTGGCCC-1,4
CAATACGAGAGTCTGA-1,2
CAATACGCTCTGAGGC-1,11
CAATATTCTTGACCTA-1,3
CAATATTGGACTAGTG-1,5
CAATCCTGCCGTGGAG-1,5
CAATGAGGTTCGACTA-1,2
CAATGCGAGAAGTATC-1,6
CAATGGATCTCTACCA-1,2
CAATGTGCCAACCCTT-1,2
CAATTAAGGGTGATGA-1,4
CAATTTCGTATAAGGG-1,8
CAATTTGACCGGGAAG-1,1
CACAAGCTAAGAAAGG-1,3
CACAATGAGCTGCTAT-1,10
CACACACGCTAACGAG-1,8
CACACAGCTTGCGCTC-1,8
CACACAGGGATAGATT-1,1
CACACGCGCTGTCTTA-1,2
CACAGAGACGAGGACG-1,3
CACAGCACCCACGGCA-1,4
CACAGCTAGGGAGTGA-1,5
CACAGGGCCATATAGT-1,8
CACAGGGCCGTTGTCA-1,7
CACAGTCCCGCTTCGC-1,6
CACAGTTCGCTTCCCA-1,4
CACATATTAGCAGGAT-1,4
CACATCGTGCACGCGC-1,3
CACATCTCACCGACGA-1,8
CACATGATTCAGCAAC-1,8
CACATGTTTGGACATG-1,5
CACATTCTTTCGATGG-1,9
CACATTTCTTGTCAGA-1,10
CACCACGCCACACAGA-1,11
CACCAGTCAGCATGCA-1,3
CACCATCGGAGGAGAC-1,1
CACCCAAATCTTATGT-1,2
CACCCACACGTCACCC-1,5
CACCCACGAGGCAATT-1,2
CACCCGGTTTGTGACT-1,1
CACCCTAACAAGATCT-1,6
CACCCTTGGTGAGACC-1,6
CACCCTTTCCTCGCTC-1,1
CACCGCCAGAAGGTTT-1,10
CACCGCGTCCACTCTA-1,2
CACCGGTAGAGACATT-1,3
CACCGTATCCCATCCG-1,8
CACCGTTAGGGATCAC-1,1
CACCGTTGCGCGATAT-1,4
CACCTAATAGAGTCGT-1,6
CACCTAATCAGTTTAC-1,4
CACCTCGATGGTGGAC-1,10
CACCTTGCGAAACTCG-1,2
CACCTTGGCGCCTTTG-1,10
CACGAAAGTTAGTCCC-1,1
CACGCACAGCGCAGCT-1,4
CACGCAGCGAGGCTTT-1,10
CACGCGGAACTGTTGC-1,4
CACGGACGTGGATGGC-1,2
CACGGCGCGCCAAAGG-1,2
CACGGGATTGAGGGTT-1,1
CACGTCAATCAATGGA-1,8
CACGTCGGCAACCTCT-1,1
CACGTTCGTGCTCTAG-1,9
CACGTTTCGTACACAC-1,7
CACTAAAGTTGCCTAT-1,6
CACTACGGGAGCTGCC-1,8
CACTCAAGAGCTATGG-1,4
CACTCCTATGTAAGAT-1,1
CACTCCTCTCGGTCGG-1,2
CACTCGAGCTGAACAA-1,4
CACTCGGTTAGGAGGA-1,11
CACTCTTCTGCTAGCC-1,7
CACTGACGATTGTGGA-1,3
CACTGTCCAAGTGAGA-1,7
CACTTAATCAGACGGA-1,6
CACTTCGCCACAGGCT-1,5
CACTTCGTCTTATCTC-1,5
CAGAACTTAGCCCTCT-1,6
CAGAATAACACACGGA-1,8
CAGAATATTCGTTATC-1,4
CAGACACCGATCGCTG-1,3
CAGACCTGTAAGTGTT-1,2
CAGACGAACCTGATAC-1,1
CAGAGACGGTCACCCA-1,1
CAGAGCATGAGCTTGC-1,4
CAGAGGCGATGCATGA-1,1
CAGATACTAACATAGT-1,5
CAGATATGAAGATGAC-1,3
CAGATCATTTAAAGTC-1,2
CAGATCCTGGTTTGAA-1,8
CAGCAGCCCGTTCCTT-1,2
CAGCAGTCCAGACTAT-1,4
CAGCAGTCTGTGCTGC-1,7
CAGCCTCCTGCAGAGG-1,10
CAGCCTCTCCTCAAGA-1,2
CAGCGATTCCCTTCAA-1,3
CAGCTCACTGAGACAT-1,4
CAGCTCGACAAGTTAA-1,2
CAGCTCGTGCTTGTGT-1,5
CAGCTGGCGTAACCGT-1,4
CAGCTTAGTAGGTAGC-1,1
CAGGACAGCTGCCCTT-1,2
CAGGATATATCGTTGT-1,4
CAGGCCAGTACCACCT-1,3
CAGGCCGTTTGGGTGT-1,11
CAGGCGCACGGTGGTC-1,1
CAGGCGCCATGCTAGG-1,4
CAGTAACTATTTATTG-1,2
CAGTAATCCCTCCCAG-1,1
CAGTACATTCTCTAAA-1,2
CAGTACCAGTTTACGT-1,8
CAGTAGCCCACGCGGT-1,2
CAGTCGAGGATGCAAT-1,9
CAGTCTCTCGGCTAAT-1,10
CAGTCTGTATACTGGG-1,8
CAGTGAATAAATGACT-1,2
CAGTGGTTGCACATGA-1,5
CAGTGTCCGCAGAATG-1,5
CAGTGTCGGCTGGCCC-1,6
CAGTGTTAATCTCTCA-1,3
CAGTTCAAATTGACAC-1,10
CAGTTCCGCGGGTCGA-1,1
CATAACGGACAGTCGT-1,6
CATAAGAAGCTTGGCT-1,7
CATAAGCTCTCCGTCT-1,11
CATACAAAGCCGAACC-1,5
CATACACGGTTCCCAC-1,3
CATACCCGTACCCAGT-1,11
CATACGAACTAGCTGG-1,3
CATACGGCGTCTGGGC-1,8
CATACTATGTAATTGT-1,6
CATACTTAGGCAATAC-1,10
CATAGCCGCCCGGGAT-1,1
CATAGCGTTGCCCACC-1,1
CATAGTAGCATAGTAG-1,5
CATAGTCCACAAGAAC-1,11
CATATACTACTGATAA-1,2
CATATAGGTACAGTCA-1,10
CATATGTCAGGCTACG-1,4
CATCAACACCTACTAA-1,7
CATCATTACCCTGAGG-1,6
CATCCAATATAGTTTG-1,3
CATCCGCAGGCCCGAA-1,7
CATCCTCTCAAAGATC-1,7
CATCGCCCGCGGCCAA-1,5
CATCGGACGGGTTAAT-1,10
CATCGTCCGGTTACTA-1,1
CATCTAGTGAAGGGAA-1,4
CATCTATCCCGTGTCT-1,9
CATCTGCAGGATCATT-1,1
CATCTTACACCACCTC-1,4
CATGAACCGACATTTG-1,5
CATGACTTCGCTGAAT-1,6
CATGAGATGCACTCTC-1,8
CATGATGCACAATTCT-1,8
CATGATGGAAGTTAGC-1,4
CATGCCAACTCGCAAA-1,4
CATGCGACCAGTTTAA-1,9
CATGCGTTAGACAGAA-1,5
CATGCTGGCTCCAATT-1,5
CATGGATTGTCTTCCG-1,8
CATGGCAGGAAGATCG-1,5
CATGGGTATGCCTTAT-1,7
CATGGGTCGGGTGTGG-1,2
CATGGTAAGTAGCGTT-1,8
CATGGTATTAGTTTGT-1,1
CATGGTCTAGATACCG-1,4
CATGTAAGAGACATTT-1,7
CATGTCTCATTTATGG-1,6
CATTACATAGATTGTG-1,2
CATTACGTCGGCCCGT-1,5
CATTATCCCATTAACG-1,3
CATTATGCTTGTTGTG-1,1
CATTCCCATTCCGTCG-1,9
CATTCCCTAAGTACAA-1,5
CATTGATGAACACGCC-1,9
CATTGCGAAATGGGCG-1,11
CATTGCGGGTCAATTC-1,9
CATTGTGTGCTAGATC-1,5
CATTTAGCGGACCATG-1,2
CATTTCTAGCAGACTA-1,5
CATTTGAGTGGTACGT-1,1
CCAAACAGAACCCTCG-1,5
CCAAAGCAGTTGGTTG-1,5
CCAAATAACAAGATTC-1,4
CCAACCTTATGTAACT-1,3
CCAACGATGCACTGAT-1,1
CCAACTTGATAGATCC-1,4
CCAAGAAAGTGGGCGA-1,3
CCAAGACTTCTGCGAA-1,5
CCAAGCGTAACTCGTA-1,4
CCAAGGAACAGAGAGG-1,5
CCAAGTTTCTACAGAT-1,1
CCAATAGTGCCGTCGA-1,10
CCAATGTCACAGCAAG-1,8
CCAATTACGGGTCGAG-1,9
CCAATTGAATGTTAAT-1,5
CCACAATGTACGTCTT-1,2
CCACACTGAGATATTA-1,8
CCACAGCTGAAATCAT-1,5
CCACAGTACCCATCCT-1,7
CCACATACTGCACCCA-1,4
CCACATGGCTCTTTAT-1,7
CCACCAACTTTACTGT-1,1
CCACCCAAGGAAAGTG-1,9
CCACGAATTTAACCTC-1,9
CCACGGAGCCATAAGA-1,8
CCACGGTGCCCGGTAG-1,2
CCACGTAAATTAGACT-1,9
CCACTATCCGGGTCAC-1,2
CCACTGGTGGCTGGTT-1,11
CCACTGTTTGGATTAA-1,4
CCAGAAAGCAACTCAT-1,1
CCAGAGACAAAGCCGG-1,1
CCAGATAGTTGAGTGA-1,2
CCAGCCTGGACCAATA-1,4
CCAGCGGGATCACCAG-1,9
CCAGCTACGCCTCATA-1,5
CCAGCTCGAACGCATT-1,6
CCAGCTGATGGTACTT-1,11
CCAGCTTCCGCCCGCA-1,1
CCAGGCTGGCGTCTGA-1,4
CCAGGGACGTGGCCTC-1,1
CCAGTAGTCTGATCCA-1,2
CCAGTCAAATCTCTTA-1,11
CCAGTCCATTATTCGA-1,5
CCAGTCTAGACGGCGC-1,2
CCAGTCTTGTCATAGA-1,1
CCATAACCTGTGCAGT-1,6
CCATACCTTTACTTGT-1,6
CCATAGGTTGGCGTGG-1,5
CCATAGTCAGTAACCC-1,7
CCATATGGAAACTATA-1,8
CCATATTGGATCATGA-1,5
CCATCCATACCAAGTC-1,5
CCATCGCAGTTAAACT-1,10
CCATCTCACCAGTGAA-1,4
CCATCTTGTTCACAAT-1,1
CCATGCCCTAGATTTC-1,8
CCATGCCTGTTTAGTA-1,4
CCATGCTCTGCAGGAA-1,5
CCATGGCCCTTGTACC-1,10
CCATGTTCATCTATAT-1,3
CCATTAGCGATAATCC-1,10
CCATTCCCTGCCCACA-1,1
CCATTGTTTCCTCCAT-1,9
CCATTTCTACCTATTA-1,4
CCCAAACATGCTGCTC-1,2
CCCAACATACGTCGCG-1,11
CCCAATGAGATTTGCA-1,3
CCCAATTTCACAACTT-1,11
CCCAGAGGAGGGCGTA-1,2
CCCAGGTCTGAAGGCT-1,8
CCCAGTAAACTTGGGA-1,6
CCCAGTTAAGGCGCCG-1,2
CCCGAAGTTTCGCGAA-1,11
CCCGACCATAGTCCGC-1,4
CCCGAGTTTCTCCGTA-1,6
CCCGATAGCCTCGCCT-1,2
CCCGCAGCGCGAACTA-1,8
CCCGCCATGCTCCCGT-1,6
CCCGCGCAATGCACCC-1,1
CCCGGGTCGTTCAGGG-1,7
CCCGGTGGAAGAACCT-1,1
CCCGGTGTATCGGAAT-1,6
CCCGTAAGTCTAGGCC-1,11
CCCGTAGCTGGGAAGA-1,3
CCCGTCAGCGTCTGAC-1,5
CCCGTGAGGGCGGTGA-1,7
CCCGTTTCGCAGATGT-1,4
CCCTAGTGTCAGGTGT-1,5
CCCTATGTAGAGCAGA-1,3
CCCTCATTCTGGAATT-1,7
CCCTCCTCGCTCGTAT-1,8
CCCTCGATAATACACA-1,3
CCCTGAAATGAGTTGA-1,1
CCCTGACTAACAAATT-1,11
CCCTGATGTAACTCGT-1,5
CCCTGCCCAATCCGCT-1,7
CCCTGCGCTACGCATA-1,11
CCCTGGCTGTTCCTTC-1,7
CCCTGTTGGCAAAGAC-1,5
CCCTTTAATGGAGTTC-1,7
CCCTTTGACAGGTCTT-1,1
CCGAAAGTGGTGAGCA-1,6
CCGAACACTGGGCCTC-1,6
CCGAACCTTCCCGGCC-1,8
CCGAAGCATTGACCAA-1,3
CCGAAGGGCGTACCGC-1,9
CCGAAGTATATTGTTC-1,1
CCGACAAACACATGAG-1,1
CCGACAAAGGGAGTGC-1,11
CCGACAATAGGCCGCC-1,8
CCGACGGGCATGAGGT-1,3
CCGAGAAGTCGCATAA-1,6
CCGAGCTGTGCTTGTC-1,2
CCGATATGACGTAAGG-1,4
CCGATCTCAACCTTAT-1,4
CCGATTCGAGGGACCC-1,11
CCGCACAAAGACCAAC-1,9
CCGCACACGAACGTGT-1,10
CCGCACGTGACCTCGG-1,3
CCGCATGTGGTACGAT-1,6
CCGCCGGAACTTCTCG-1,8
CCGCCGGTCAACACAC-1,5
CCGCCGTTGAGGATAA-1,4
CCGCCTGCGAATTGGT-1,2
CCGCCTTGCGATGTCG-1,11
CCGCGATTTGGTAGGT-1,7
CCGCGGAATGCGTCAC-1,3
CCGCGGGTACGAAGAA-1,1
CCGCGTAGGTAAGGGC-1,1
CCGCTATCAGCACCAG-1,8
CCGCTTACCTCACTCT-1,8
CCGCTTGCTGACATGG-1,2
CCGGAAGTTATCAGTC-1,4
CCGGAATGGTTTCAGT-1,1
CCGGAGCGTACTTTCT-1,3
CCGGCACGACCGTTTC-1,2
CCGGCGCATATTGGAT-1,5
CCGGCGTGAGACTCTG-1,8
CCGGGACCCGCAGAGA-1,5
CCGGGCGGTCTCGTCA-1,2
CCGGGCTAAGAATTTC-1,3
CCGGGCTGCTCCATAC-1,2
CCGGGTTCGAGGTTAC-1,11
CCGGTAATGGCTAGTC-1,2
CCGGTGCGAGTGATAG-1,10
CCGGTTTGTAATTGTG-1,1
CCGTAAGTTGGTCCCA-1,9
CCGTACCCAAGCGCCA-1,5
CCGTAGGAAATCCCTG-1,7
CCGTAGGGTTGTTTAC-1,7
CCGTATCTCGTCGTAG-1,3
CCGTATTAGCGCAGTT-1,2
CCGTCAACCTCTGGCG-1,3
CCGTGAGGCATTCATG-1,2
CCGTGCCCATGACGGC-1,5
CCGTGGAACGATCCAA-1,9
CCGTGTTAAATTCCAT-1,10
CCGTTACGTTAGAACA-1,2
CCGTTCCGAATCTCGG-1,11
CCTAAATTAACGGTTC-1,8
CCTAAATTGTATCCTA-1,4
CCTAACCCAAACAAGT-1,4
CCTAACTAAGGCTCTA-1,2
CCTACATTCACAGACG-1,3
CCTACGGCTCAGTCGA-1,5
CCTACTGCTTACACTT-1,5
CCTAGGCGTAGCGATC-1,9
CCTAGGTAAAGGTAGC-1,6
CCTATAATGAGTGCCC-1,6
CCTATACCGTCCTGTC-1,1
CCTATATCGTGTCACG-1,3
CCTATATTTGTCCTGG-1,3
CCTATCTATATCGGAA-1,7
CCTATGAAGTGGTGCC-1,2
CCTATGGCTCCTAGTG-1,3
CCTATGGGTTACCGTC-1,4
CCTATGTCCACTCCAC-1,6
CCTCACCAATCTTGAC-1,5
CCTCACCTGAGGGAGC-1,9
CCTCACCTTAGCATCG-1,9
CCTCACGTCAGCTAAT-1,6
CCTCATGCAGCTACGA-1,5
CCTCCGACAATTCAAG-1,1
CCTCCTAGCTAGAGTC-1,3
CCTCCTGAGCCCACAT-1,6
CCTCCTGTTGTGTCGT-1,6
CCTCGCCAGCAAATTA-1,7
CCTCGCGCGATATAGG-1,9
CCTCGCGCTGTGCGAT-1,1
CCTCGGACCGGGATAG-1,6
CCTCGGATGCTACCTG-1,1
CCTCTAATCTGCCAAG-1,4
CCTCTACAAGGATTGG-1,3
CCTCTATCGATTAGCA-1,1
CCTCTCTCCCATCTAG-1,10
CCTCTGTACTATTCTA-1,7
CCTGAACGATATATTC-1,9
CCTGAATATTTACATA-1,4
CCTGACCACCGATGGT-1,7
CCTGCCCGTTGTCTAG-1,11
CCTGCGATAGAACTGT-1,5
CCTGCGTTCTACGCTT-1,1
CCTGCTATTTGAGAAG-1,5
CCTGGAAACGTTCTGC-1,2
CCTGGCTAGACCCGCC-1,1
CCTGGTCGAATGTGGG-1,7
CCTGTAAGACATGATA-1,11
CCTGTACTCACGCCCA-1,11
CCTGTCACCCGGGCTC-1,4
CCTGTCCCTCACGTTA-1,2
CCTGTCGCCCGTAAAT-1,4
CCTGTCGTGTATGAAG-1,3
CCTGTTTGAAGACACG-1,7
CCTTCAGTTAAAGTGA-1,3
CCTTCCGCAACGCTGC-1,3
CCTTCTCAGCGTTCCT-1,6
CCTTCTTGATCCAGTG-1,8
CCTTGACCACTTTATT-1,8
CCTTTAAGGGAGCACT-1,3
CCTTTCAATGAAGAAA-1,2
CCTTTGAATTATGGCT-1,7
CGAAACGCAATTCATG-1,11
CGAACAGTATGGGCGT-1,6
CGAACCCGCATGCGTC-1,1
CGAACGCCCAGTGCCG-1,10
CGAACGGCCGGACAAC-1,4
CGAAGCCACAGCATGG-1,1
CGAAGCTATAAATTCA-1,2
CGAAGGGTTTCAGATT-1,3
CGAAGTTGCTCTGTGT-1,1
CGAATCTGCTCGACGC-1,3
CGAATGAAGTCATTGC-1,3
CGAATGACGCATAATG-1,6
CGACAATTTGATCTAA-1,4
CGACACGCTCCGACAG-1,7
CGACAGTTCGCGTTAT-1,11
CGACCCTTAACGCCGG-1,8
CGACGCATCCGTACCT-1,6
CGACTCAGGATGTTAT-1,2
CGACTTTGTATAGCCT-1,9
CGAGACCCTAGAGTGT-1,8
CGAGAGATGTGAACCT-1,4
CGAGAGCGCGTAGATA-1,7
CGAGAGGGTAGCCGCG-1,4
CGAGATTTCGCTCGGG-1,9
CGAGCACTTCAAGTTT-1,1
CGAGCGTTGATCAGCC-1,5
CGAGCTGGGCTTTAGG-1,5
CGAGGAGCTTCCATAT-1,9
CGAGGATCGGGAACGA-1,2
CGAGGCCAGGCATTGG-1,5
CGAGGCTAAATATGGC-1,4
CGAGGGACTGCGGTCG-1,9
CGAGGGTATCCAGGTG-1,7
CGAGTACTAAAGAGGA-1,11
CGAGTGAAGGTACCAG-1,1
CGAGTGCTATAGTTCG-1,5
CGAGTTCTGTCCCACC-1,2
CGAGTTTATCGGACTG-1,6
CGATAATACTCAGGTT-1,9
CGATACCTCGCGGACA-1,10
CGATAGCGATACAGTG-1,3
CGATATTAGCCGCAGG-1,1
CGATCCGACCCAGTGC-1,7
CGATCCTCGCAACATA-1,3
CGATCTGTTGGAGGAC-1,4
CGATGGACCCTACGCC-1,9
CGATGTTGTTATCTAC-1,1
CGATTAAATATCTCCT-1,6
CGATTCGCCTGGCTGC-1,6
CGCAAACACGAGTTAC-1,1
CGCAATTACTTTCGGT-1,5
CGCAATTAGGGTAATA-1,5
CGCAATTCTACAATAA-1,1
CGCACATGTCCACTAC-1,6
CGCACGTCTGTTTATG-1,3
CGCACGTGCGCTATCA-1,4
CGCAGATCTTCACCCG-1,2
CGCAGGCGATCCAAAC-1,8
CGCATCCATCAGCCAG-1,2
CGCATGGTGCGATGCT-1,4
CGCATTAGCTAATAGG-1,10
CGCCAAGAAGCCGAGT-1,11
CGCCACAGGTCGCGAT-1,7
CGCCACCCGCATTAAC-1,1
CGCCATCCGATTATGA-1,2
CGCCCAGCACGCCTAG-1,3
CGCCCGCTTCCGTACA-1,2
CGCCCTAATTGTTCAA-1,3
CGCCCTTGAAGGCTGA-1,1
CGCCGACTATTCGCTA-1,11
CGCCGCCCATGCCTGT-1,6
CGCCGTCTACCCATCG-1,2
CGCCGTTCAGCATAGT-1,4
CGCCTCCCTCCTCTAT-1,2
CGCCTGGCCTACGTAA-1,11
CGCCTTTAGCATGCTC-1,4
CGCGACACTGCGCAGC-1,1
CGCGACCGCGACAGAT-1,6
CGCGAGTCTGCCGGGT-1,6
CGCGCAAATGTCCAGA-1,1
CGCGCATGTTTGATTG-1,3
CGCGCCCGACTTAATA-1,4
CGCGGCAGTATTACGG-1,5
CGCGGCTCAACTTGAA-1,4
CGCGGGAATTAGGCAG-1,2
CGCGGTAAGTCTAGCT-1,2
CGCGGTACGGTATACA-1,8
CGCGGTCACAAACCAA-1,2
CGCGTTCATGAAATAC-1,1
CGCTACGGGACATTTA-1,8
CGCTAGAGACCGCTGC-1,4
CGCTATACCGCCCACT-1,5
CGCTATTCAATGTATG-1,7
CGCTATTCTTAGGCTC-1,4
CGCTCGACATAATGAT-1,5
CGCTCTCCGTAGATTA-1,1
CGCTGGTGACTACCCT-1,4
CGCTGTGACGCCGCAC-1,5
CGCTGTGTGGATGTTG-1,3
CGCTTAGTATTGATAC-1,10
CGCTTATTCCCGGTCG-1,11
CGCTTCCACTGAAATC-1,1
CGCTTTCATACCGGTG-1,5
CGCTTTCTTGCATTCG-1,2
CGGAAAGAATCAAACG-1,3
CGGAAAGCAAATGTGC-1,1
CGGAACGTAAACATAG-1,1
CGGACGTTACTTGAAG-1,11
CGGAGCAATTTAATCG-1,6
CGGAGCATGGCGATCC-1,6
CGGAGTTTGAGAGACA-1,1
CGGATAAGCGGACATG-1,1
CGGATCCTCAAGGACT-1,7
CGGATGAATGCTGTGA-1,3
CGGCAAACATCGTGCG-1,6
CGGCAATAAGATCGCC-1,4
CGGCACTCAAGAAAGT-1,5
CGGCAGGGTCGGGTTG-1,2
CGGCCACGCACAAAGT-1,4
CGGCCAGAGCGACCAT-1,3
CGGCCCAACCTGTAGT-1,2
CGGCCCAGGTATATCC-1,4
CGGCGCCATCAATCCC-1,4
CGGCTCTAAAGCTGCA-1,6
CGGGAACGCCCTGCAT-1,1
CGGGAAGTACCGTGGC-1,3
CGGGAATATAGTATAC-1,6
CGGGAATTTATGTAAA-1,7
CGGGAGCTTCAGTGTA-1,6
CGGGAGTATACCGCCG-1,1
CGGGATCAATGTAAGA-1,5
CGGGCAGCTAAACCGC-1,8
CGGGCCATAGCCGCAC-1,5
CGGGCCTTCTTTGTAA-1,4
CGGGTGTACCCATTTA-1,2
CGGGTTTGTTAGGGCT-1,8
CGGTACTAGAATCAAA-1,6
CGGTAGAGGTGCAGGT-1,2
CGGTCAAGTGGGAACC-1,2
CGGTCAGTCCATATTT-1,10
CGGTCCATGAGACTCC-1,2
CGGTCCGTCGCAAGCC-1,3
CGGTCTATCAACCCGT-1,2
CGGTGAAGACTAAAGT-1,11
CGGTGCAGATAGAACG-1,11
CGGTGCGCGTTGGTCC-1,3
CGGTGGGCTCCAGCCT-1,2
CGGTGTACTTGATCCC-1,1
CGGTTATCCAACAGTG-1,9
CGGTTCAAGTAGGTGT-1,9
CGGTTCCGGCTTCTTG-1,5
CGGTTGACCTGGCATA-1,11
CGGTTGAGTATCCTTC-1,3
CGTAAACGCTTGAGTG-1,5
CGTAAAGCAAGAAATC-1,3
CGTAATAATTACGAGT-1,1
CGTACCGAAAGTCTAG-1,5
CGTACCTGATAGGCCT-1,8
CGTATTAAGAGATCTA-1,8
CGTATTGTTTCCTAAT-1,2
CGTCAAGGCTATAAAT-1,1
CGTCAATCTTTAACAT-1,5
CGTCACGTCCATTGGT-1,10
CGTCAGCTATTTACTC-1,1
CGTCAGTGCGCACAAG-1,5
CGTCATACCATATCCA-1,1
CGTCGCGGCGGGATTT-1,5
CGTCGCTTGGTTATAC-1,3
CGTCGGATAGTGTTGA-1,6
CGTCGGGTCTAAGCGC-1,8
CGTCGTCCTTCGCGAA-1,4
CGTCTGGAAGGGCCCG-1,5
CGTCTTGAGTGTGACG-1,9
CGTGAAGTTAATTCAC-1,4
CGTGACATTGGGTCGT-1,2
CGTGACCAGTCCTCTG-1,1
CGTGCAGACTGGGACA-1,9
CGTGCATTGTCGACGC-1,11
CGTGCCCTCCCGAAGA-1,2
CGTGCTGGCCTAGTCG-1,5
CGTGCTTCTACCTAAA-1,3
CGTGGAAGCCTCGTAC-1,4
CGTGGCCGAATATCTA-1,6
CGTGGTACCCAAAGGC-1,3
CGTGTCCCATTCGCGA-1,10
CGTGTCTCGTTACGAC-1,3
CGTGTGTTAAACCCTG-1,9
CGTTAAACTAGTTAGG-1,8
CGTTAATGTCCCGACG-1,6
CGTTAGCTCACAACTG-1,2
CGTTCAGACCCGCGAA-1,10
CGTTCATGGTGCGCGT-1,4
CGTTCTTCGCACACCT-1,9
CGTTGAATACCGCGCT-1,4
CGTTGAGCGACCGTCG-1,2
CGTTGCCCGCGTGGGA-1,3
CGTTGTAAACGTCAGG-1,1
CGTTGTAAGATTGATT-1,2
CGTTGTCGGCAATTGA-1,7
CGTTGTTTCAATTCCC-1,10
CGTTTAAGCGGAGCAC-1,5
CGTTTACAAGGCAGCT-1,9
CGTTTCACTTCGGGCG-1,9
CGTTTCGCTCATTACA-1,8
CGTTTGTGTAGAGGGT-1,1
CTAAAGAATGCCTACT-1,11
CTAAAGGGAAATAGGA-1,7
CTAAATCCGGTGTACA-1,3
CTAAATCCTATTCCGG-1,2
CTAACCGCGCGCCCGT-1,11
CTAACGAAACTTGCTG-1,2
CTAACTGATAATCGCC-1,4
CTAACTGGTCCGGTTC-1,1
CTAAGGGAATGATTGG-1,2
CTAATTCGCACGCGCT-1,1
CTAATTCTCAGATATT-1,2
CTAATTTCAACAACAC-1,1
CTACAAGAAATAACCC-1,3
CTACACTCGCAGATGG-1,4
CTACATATCGCGGGAC-1,3
CTACCCTAAGGTCATA-1,2
CTACGACTAGCTATAA-1,11
CTACGATCCTATCCTA-1,3
CTACGCACGGAGTACC-1,7
CTACGTGTTGCCACCA-1,1
CTACTATCATAGGTTT-1,1
CTACTATCTTTCAGAG-1,2
CTACTCAAGGTATAGT-1,3
CTACTCTAGGCCCGGC-1,1
CTACTGCCACCTGACC-1,4
CTAGATAAACTCCTCG-1,1
CTAGATGTGAGTGTAA-1,6
CTAGATTTACGACGGC-1,2
CTAGCATAGTATAATG-1,4
CTAGCCACAGGCGAGC-1,8
CTAGCCGATGTTATGA-1,9
CTAGCTTAATGGTCCC-1,4
CTAGGCGCCCTATCAG-1,7
CTAGGTCTGAAGGAAT-1,6
CTAGGTTCGGACGTGA-1,6
CTAGTAGAAAGGGATT-1,6
CTAGTCACGTCTTAAG-1,2
CTAGTGAAGGACAGGA-1,10
CTAGTTACAACCCGGT-1,6
CTAGTTGGGCCCGGTA-1,4
CTATAAGAGCCAATCG-1,6
CTATAGGCGTTGATGT-1,3
CTATATCCAGCCTGGC-1,3
CTATCGACGAAATACA-1,6
CTATCGCGTAGAGAAC-1,4
CTATCGGGTCTCAACA-1,8
CTATGCCCGAATGCAA-1,7
CTATGGGAAGCGGAAT-1,8
CTATGTCACTAGCCCA-1,4
CTATGTCTATTGAAAC-1,5
CTATGTGAGTCACGGC-1,8
CTATTCATGTGTCCCA-1,7
CTATTTGGTTACGGAT-1,9
CTCAAACCACTGCCCG-1,3
CTCAACTAACCCGGAT-1,7
CTCAAGACATTAGCGC-1,10
CTCACATTTACTAAAT-1,6
CTCACTTGGCTGGTAA-1,11
CTCAGATTGTGATAAG-1,11
CTCAGGACTCACCTGT-1,7
CTCAGTCACGACAAAT-1,9
CTCATCACTTAGTGAT-1,2
CTCATGGCTCACAATC-1,5
CTCATGGTAATTTGCG-1,6
CTCATTAACGTTGCCC-1,2
CTCATTGCTCTAACAA-1,6
CTCATTTGATGGGCGG-1,5
CTCCCAATGAGTCGCG-1,4
CTCCCTCCTTTCGATC-1,8
CTCCGCCCACATGAGG-1,11
CTCCGGCCTAATATGC-1,5
CTCCGGCTTGTAGACA-1,5
CTCCTAAGTTATGTCT-1,5
CTCCTCCAGCTCACAC-1,3
CTCCTGTTCAAGGCAG-1,8
CTCCTTTACGCAAGTC-1,2
CTCGAGACATACGATA-1,7
CTCGAGATCCAAAGCA-1,5
CTCGAGGTCGAACAGT-1,8
CTCGATATTTGCGAGC-1,2
CTCGCACCTATATAGT-1,4
CTCGCATTGCATAGCC-1,3
CTCGCCGAATGTAGGG-1,6
CTCGGGATAACACCTA-1,9
CTCGGGTTCTCTGGCC-1,3
CTCGGTACCACTGCTC-1,9
CTCGGTCCGTAGCCTG-1,5
CTCGGTTGTCGGCCCT-1,3
CTCGTCGAGGGCTCAT-1,3
CTCGTTTCTAATGTTT-1,2
CTCTAATGCATTGATC-1,2
CTCTACACTGGCGATT-1,6
CTCTATTTGGCTGCAG-1,8
CTCTCACAATCGATGA-1,8
CTCTCGCTGTACTATG-1,1
CTCTCTAACTGCCTAG-1,10
CTCTGCAGGCATTCTT-1,3
CTCTGCGAAGCAAGCA-1,5
CTCTGGACGCCTGGTG-1,4
CTCTTCTATTGACTGG-1,7
CTCTTCTGGAAGTTAG-1,3
CTCTTGTCCCGCTTGG-1,10
CTGAAAGAGATCCGAC-1,1
CTGAATCCGAGACCTC-1,1
CTGAATTTATTGCCAG-1,9
CTGACATAGAAATAGA-1,8
CTGACTGCGCAGCTCG-1,6
CTGAGAAAGTTCGGCG-1,4
CTGAGCAAGTAACAAG-1,5
CTGAGCGAGACTTATT-1,9
CTGATAGTGTATCTCA-1,8
CTGCAAGCACGTTCCG-1,8
CTGCACAACTACATAT-1,4
CTGCACCTAGTCCACA-1,2
CTGCACCTGGAACCGC-1,5
CTGCACTCCAGTACAG-1,4
CTGCAGAGAATCAGAG-1,7
CTGCCAAGGTTGGAAG-1,8
CTGCCATGCATCACAT-1,7
CTGCCCACGAAGCGTT-1,1
CTGCCTCATATGCAAC-1,9
CTGCCTTTAATACCTT-1,3
CTGCGGGTGAAATGTT-1,1
CTGCGTTACGATATAA-1,9
CTGCTGAGGCCACGAA-1,1
CTGCTGTCTAACGAGC-1,4
CTGCTTGGCGATAGCT-1,7
CTGCTTTATGTCCGCG-1,2
CTGGAAATGGATGCTT-1,10
CTGGAAGACACGGTGG-1,6
CTGGACGCAGTCCGGC-1,6
CTGGATTTACACTTGA-1,1
CTGGCATCCGAATGAG-1,4
CTGGCGACATAAGTCC-1,2
CTGGCGCACAGGTCTG-1,6
CTGGCGGGAATAAGTA-1,1
CTGGCTCCTGCGGGAT-1,1
CTGGCTGATTCATCCT-1,4
CTGGCTGGTTGTCAGT-1,3
CTGGGATAAATAATGG-1,9
CTGGGATACGCTACCC-1,2
CTGGGCCTGCTATATC-1,11
CTGGGTAGGCAGTTAA-1,2
CTGGGTTGAGTTAAAG-1,6
CTGGTAAAGTGTGGGC-1,8
CTGGTAACACATAGAA-1,6
CTGGTAACGAGCTCTT-1,9
CTGGTCATTCCAATCC-1,1
CTGGTGAATGGGCCTA-1,3
CTGGTTCAACGCATCA-1,5
CTGGTTCGCGAGCTAC-1,9
CTGGTTTCGAGCAAGA-1,6
CTGTACTTCTTAGCAT-1,8
CTGTAGCCATCTCACT-1,1
CTGTATGGTGTAGAAA-1,5
CTGTCAAATGGCTCGG-1,2
CTGTGCAGGGTAGGTC-1,2
CTGTGGTCGGGAGATA-1,6
CTGTTACCCAATCTAG-1,10
CTGTTCACTGCCTGTG-1,5
CTGTTCATCTCACGGG-1,5
CTGTTGTTCAGTCGTA-1,3
CTTAAATAAGACCCAT-1,1
CTTAACTTCGAAGTAC-1,10
CTTACACGGTATTCCA-1,10
CTTACACTGGGAAATA-1,5
CTTAGCCCGGATAGTG-1,1
CTTAGCCTTCCACATG-1,2
CTTAGGTATAGACCAG-1,3
CTTAGTAGGCCTACAG-1,6
CTTAGTGTAGTAGCAT-1,6
CTTAGTTGAGGAATCG-1,3
CTTATAGATGGCTGTT-1,8
CTTATGCGCTCAGGGC-1,11
CTTATGTTGACTACCA-1,5
CTTCAACTCCACTTGG-1,8
CTTCACGCCCTGGTAC-1,3
CTTCAGTGGTCGCCTA-1,10
CTTCATAGCTCAAGAA-1,7
CTTCATTGTCAGTGGA-1,4
CTTCCGCTCCGTGAAG-1,3
CTTCGGCCAATTGTTT-1,8
CTTCGTAGATAGGTGA-1,11
CTTCTATGTTGAAGTA-1,4
CTTCTATTAATGCTAG-1,3
CTTCTGGGCGTACCTA-1,3
CTTCTTACGTCGTATA-1,5
CTTGAGGTTATCCCGA-1,5
CTTGAGTTAGGGTAAT-1,8
CTTGCAACCGCCTCCT-1,11
CTTGCCCAGGCTCTAC-1,10
CTTGGCCAAGCTGGGA-1,1
CTTGTACTTGTTGACT-1,5
CTTGTCAACATTCGAG-1,7
CTTGTGAGTCTTTGAC-1,5
CTTGTGCTCACCGATT-1,9
CTTGTTGCTGAGTCAA-1,2
CTTGTTTATGTAGCCA-1,6
CTTTAACTTTCAAAGG-1,8
CTTTAATATTGGTCGA-1,4
CTTTACCGAATAGTAG-1,6
CTTTAGGAACACTGTT-1,7
CTTTAGTGCTATTATT-1,7
CTTTCTGTGCGGGCTT-1,6
CTTTGCATCGCTCTTG-1,7
CTTTGCTGTCATGGAT-1,4
CTTTGGCGCTTTATAC-1,8
CTTTGGCTTTAGTAAA-1,1
CTTTGGGATTGTTGCA-1,3
CTTTGTCGAATGCTCC-1,7
GAAACAGATGACCACC-1,8
GAAACAGCCATGCAGT-1,5
GAAACATAGGAAACAG-1,3
GAAACCATGGTGCGCT-1,2
GAAACCGAATTACCTT-1,10
GAAACCTATACAAATG-1,3
GAAACTCGTGCGATGC-1,1
GAAAGAACAGCGTTAT-1,4
GAAAGCAGTGCACTTT-1,3
GAAAGCCCTTTGGACC-1,11
GAAAGTGACTAACTGC-1,1
GAAATACTAAACGTTT-1,1
GAAATATCACCATCAG-1,11
GAAATCGCGCGCAACT-1,5
GAAATGGCGGTGTTAG-1,10
GAAATGGGATGTAAAC-1,5
GAAATTAGCACGGATA-1,2
GAAATTCACATCGCTG-1,5
GAAATTGTCTCTATAA-1,10
GAACACACATCAACCA-1,5
GAACAGATTACTAAAT-1,6
GAACCCTCTGTGTTCT-1,7
GAACCTCGACCTACAC-1,11
GAACCTTTAACGATCC-1,7
GAACGACCGAATGATA-1,5
GAACGATAAGTTAAAG-1,2
GAACGCGGGTCACACG-1,4
GAACGTCTCATGGTCG-1,2
GAACGTTAGGAAGACG-1,11
GAAGAAACGATATTGT-1,3
GAAGAACGGTGCAGGT-1,5
GAAGCCTGCACATTCC-1,7
GAAGCGTGAGGAATTT-1,4
GAAGCTCGGACCCGTC-1,10
GAAGCTTGCTGACCGC-1,1
GAAGGAGTCGAGTGCG-1,10
GAAGGCTACCATTGTT-1,9
GAAGGGCATAACCATG-1,1
GAAGTCAGTTGCACTA-1,1
GAAGTCTCCCTAGCGA-1,6
GAAGTGATTTATCGTG-1,8
GAAGTGCTGGATAGCT-1,5
GAAGTTTCCACTCAAT-1,11
GAATAGACGCGACCCA-1,6
GAATAGCATTTAGGGT-1,8
GAATAGCCCTGCGGTC-1,9
GAATAGTGCTCGATTA-1,3
GAATCGACATGGTCAC-1,5
GAATCGCCGGACACGG-1,5
GAATCTGAACATTCTC-1,7
GAATGCCGAAATGACC-1,1
GAATGCGAATCGGTTC-1,7
GAATGGGCTTATCGAC-1,11
GAATGTATGGCAGGTC-1,2
GAATGTGGTCCGGATT-1,2
GAATGTTGGGTAATCT-1,4
GAATTATAGTGAAAGG-1,8
GAATTCACCCGGGTGT-1,10
GAATTTCTCGCTGCAG-1,1
GACAAACATATGCAGG-1,4
GACAACGACCATTGAA-1,8
GACAACGCAGCTTACG-1,5
GACAAGAGATGAGATT-1,4
GACACAAGGGAAGAAA-1,4
GACACGAGTTAGAGGA-1,1
GACACTGAGTTCAGTG-1,1
GACACTGGAACCCGAT-1,8
GACAGATTTCTGGCTC-1,11
GACAGCCAGACCTGAC-1,6
GACAGGCACACACTAT-1,11
GACATACTGTCGCAGA-1,1
GACATCGATTTATAAC-1,10
GACATTTCGCCCAGCC-1,1
GACCAAACGTTGACTG-1,8
GACCAGAGCCCTGTAG-1,10
GACCCAATTATGATAC-1,6
GACCGACGTGAAAGCA-1,2
GACCGACTGAAGCGTC-1,11
GACCGATTAAATATGT-1,3
GACCGCGTCTGACGTG-1,4
GACCGTGCTGACGGTG-1,10
GACCGTTACATGCGAC-1,8
GACGACGATCCGCGTT-1,4
GACGAGGCTAATAAAC-1,8
GACGCATACCCGTCGG-1,3
GACGCCGTAAAGGCTA-1,3
GACGCCTGTTGCAGGG-1,5
GACGCTTGCTTCTAAA-1,11
GACGGGTTGGCCCGTA-1,3
GACGGTCAATAGAAGC-1,6
GACGGTCCTAGGGTGT-1,2
GACGTGAGACTCCATG-1,5
GACGTGTAGGGATTAT-1,1
GACGTTCGTAAATACA-1,9
GACTAAGATCATGCAC-1,5
GACTAAGTAGGCTCAC-1,5
GACTACAAAGCGGTGG-1,4
GACTCACCCACGTGAG-1,9
GACTCCCAGAATAAGG-1,2
GACTCCTTCCAATTGA-1,7
GACTCGCGGGAATGAC-1,2
GACTGCAAATCGAGCT-1,6
GACTGCACCAGCCCAG-1,4
GACTGCGGCACGTGTA-1,1
GACTGCTGGTGAGAAA-1,3
GAGAATCTCACGATCA-1,1
GAGACTGATGGGTAGA-1,10
GAGACTTCGCGACCGA-1,3
GAGAGCGCAGTCCCTG-1,1
GAGAGGGCGCGAGGTT-1,11
GAGAGGTGCATTCTGG-1,11
GAGATCTGCTTGGCAT-1,10
GAGATCTGTCACTCCG-1,4
GAGATCTTCCATGACA-1,2
GAGATGACAATCCTTA-1,2
GAGATGGGAGTCGACA-1,4
GAGCACCTGTGTCCAG-1,4
GAGCACGGCGCCTCTT-1,9
GAGCATCAACAACTTG-1,3
GAGCATCATCCCTGGG-1,5
GAGCCACGGTAGTAGG-1,5
GAGCCAGCTACCTGTG-1,6
GAGCGAGGGAGTACCG-1,5
GAGCGCAAATACTCCG-1,4
GAGCGCGCACGAGTAG-1,6
GAGCGCTGTTAGGTAA-1,3
GAGCTAAGGGCATATC-1,2
GAGCTCTCGGACCTAA-1,5
GAGCTGTCGTCTCGGA-1,9
GAGGAATGGAGAGGTT-1,1
GAGGAGATCCTCATGC-1,5
GAGGATAAACAGTGCT-1,2
GAGGCCCGACTCCGCA-1,8
GAGGCCTGTTGATACA-1,6
GAGGCTATCAAAGTCG-1,11
GAGGGAGTCAGATCGC-1,3
GAGGGCATCGCGTATC-1,5
GAGGGCGCAGCTCTGC-1,2
GAGGGTAGTAACAAAG-1,3
GAGGTCCCAAAGATCT-1,6
GAGTAAACCGGAAAGT-1,4
GAGTAAGGCCACGGGA-1,7
GAGTACGGGTATACAA-1,1
GAGTAGATACTAGTTG-1,6
GAGTATACCCTAATCA-1,3
GAGTATCAAAGTTACA-1,4
GAGTATGCCCGCCTTG-1,3
GAGTATGCGCGTGCAT-1,7
GAGTCAGACCAGAATC-1,3
GAGTCCGCTTACCGGA-1,10
GAGTCGACAGACCCTC-1,1
GAGTGTCAACCAGAAA-1,7
GAGTGTGCGGTACCCA-1,6
GAGTTGATGGCAATTT-1,6
GAGTTGTCACCAGTCT-1,3
GATAAATCGGTGGATG-1,7
GATAACTCGCACTGTG-1,6
GATAAGGCAGATGCAA-1,5
GATACCGTGTCGGAGT-1,9
GATACGATGGGAGTCA-1,10
GATAGGATTAATTACA-1,2
GATAGGTAACGTTGAC-1,6
GATAGGTGTCCCGGGC-1,2
GATAGTGCGAGTAAGT-1,3
GATATCAGTATGTATC-1,5
GATATCTCATGCAATA-1,5
GATATGAGACACTAAC-1,2
GATATGCGGTAGCCAA-1,2
GATATGGATTACGCGG-1,1
GATATTGAGATTGGCG-1,6
GATATTTCCTACATGG-1,9
GATCAACATAAAGGGA-1,3
GATCATTCCAAACATT-1,10
GATCCCTTTATACTGC-1,6
GATCCGAATATAAGTG-1,2
GATCCGGGAATTAACA-1,9
GATCCTAAATCGGGAC-1,2
GATCCTCGACACTGGC-1,1
GATCGACACTATCTGA-1,5
GATCGCGGGCTCTCCA-1,8
GATCGCTACCCGATTT-1,6
GATCGCTATATCTCAG-1,3
GATCGCTGTGGTGCGT-1,3
GATCGGATAGAACCAT-1,11
GATCGGCGATAAGTCG-1,1
GATCGGTGGCCATAAC-1,4
GATCGTGACTGATATC-1,2
GATCTAACCGTATTCA-1,7
GATCTCGACGCTGTGG-1,4
GATCTGCTATCTAAGG-1,1
GATCTTCATTGTCCTC-1,7
GATCTTGGAGGGCATA-1,2
GATCTTTGCAGGGTAT-1,11
GATGACAAGTAGGGCA-1,1
GATGACGATGATCGCG-1,2
GATGCCAGCAGAAGGC-1,1
GATGCCTTCTGCGGCA-1,1
GATGCGAATGGTATTA-1,1
GATGCGTCCTGCATTC-1,8
GATGCTACAAGCGCCT-1,5
GATGCTGTATTTCATC-1,2
GATGGCGCACACATTA-1,1
GATGTAACGAACCACC-1,8
GATGTTCAATCCACGA-1,11
GATGTTTGTGCGAGAT-1,1
GATTAACCGAAAGCCC-1,8
GATTACTGAATTTGGG-1,11
GATTCCCTTGTCGCAG-1,4
GATTCCTATACGGCGC-1,1
GATTCGACGGTTCACG-1,2
GATTGCTCCAGTTGCA-1,3
GCAAACCCTACATTAT-1,8
GCAAACCTTGGCCATA-1,6
GCAAACGTAAGCGACC-1,3
GCAAACGTCGCCAGGT-1,4
GCAAAGGGCGTTAGCC-1,3
GCAAATATTACGCTTT-1,10
GCAAATGAGGACACTT-1,11
GCAACACACTAGAACT-1,4
GCAACAGCAGTATGCG-1,6
GCAACCACCAGACCGG-1,2
GCAACCACGGCCGCGT-1,11
GCAACGGCTAGTTATG-1,9
GCAAGAATTCCTTGGC-1,11
GCAAGATGTGTTCGCG-1,7
GCAAGTGCACAGAGAA-1,5
GCAAGTGTAAAGCATG-1,3
GCAATTAGTCGCACCG-1,9
GCACAAACCCTAGATG-1,3
GCACAAACGAGGCGTG-1,4
GCACAACCTCGGGCGT-1,1
GCACAAGTGGATCATA-1,7
GCACACACTGGTAGCC-1,4
GCACACGCCCATGGTC-1,11
GCACGCCTACTTAGAT-1,1
GCACTAGTCGCGCTAT-1,5
GCACTGTGCAAATGTA-1,5
GCAGAAGGTAATCTCC-1,4
GCAGACCCAGCACGTA-1,4
GCAGATCCATAAGACT-1,6
GCAGATCCTCGCAAAT-1,1
GCAGATTAGGGATATC-1,4
GCAGCACACAGCCCAG-1,11
GCAGCCTATATCACAT-1,2
GCAGCGGTGGGCATTA-1,1
GCAGGAACTTAGATCT-1,6
GCAGGACTATAGAATA-1,11
GCAGGTAGAGTATGGT-1,9
GCAGTGCGGGCGGATG-1,4
GCAGTGTGGCTATAGG-1,7
GCAGTTCGATCCGAGC-1,4
GCATACGAGGTCTTTA-1,11
GCATAGAGCACTCAGG-1,4
GCATCCCTAACTTTGA-1,7
GCATCGGCCGTGTAGG-1,7
GCATGAGGGACGCGGC-1,2
GCATTCAAGGCAACGC-1,2
GCATTCGAAATGAACA-1,1
GCATTGTAATTCATAT-1,11
GCATTTCCAAGGCTCC-1,2
GCCAACCATTTCCGGA-1,2
GCCAAGAATACTTCTG-1,11
GCCAATAGGGCATCTC-1,6
GCCACAATTTAAGGAC-1,3
GCCACTCAGAGCGCGA-1,7
GCCACTCCTTACGGTA-1,4
GCCAGGAGTAACCGAT-1,2
GCCAGGCTTAGTGGTA-1,5
GCCATATTGCACACAG-1,2
GCCATCGAGCTGCGTG-1,3
GCCATCGATGCTGCAT-1,9
GCCATTAGCCTCAAAC-1,7
GCCCACCAAGGCTGTC-1,5
GCCCAGATGCTGGAGA-1,2
GCCCAGTTGGTATGCC-1,8
GCCCGACTTCTTCCCG-1,8
GCCCGAGAGTCTAAAT-1,3
GCCCGATCTGTGGTCG-1,6
GCCCGCGCGTAAACGG-1,3
GCCCGCGCGTTTGACA-1,6
GCCCGTAATACCTTCT-1,2
GCCCTAGCCGTCGCGA-1,8
GCCGAAATTCCTACGT-1,11
GCCGACCCACGACTGC-1,3
GCCGATTGGCCAAGCT-1,8
GCCGCACTCCGTTTCA-1,2
GCCGCATTAGTCCGGC-1,11
GCCGCTTGTGAGAAAC-1,11
GCCGGGTTAGGGTCGC-1,10
GCCGTGGAAGAAATGT-1,2
GCCTAGCGATCTGACC-1,7
GCCTATAGTGTCAGGG-1,2
GCCTATGCTGGGCCTT-1,2
GCCTATTCCGATATAG-1,1
GCCTCATCTGGAAATA-1,8
GCCTCCGACAATTCAC-1,7
GCCTCTATACATAGCA-1,6
GCCTTCAGCCCTACCG-1,5
GCCTTGTATATGCAGT-1,1
GCCTTTGTCAGTGGAC-1,3
GCGAAACGATCGGGAG-1,6
GCGAAACTTAACTGGA-1,6
GCGAAGCCATACCCGT-1,8
GCGACATGTAAACATC-1,9
GCGACCCAACCATCTG-1,3
GCGACGATAGTTGTAC-1,10
GCGAGAAACGGGAGTT-1,5
GCGAGAGGCCATGTAA-1,2
GCGAGAGTTGCGTCCA-1,2
GCGAGCGCATGCTCCC-1,2
GCGAGGCCCGAGCAGA-1,11
GCGAGTTCTGCAAAGA-1,4
GCGATTGTTAACGTTA-1,9
GCGCAAATATATTCAA-1,3
GCGCAAGAGCGCGCTG-1,4
GCGCATCCAGTCAGCA-1,2
GCGCCGTTCCACGATA-1,8
GCGCCTCCCACTCCGA-1,4
GCGCGTCATTGGTACA-1,4
GCGCTAATTGAATAGA-1,2
GCGCTATGCCGAGGCA-1,10
GCGCTCGATCACCTGT-1,8
GCGCTGATCCAGACTC-1,9
GCGCTGCTTTGCATTT-1,2
GCGCTTAAATAATTGG-1,4
GCGGACCGCGTTGTGG-1,3
GCGGAGAAACTTCGCA-1,1
GCGGAGAGGGAGAACG-1,4
GCGGCAAAGTATTGCC-1,1
GCGGCTCTGACGTACC-1,11
GCGGGAACCAGGCCCT-1,1
GCGGGCATTACGATGC-1,9
GCGGGCGAGCCTTACC-1,3
GCGGTAACCCAAATGA-1,1
GCGGTCCCTAGACGCA-1,5
GCGGTGAACTGCGCTC-1,9
GCGGTGCGGAGCATCG-1,7
GCGGTTCCCTATCATG-1,1
GCGTAAATGGCCATAA-1,6
GCGTCCCTAAGACATA-1,3
GCGTCGAAATGTCGGT-1,5
GCGTCGCCAGGGTGAT-1,6
GCGTCTAACCTCCTAA-1,9
GCGTCTCTGCATTGGG-1,11
GCGTGGTACTGGGTTA-1,6
GCGTTATATTTGGAAC-1,1
GCGTTCGGAGACCGGG-1,2
GCGTTCTGACTAAGCG-1,4
GCTAAACCTGAGGTGA-1,1
GCTAACTGAAGTCTGA-1,7
GCTAAGTAAAGGCGAT-1,1
GCTAAGTAGTTTCTCT-1,9
GCTAATACCGAATGCC-1,5
GCTACAATCGAGGATA-1,6
GCTACAGTACGGACCG-1,7
GCTACGACTTATTGGG-1,8
GCTACTATAGTAGAGT-1,6
GCTAGACCGTCTACTG-1,4
GCTAGAGTAGAGATGT-1,8
GCTAGCACCTGGGCCA-1,2
GCTAGCAGGGAGTGGG-1,2
GCTAGCGATAGGTCTT-1,3
GCTAGCTTGAATAGCT-1,3
GCTAGGCACCACGGAG-1,6
GCTAGTAGAGCTTGTA-1,8
GCTAGTTTCATTGAGG-1,5
GCTATACGTCTCGGAC-1,7
GCTATCATACTCATGG-1,6
GCTATCGCGGCGCAAC-1,5
GCTCAACCTCTTAGAG-1,1
GCTCAATCCGTTTATT-1,1
GCTCAATGTAATACCG-1,6
GCTCCATGAGTGCAGA-1,4
GCTCCCAGTCGGTCCA-1,2
GCTCCGCTCGCTTCAG-1,9
GCTCCTGACATACTGG-1,1
GCTCGCGGTTCCGCTC-1,1
GCTCGCTCATGTCCAA-1,4
GCTCGGAATTTAAAGC-1,2
GCTCTAAACCCTGACG-1,5
GCTCTATGTTACGTGC-1,1
GCTCTCGGGTACCGAA-1,10
GCTCTTTCCGCTAGTG-1,1
GCTGAACTCTCCAGGG-1,2
GCTGAAGGGTTCTTGG-1,3
GCTGAATCTTCCAATC-1,3
GCTGAGCAACGGTTCT-1,7
GCTGAGGCGTGAGTAT-1,7
GCTGCACGGTTTCTTA-1,2
GCTGCTAAGTAGTCGA-1,3
GCTGCTACTGCGTAGC-1,4
GCTGCTCTCCGGACAC-1,4
GCTGGCATATTCACCT-1,1
GCTGGCGGCGCATGCT-1,6
GCTGGTTTAGGCCATA-1,3
GCTGTATTACTGGCCC-1,4
GCTGTTGCTACCGAAC-1,4
GCTTAATGTAACTAAC-1,6
GCTTACGTAGTTAGTA-1,2
GCTTATGAAGCAGGAA-1,2
GCTTCCAGCTTAGATT-1,5
GCTTCCGTCCCTAGAC-1,2
GCTTCGACGTTCAATC-1,3
GCTTGATGATAATCAG-1,5
GCTTGCAGCACAATTG-1,2
GCTTGGATCGATTAGG-1,9
GCTTTCAGAGGAGGTG-1,9
GGAAACCTTGTTGAAT-1,2
GGAAACTAAATGGGCC-1,6
GGAAAGTGCCCATGCC-1,2
GGAACCCGAACAAGAA-1,1
GGAACCGTGTAAATTG-1,3
GGAACCTTGACTCTGC-1,3
GGAACGGCCTGCAGCC-1,1
GGAACTTTGGCGATTA-1,8
GGAATGCGCTAGCGTG-1,9
GGACAAGTTGCAGTGA-1,11
GGACACAAGTTTACAC-1,6
GGACCAACAGGATAAC-1,6
GGACCTACGGTAACGT-1,2
GGACCTCTAGGCCGCC-1,3
GGACTAAGTCAGGAGT-1,7
GGACTCACAAATTAGG-1,4
GGACTCGACAGCGCAT-1,10
GGACTCGTGAGTGGTC-1,3
GGACTCTTCCGGTTGA-1,4
GGAGAAGTCATTGGCA-1,4
GGAGACCAATGTGCTT-1,9
GGAGACCATCTACATA-1,6
GGAGACGACACCTTTG-1,8
GGAGCAACATTTCAAG-1,4
GGAGCACCAAGAACTA-1,2
GGAGGCCGAAGTCGTC-1,2
GGAGGGCTTGGTTGGC-1,9
GGAGGGTCAAGTAAGA-1,8
GGAGTGCCGCCCTGGA-1,5
GGATACTCATGAATTG-1,5
GGATCATCCCGTACGC-1,9
GGATCCCTACCAGCTA-1,5
GGATCCGGAATATACT-1,9
GGATCTTACTGCCCTT-1,3
GGATCTTGACTCAACC-1,6
GGATGAAGATCGCTGA-1,4
GGATGACGCGAGTTTA-1,11
GGATGCTGGCGTTCCT-1,11
GGATGTCCTTACCGCA-1,2
GGATTCAGTACGGTGG-1,6
GGATTCCGCTATACCC-1,2
GGATTGCTGTGACTCC-1,6
GGATTTCACTTCTATA-1,2
GGCAAAGGCGCCAATA-1,1
GGCAAATTACTTTACT-1,10
GGCAAGGCGAAATAGC-1,8
GGCAATAGTCAATGAG-1,4
GGCACTCAGCCGACCC-1,4
GGCACTCCACTGGGCA-1,10
GGCAGCAAACCTATGC-1,6
GGCAGCGGTAATCCTA-1,2
GGCATACAGGTAGCGG-1,10
GGCATATCGGTTCTGC-1,2
GGCCCGGAGCATGTCT-1,2
GGCCCGTATACCATGC-1,2
GGCCCTCACCCACTTA-1,11
GGCCGAGACTCTGGTG-1,3
GGCCGTTTGGGTTTCA-1,3
GGCCTGCTTCTCCCGA-1,8
GGCCTTTGCAACTGGC-1,11
GGCGAAATCTAACTTG-1,6
GGCGAGCGAAACGGCA-1,6
GGCGCAGGACATCTTC-1,11
GGCGCATGAATTGATG-1,10
GGCGCGGAGATCTTTC-1,4
GGCGCGTTCGAGTTTA-1,10
GGCGCTCCTCATCAAT-1,7
GGCGGAGTAATATTAG-1,10
GGCGGGCTCTAAGAGT-1,4
GGCGGTAGGATCATTG-1,4
GGCGGTTTGCCGGTGC-1,7
GGCGTCCTATCCGCTG-1,1
GGCTAAAGGGCGGGTC-1,9
GGCTACTATACACTCC-1,3
GGCTATTAAGTTGTAT-1,1
GGCTCCTCCACCTGTT-1,3
GGCTCGCGTTGAGGTA-1,2
GGCTCGTGCCACCAGC-1,6
GGCTCTGCTCCAACGC-1,4
GGCTGAAATAGCAAAG-1,4
GGCTGGCTAGCTTAAA-1,5
GGCTTTCAATAAGGGT-1,7
GGGAACGGGAGGTTAG-1,11
GGGAACGGTTTCAGAT-1,3
GGGAATGAGCCCTCAC-1,2
GGGACAGAGTTACTCC-1,1
GGGACCCGTATATCTT-1,3
GGGACTGCATAGATAG-1,8
GGGAGAACTCACAGTA-1,4
GGGAGGATGCCCGAAA-1,8
GGGAGTAATGGCTGGC-1,5
GGGAGTTAATGAGGCG-1,2
GGGATACGGTAATAAT-1,1
GGGATGGACCCGCGTC-1,3
GGGATGGTCGTAACCG-1,1
GGGATTTACCGCACCT-1,6
GGGCAACCGCACGTGC-1,10
GGGCAGACGTCACTGC-1,7
GGGCAGAGCAATCGTT-1,10
GGGCAGGATTTCTGTG-1,3
GGGCCATTCGTGCTGG-1,3
GGGCCCGTCTTAAACA-1,10
GGGCCCTACGAAAGGG-1,11
GGGCCCTTATCTATAC-1,11
GGGCCGGCCGAAGTAC-1,2
GGGCCTAAATGGGCTA-1,11
GGGCGAATTTCTCCAC-1,1
GGGCGATATGTGTGAA-1,8
GGGCGCAGCGTTACTC-1,9
GGGCGGCAAATGAATT-1,3
GGGCGGGTTCCCTACG-1,11
GGGCGGTCCTATTGTC-1,5
GGGCGTACATTTATAT-1,5
GGGCGTCACCACGTAA-1,1
GGGCGTCCACTGGCTC-1,2
GGGCGTGGTTTCCCAG-1,6
GGGCGTTTACATTCAT-1,3
GGGCTACTATTTCGTG-1,6
GGGCTATGATCGATGG-1,3
GGGCTCATCGAACCCA-1,2
GGGCTGCCTAGGGCGA-1,4
GGGCTGGTTAGTCGCG-1,10
GGGTAATGCTGTGTTT-1,5
GGGTACCCACGGTCCT-1,5
GGGTACTTCATGAACT-1,11
GGGTATGTATGCACTT-1,1
GGGTATTCTAGCAAAC-1,7
GGGTCACCGTGACGGT-1,8
GGGTCATGCGTACCAT-1,1
GGGTCCTTGGAAGAAG-1,3
GGGTCGTGGCAAGTGT-1,2
GGGTCTATCGCTTTCC-1,8
GGGTGACACCTTAACT-1,10
GGGTGCATATGAAAGC-1,6
GGGTGTTTCAGCTATG-1,5
GGGTTAACATTTGAGT-1,3
GGGTTCAGACGAACAA-1,1
GGGTTTAGGATAGGAT-1,10
GGTAACCGGGAGGATA-1,3
GGTAACTATGTATCTG-1,5
GGTACAAACATGCTAT-1,10
GGTACACCAGATTTAT-1,2
GGTACATCTGGGACGA-1,11
GGTACCATTAAGACGG-1,2
GGTACTAAGTGCTTTG-1,4
GGTAGAAGACCGCCTG-1,4
GGTAGACCGTTGGGCG-1,3
GGTAGTGCTCGCACCA-1,2
GGTATAGTGACACATA-1,2
GGTATTGCCGAGTTTA-1,8
GGTCAAGACTACTTCG-1,8
GGTCAGTGGGTCCCAC-1,7
GGTCCTTCATACGACT-1,5
GGTCGGATAAACGGCG-1,9
GGTCGGCCAGGAGCTT-1,2
GGTCGGTAATTAGACA-1,5
GGTCGGTCGTCCACAG-1,3
GGTCGTAAGCTCGCAC-1,4
GGTCTCCAAGTAGTGC-1,4
GGTCTCTGAATGGACT-1,1
GGTCTGAGAATCTGGA-1,9
GGTCTTGAGCGCTCTT-1,7
GGTGAACGGGCTAGCC-1,5
GGTGAAGTACAGGGAT-1,8
GGTGAGATGCAGATAA-1,5
GGTGATAAGGAGCAGT-1,2
GGTGATTTCATCTTGT-1,5
GGTGCATAAATGATTA-1,3
GGTGCGGATAAGTGGC-1,7
GGTGCTGATCACAAAG-1,3
GGTGCTGGTACACATT-1,1
GGTGGACTGCTCTGGC-1,6
GGTGGAGGTTGATACG-1,2
GGTGTTGGGCGTCTTA-1,4
GGTTACCACCCTCGGG-1,11
GGTTACCCGACACTTT-1,9
GGTTAGCTATATGTCT-1,6
GGTTAGGCTTGGAGAA-1,1
GGTTAGTTACGGCGCC-1,1
GGTTCGGATTATACTA-1,7
GGTTCTACTCGTCTGA-1,6
GGTTGTGCTCTTGTCC-1,1
GGTTGTGTAGCCTGGC-1,11
GGTTTAATTACCATCG-1,3
GGTTTAATTGAGCAGG-1,9
GGTTTACAATCTCAAT-1,4
GGTTTAGCCTTTCTTG-1,6
GGTTTCAATCGGTCAG-1,2
GGTTTGAGTGCTGGAA-1,5
GGTTTGTGACCTGAGG-1,6
GTAACATCTAAGATAA-1,8
GTAACTGCCCAAGGAG-1,3
GTAACTTGCGGCAGTC-1,5
GTAAGCGGGCAGTCAG-1,10
GTAAGTAACAGTCTGG-1,9
GTAAGTAGGGTATACC-1,1
GTAAGTCCACACTCTA-1,9
GTAATAAAGGGCTCCC-1,9
GTAATCTGATTCTTCG-1,3
GTACACTTACCTGAAG-1,8
GTACAGAGGCAAGGGT-1,9
GTACGACGGCGCTGCG-1,5
GTACGAGATTGCGACA-1,5
GTACGCTTCATTGCAC-1,10
GTACGTTTGCCCGTCA-1,8
GTACTAAGATTTGGAG-1,10
GTACTCCCTTATCGCT-1,11
GTACTCCTGGGTATGC-1,6
GTACTGAGGTCGTAAC-1,5
GTACTGCATGAAGCGT-1,5
GTACTGGAGTTAGACC-1,9
GTACTTGGGCACTTCT-1,1
GTAGAAACGGGTGGAG-1,1
GTAGACACGCCTGACT-1,6
GTAGACGTCGTTACAT-1,5
GTAGAGGGAGACAAGT-1,1
GTAGCCAAACATGGGA-1,7
GTAGCGGCTATACACT-1,2
GTAGCTCCGGGAGGCT-1,3
GTAGCTTCCTCTTGTT-1,2
GTAGGTGATCCGTGTA-1,7
GTAGTCGCGGGAATCA-1,8
GTAGTTCGAAGGCGAA-1,3
GTATAATCTCCCGGAT-1,1
GTATAGGACTCAGTAG-1,5
GTATATGTTACGGCGG-1,1
GTATCAAACGTTAGCT-1,6
GTATCAGCTTGGGTTC-1,6
GTATCTCAGTCTTGAC-1,1
GTATCTCGGGCGCTTT-1,3
GTATCTTTCATAACCA-1,10
GTATGAAATTTCACTC-1,6
GTATGACGTGGGAAAC-1,1
GTATGTGGGTCTAGTT-1,6
GTATTAAGGCGTCTAA-1,1
GTATTCTGAGAAACGA-1,1
GTATTCTTACCGTGCT-1,1
GTATTTAATGGCATAA-1,4
GTCAAAGAAGTGGTGT-1,10
GTCAAAGTTTACATAG-1,5
GTCAAGCGGACTCGGG-1,9
GTCAATGCTATAATTT-1,9
GTCACTCTCCAAATCT-1,1
GTCAGAATAGTCTATG-1,1
GTCAGACAGCGTTGGA-1,1
GTCAGTTTGGTAGTCG-1,1
GTCATCTCCTACAGCT-1,5
GTCATGCACCTCCGTT-1,4
GTCATGGACATGACTA-1,10
GTCATTAGAGCGAACG-1,4
GTCATTGCATTGACCC-1,1
GTCCAATATTTAGCCT-1,1
GTCCATTACTGCTACG-1,4
GTCCCAACGTAAAGTA-1,2
GTCCCGCGACGTTATG-1,8
GTCCGAGAGCAATCAT-1,1
GTCCGGACCTGAAATT-1,6
GTCCGGCTGAATTGCG-1,1
GTCCTACAGGCGGCTC-1,7
GTCCTACGAATAGTCT-1,7
GTCCTACTCTACGGGC-1,7
GTCCTAGGATACCTTA-1,3
GTCCTATTGTTGTGGT-1,1
GTCCTTCTACAACCCA-1,3
GTCGAATTTGGGCGCT-1,3
GTCGATAGGTGACTTT-1,4
GTCGCCGTTGTGTGTT-1,3
GTCGCGTAACCCGTTG-1,9
GTCGGATATCTCAGAC-1,1
GTCGGGAAGCAGAAAC-1,7
GTCGTACCATCTCGGG-1,7
GTCGTACCTACGATTG-1,11
GTCGTATTGGCGTACA-1,9
GTCGTCAATTATAAGG-1,5
GTCGTCTGGTTGGCTA-1,9
GTCGTGTCTGGTCATC-1,7
GTCGTTATTCGCTTAT-1,7
GTCTACTCAATTACAA-1,11
GTCTATCTGAGTTTCT-1,11
GTCTATTGGTTCCGGT-1,7
GTCTCAAGGCCCGGCT-1,6
GTCTCCTGCCAGTATG-1,3
GTCTCGACTAAGTTTG-1,2
GTCTCGATCTGCTTTC-1,2
GTCTGGGCGGTCGAGA-1,10
GTCTTGAGGAGCAGTG-1,10
GTCTTGTAGCTATTCA-1,10
GTGAAACGGCGCCACC-1,2
GTGAAACGTGCTCCAC-1,5
GTGAACTCCCATTCGA-1,2
GTGAAGATTTCAAGTG-1,2
GTGAAGCCGTATAGTC-1,9
GTGAAGTCACGACTCG-1,7
GTGACCGCACACTACG-1,8
GTGACCTAAAGAATAA-1,9
GTGACGAGGGTGACCC-1,9
GTGACTTCAGTAGTGC-1,10
GTGAGATAACCTTATA-1,3
GTGAGCGTGCTGCACT-1,10
GTGAGGACACTTAAGG-1,9
GTGAGTCTAAGACGGA-1,1
GTGAGTGGTACAACGC-1,3
GTGATCAAGCGTGCAC-1,3
GTGATCACTAACGCCT-1,6
GTGATCATAGATCTGC-1,10
GTGATCCTTGTCATGA-1,7
GTGATTCGCCGCTCAA-1,1
GTGCAACAAATGTGGC-1,5
GTGCAGCGTAGAGTAG-1,8
GTGCCATCACACGGTG-1,11
GTGCCCGTTCGGATTC-1,6
GTGCCGCTTCAAAGGT-1,4
GTGCCTAGCTATGCTT-1,5
GTGCGAAATCGAACAC-1,10
GTGCGACAGGGAGTGT-1,4
GTGCGGGTCTCCAAAT-1,5
GTGCGTGTATATGAGC-1,6
GTGCTCAAGTACTGTC-1,8
GTGCTGCAGATAAGGA-1,8
GTGCTTACATCAGCGC-1,4
GTGGACCAACCCGATT-1,4
GTGGACGCATTTGTCC-1,6
GTGGACGTGCTGAGAC-1,1
GTGGAGCATGTCGGCC-1,2
GTGGAGCGTTTACCGA-1,1
GTGGAGTCGGCGGTTG-1,1
GTGGCAAACAGCGGCA-1,8
GTGGCCGGTTTCTCGG-1,3
GTGGCGGTCCCAGCGT-1,11
GTGGGAAGACTGAATC-1,4
GTGGGCTTAGACACAC-1,10
GTGGTATAGTCTGCCG-1,3
GTGGTGATGGTTTGTG-1,4
GTGGTGGCCAAGTGAA-1,6
GTGGTTACTTCTTTCG-1,9
GTGGTTTCCGCCTTTC-1,11
GTGTACCTTGGCTACG-1,2
GTGTACGAACCGTTCC-1,2
GTGTATATCAGCGGGC-1,4
GTGTCAGTGTACGTGG-1,3
GTGTCGTATAGCGTTC-1,8
GTGTGAATAACTTAGG-1,9
GTGTTACTATGCGTCC-1,9
GTTAAAGTAGGACTGG-1,6
GTTAACATCACTTAAA-1,4
GTTAACTATGTTGTCA-1,9
GTTAAGGGTGCGATGT-1,7
GTTAAGTTAGAGTGGG-1,2
GTTAATGTCTATCTTA-1,1
GTTACAATTGGTGACG-1,11
GTTACCTACAACTTGC-1,4
GTTACTTTGGGCCTAG-1,10
GTTAGCCGTAAATCAA-1,9
GTTAGGCTACCCGTTT-1,8
GTTATAATACGGTGAA-1,8
GTTATATCAGGAGCCA-1,9
GTTATATTATCTCCCT-1,10
GTTATTAACGTGGGAG-1,1
GTTCACAGGAGTCTAG-1,1
GTTCATCGTTTGGCTG-1,6
GTTCCAGTCTGACCAT-1,5
GTTCCCGTAAACATAT-1,4
GTTCGACAATTGTATA-1,3
GTTCGCCATAAGTGCC-1,7
GTTCGCTGAGACGTCT-1,8
GTTCGGATCGGGAACA-1,10
GTTCGGGCGTACCATT-1,6
GTTCGTCTAAAGAACT-1,6
GTTCGTCTGGGTCCCT-1,9
GTTCTTCCCTCGATGT-1,5
GTTGAACCGGTTCCAT-1,11
GTTGAGTCCCGCCGGT-1,4
GTTGCACGGAGTTTCG-1,5
GTTGCGCTAACATTAC-1,2
GTTGCGGACGGTCAGG-1,4
GTTGGACCGCATCAGG-1,2
GTTGGATTCAGTGGCT-1,9
GTTGGATTGAGAACAC-1,2
GTTGGATTTGCGTTGG-1,10
GTTGGTCATGCTATCC-1,7
GTTGTCGTGTTAGTTG-1,5
GTTTACGTTCCATCTG-1,8
GTTTATGGGATTTAGA-1,1
GTTTCAAACGAGTTGT-1,8
GTTTCATATCGTCGCT-1,11
GTTTCCTGGAGGGTGA-1,5
GTTTCTGCAGTCTCCC-1,2
GTTTGACCAAATCCTA-1,8
GTTTGGCCCAAGTTAT-1,9
GTTTGGCCGCTCAGCG-1,5
GTTTGGGCTTGTGAGC-1,7
GTTTGGTAGGGTCAAC-1,10
GTTTGGTGATCGGTGC-1,3
TAAACCCAGGAGGGCA-1,1
TAAACGTCGTCAATGA-1,6
TAAAGACAACCCTTTA-1,2
TAAAGAGCCCGAAACC-1,5
TAAAGCGGTATTTCCA-1,3
TAAAGCGTTAGGAGAA-1,2
TAAAGCTGCAATAGGG-1,9
TAAATCTTTACACCTC-1,9
TAAATGAATCCGTTTC-1,1
TAACAAAGGGAGAAGC-1,5
TAACAATATTTGTTGC-1,1
TAACAGCGTTTGTGCT-1,3
TAACATACAATGTGGG-1,2
TAACATACACGCGATC-1,3
TAACCGCCCGCAGTGC-1,5
TAACCTACCGTCCGAG-1,6
TAACCTAGGGAGTCCA-1,6
TAACGCTTTGAGAGCG-1,1
TAACTATCGAAGGTCC-1,5
TAACTATTACGCCAAA-1,2
TAACTCATCCGCGCGG-1,10
TAACTCCATGGAGGCT-1,1
TAACTGAAATACGCCT-1,1
TAAGAGGGACAGGGAC-1,3
TAAGCAGGCGACACGC-1,11
TAAGCGCGAATCAAAT-1,3
TAAGGAACTTGTGGGA-1,7
TAAGGCAACATAAGAT-1,4
TAAGGCATAACATCAA-1,3
TAAGGCCCGTCACCCT-1,7
TAAGGCTGAATCCCTC-1,7
TAAGGGCCTGTCCGAT-1,4
TAAGGGCTGGGAGAGG-1,11
TAAGTAACATCTTGAC-1,4
TAAGTCGCCGAGTATC-1,1
TAAGTTGCGACGTAGG-1,7
TAATAAACAAGGAGAT-1,9
TAATACACAGTAGTAT-1,5
TAATAGAACAGAGTTA-1,1
TAATAGCTAAATGATG-1,2
TAATAGGTCACCAGAA-1,3
TAATAGTGACGACCAG-1,2
TAATATTGAAATTCGC-1,5
TAATCAACCAAATGGG-1,4
TAATCGATCCGTACGT-1,2
TAATGAAAGACCCTTG-1,1
TAATTACGTCAGTAGA-1,6
TAATTAGATGGATATG-1,5
TAATTAGGACATCCGT-1,10
TAATTGCGCTGATTAC-1,1
TAATTGGAATCGGGAA-1,2
TACAACGCACAACTCA-1,8
TACAAGTCTCGTGCAT-1,1
TACACCGTCGTTAGTC-1,9
TACAGAAACGGTGGGC-1,6
TACATAGGCATACACC-1,4
TACATCCCTATCCCTG-1,11
TACATGACCTTATCCG-1,1
TACATGCCGGAATTGT-1,4
TACATTTCTAACGTGC-1,8
TACCAAATAGCCCAGA-1,10
TACCAATAAAGTACCA-1,8
TACCAGAAGTAGGTTC-1,10
TACCAGGAATCCCGTC-1,3
TACCATGTATTGATTT-1,4
TACCGCGGACTTGCAG-1,7
TACCGGCTCACTGCCC-1,8
TACCGGTCGTTTCCAT-1,11
TACCGTAGGTTAACTA-1,3
TACCGTGCCTCGGACC-1,7
TACCTACTCCCAGTAT-1,10
TACCTCACGCTTGTAC-1,5
TACCTCAGTTGTCTGT-1,3
TACCTCCACACCAATG-1,3
TACCTGCTGCACTGTG-1,1
TACCTTAAGATTTCCC-1,10
TACGAACACGACTTCA-1,10
TACGACGCTTGCTGCG-1,10
TACGACTGCCTCTTAG-1,8
TACGAGAACTTCACGT-1,11
TACGATGTTGATCATC-1,11
TACGCAGTTCTTTCCT-1,10
TACGCCATATTCTAAT-1,4
TACGCCGAGGGTACCC-1,1
TACGCCGCCTCAGAAG-1,8
TACGCCTCCATTCCGA-1,10
TACGCTATAGAAACCT-1,6
TACGCTCGGTATTGGA-1,8
TACGCTGCTGTGTTAA-1,3
TACGGCATGGACGCTA-1,7
TACGGGATGCTAGCAG-1,2
TACGTAAAGCGGAGTG-1,6
TACGTACTAGTGCTGA-1,3
TACGTGCAAGGTTCCT-1,9
TACGTGCACTATGCTG-1,5
TACGTTTACCGGCAAT-1,11
TACTATGGTTCCTCAG-1,3
TACTCCTCTAGTTGAC-1,3
TACTCGGCACGCCGGG-1,11
TACTCTCCGAACAAAT-1,2
TACTCTTACTTTACTG-1,4
TACTCTTTCGTCTTCA-1,3
TACTGAACAGATTTAG-1,1
TACTGAGGGAAGAAAG-1,3
TACTGCAATCAATTAC-1,2
TACTGGACAGCTCGGC-1,11
TACTGTTTCTCTGGTA-1,4
TACTTGTTAGTAGTCC-1,2
TACTTTACTGAGCCGG-1,2
TACTTTCCGCACGCCA-1,4
TAGAAAGGTGGCGCTA-1,9
TAGAAATTCACGTATA-1,11
TAGAATAGCCGATGAA-1,6
TAGACGAAACGCCAAT-1,7
TAGACGCCCGTACCGG-1,2
TAGACTACCTAGCGTT-1,4
TAGACTCAGTTGGCCT-1,3
TAGAGATCATGCAACT-1,4
TAGAGCTACGAAGAAC-1,5
TAGAGGTTCTACTTGT-1,8
TAGAGTCTAAGCGAAC-1,10
TAGATATGGACTGGAA-1,1
TAGATGGTTCCTTACT-1,7
TAGATTCAAAGTGCGG-1,3
TAGATTCCTGGTTATT-1,10
TAGCAACCTGTCACAA-1,1
TAGCCAGAGGGTCCGG-1,10
TAGCCATTTCAAAGTC-1,6
TAGCCGGCGGTCAGCG-1,2
TAGCGTCCCTCGATTG-1,10
TAGCGTCCGGTGTGGT-1,4
TAGCGTTGGGTCTTAC-1,2
TAGCTAAGTCCGGGAG-1,10
TAGCTAGAAGGCATGA-1,1
TAGCTAGTGATGATGG-1,3
TAGCTCGCCTGATAAC-1,10
TAGCTGATGTGAAGCG-1,11
TAGGCATGTTACGCCA-1,2
TAGGCGATGAGGTCTC-1,7
TAGGCGGCTGCAAAGA-1,3
TAGGGAGCTTGGGATG-1,6
TAGGGTGTTTCAAGAG-1,5
TAGGTCCAAGTAAGGA-1,1
TAGGTCGCCGGAACTG-1,6
TAGGTGACGATAACCT-1,7
TAGGTGAGCCCTACTC-1,3
TAGGTGCTCGCCTAGC-1,6
TAGGTGTTCCACAGAT-1,10
TAGGTTCGAGTTCGTC-1,4
TAGTACCACAACTTTC-1,3
TAGTACCTTAGTGGTC-1,1
TAGTAGCTTATACCAG-1,3
TAGTCCCGGAGACCAC-1,3
TAGTCCGCAGAGAATG-1,10
TAGTCCGTATGCATAA-1,7
TAGTCCTGCACTAAGC-1,3
TAGTCGATCACGGGTT-1,6
TAGTCGGGATTCTTCG-1,7
TAGTCTAACAACGAGA-1,11
TAGTCTGTGACGTTGC-1,9
TAGTCTTTCCGAATTG-1,4
TAGTGCCCTCCAGAGT-1,8
TAGTGCTTGAATCCTT-1,5
TAGTGTCAGAAACGGC-1,1
TAGTTTATTCTTGCTT-1,5
TATAAATCCACAAGCT-1,5
TATAAGTGAGGATAGC-1,7
TATACACAGACGCCTT-1,10
TATACACGCAAAGTAT-1,6
TATACCGAGTGCCACA-1,8
TATACGCGTCATCACT-1,7
TATACTCATGCGGCAA-1,1
TATAGAGTCGCTTGAA-1,3
TATAGATGGTCGCAGT-1,4
TATAGCGCACGTTATC-1,7
TATAGGGTACTCATGA-1,11
TATAGTTAGGTGTACT-1,1
TATATAGGGCTTTACG-1,3
TATATATCGAGAAATG-1,1
TATATCATTGATCAGT-1,1
TATATCCCTGGGAGGA-1,6
TATATGCTGGGTTGCC-1,1
TATATTACAAATGTCG-1,2
TATCAAAGGTCTGTAA-1,1
TATCACCCAACCGACC-1,6
TATCACTTCGAGTAAC-1,9
TATCAGTGGCGTAGTC-1,7
TATCCAATTGGTTATC-1,7
TATCCATATCATGCGA-1,5
TATCCATCTCGGTTAG-1,3
TATCCGCACCGTCGGG-1,3
TATCCTGCATGGGAAT-1,5
TATCGATCTATGCATA-1,2
TATCGATGATTAAACG-1,5
TATCTACAGAGGTAAT-1,3
TATCTACCACAGCGGG-1,8
TATCTAGCCTAAAGGA-1,11
TATCTGAGCCGATATT-1,3
TATCTTGCAATACAAC-1,8
TATGAAGACAGGTGCG-1,1
TATGATCCGGCACGCC-1,2
TATGATCTTCTCTTTA-1,8
TATGCTCCCTACTTAC-1,10
TATGGATGTGCTACGC-1,1
TATGGCCCGGCCTCGC-1,1
TATGGCTAGGCTAATT-1,2
TATGGGACCGAGCAGG-1,8
TATGGGTACGTATCGT-1,4
TATGGTCTGAGTAACA-1,4
TATGGTTAGTGGGAGA-1,4
TATGTAAAGTGCTTAA-1,3
TATGTAGAAACCCGGC-1,1
TATGTCAAGACCGACT-1,2
TATGTCTCATTGTGCC-1,9
TATTAACACCAAAGCA-1,7
TATTAACCTGACCGCG-1,3
TATTACCATCCTGCTT-1,8
TATTATGTTTGCCTGC-1,1
TATTCAATTCTAATCC-1,2
TATTCCACTCAGCTCG-1,1
TATTCCGAGCTGTTAT-1,6
TATTCCTCCGCCCACT-1,10
TATTCGTGCCAGAATA-1,4
TATTGACATTTCTGCC-1,2
TATTTAGTCTAGATCG-1,5
TATTTGATTTGCACAG-1,4
TATTTGTTACCCTTTA-1,5
TCAAACAACCGCGTCG-1,5
TCAAACTTAGATTGTT-1,4
TCAAAGAGCTATCTGT-1,7
TCAAAGTCACGGCGTC-1,3
TCAAATTTGAGACTCA-1,6
TCAACAAAGATAATTC-1,3
TCAACACATTGGGTAA-1,5
TCAACATAGCGCCCTA-1,3
TCAACATCGACCGAGA-1,6
TCAACCATGTTCGGGC-1,5
TCAACGAGGAGACAAA-1,10
TCAACGCAGGAAATAA-1,10
TCAACGCGACCGGCAG-1,11
TCAACTAACGTATAAC-1,3
TCAACTGCAGAGTCAG-1,4
TCAAGAAATACTAGCT-1,2
TCAAGCGCGGACGGTA-1,4
TCAAGCTGCCTTGAAA-1,9
TCAAGGTTACTACACC-1,8
TCAATACGCCGTCATG-1,7
TCACAAACCGAGGTAC-1,7
TCACAGATCCTCAAAC-1,5
TCACAGCAAACTCGAA-1,1
TCACAGGAGAATAAGA-1,3
TCACAGGGAATCGCAA-1,6
TCACAGGTTATTGGGC-1,10
TCACATCTTATCTGAT-1,1
TCACCCTCTTAAGATT-1,8
TCACCGCTCGGCACTC-1,2
TCACGATGTCCGTGGA-1,1
TCACGCATTGTAGATC-1,6
TCACGGCCCAAGAGAG-1,3
TCACGGTCATCGCACA-1,5
TCACGTGCCCGATTCA-1,8
TCACTCGTGCAACGGC-1,2
TCACTCTTCGTCTGTC-1,7
TCAGAACCTCCACAGG-1,2
TCAGACGCTATAGAAG-1,8
TCAGCAAATGCATCTC-1,10
TCAGCAGTAGGCCCTG-1,3
TCAGCCAATCCGTAAA-1,6
TCAGGGCGCAAACTCG-1,1
TCAGGGTGTAACGTAA-1,4
TCAGGTTCTTTGAGAA-1,10
TCAGTACTGACCCGCG-1,1
TCAGTAGGGACTATAA-1,1
TCAGTGTATACGTCAT-1,3
TCATACTTACAGATCC-1,1
TCATCACTCGAGCTCG-1,1
TCATCGATGGTCCCAA-1,3
TCATGCAGGTTCTCAT-1,9
TCATTTAAGTCTCCGA-1,6
TCATTTAGAAGTGTGA-1,8
TCCAACTTTAAATTCT-1,11
TCCAATAAAGGCTACC-1,3
TCCACAATGGTTTACG-1,3
TCCACCTCTAGCCTTT-1,3
TCCACTTTATCTAGGT-1,9
TCCAGAGCACCGGTTC-1,2
TCCAGATGTACGCCAA-1,2
TCCAGCGCTATAAGCG-1,4
TCCAGGCGAGTACGGT-1,8
TCCAGGGTATATACGA-1,7
TCCATCAATACTAATC-1,3
TCCATTAGTTGGATAG-1,1
TCCCAAACAGACAACG-1,2
TCCCAAAGACGAAGGA-1,10
TCCCAAAGCCCTAAAT-1,10
TCCCACTCTCTTCCGG-1,9
TCCCAGCACACGACAT-1,4
TCCCAGCTTTAGTCTG-1,8
TCCCAGGCTTAGCTAA-1,10
TCCCGCCTATGTGCGT-1,9
TCCCGCGTACTCCTGG-1,4
TCCCGGGTGTGCTGCT-1,10
TCCCGGTCAGGAATTT-1,5
TCCCGTCAGTCCCGCA-1,4
TCCCGTCGCGTCATAG-1,2
TCCCGTGTGCAATTTG-1,2
TCCCTAGATCAATAGG-1,9
TCCCTGGCGTATTAAC-1,3
TCCCTGGCTCGCTGGA-1,10
TCCCTTAGATTACTCG-1,9
TCCGAACGTTGCCGCT-1,8
TCCGAACTTGGCTTAC-1,11
TCCGAATGGTCCTGAG-1,9
TCCGACCGCTAATCAA-1,10
TCCGATAATTGCCATA-1,5
TCCGATGACTGAGCTC-1,4
TCCGATGGTGCGACAT-1,5
TCCGATTACATTGCCG-1,1
TCCGCAGCCACCTAGC-1,5
TCCGCCTGTCTACAAG-1,6
TCCGCGGCAGCATCTG-1,2
TCCGCGGCCCAATGAA-1,6
TCCGCTGTCATCCCGG-1,8
TCCGCTTATCCCATTA-1,7
TCCGGCCTAGCGTACA-1,9
TCCGGTTCGTCCGGTC-1,3
TCCGTAACCACAATCC-1,1
TCCGTTAAGCTAATAT-1,7
TCCGTTTAGCCTTGAA-1,2
TCCTAAATTGGGAAGC-1,8
TCCTAACCGTCGGGCA-1,3
TCCTACATCCACGGCC-1,10
TCCTAGCAAAGAAGCT-1,11
TCCTATCATAGGTAAC-1,6
TCCTCCTAAGACATTC-1,4
TCCTCGGGCTGGGCTT-1,9
TCCTCTACGAGATGGC-1,1
TCCTCTCCAGTTGTCC-1,3
TCCTGCGTTGATACTC-1,11
TCCTGGCGCTGCCTGG-1,7
TCCTTACGACGGTCCG-1,6
TCCTTCAGTGGTCGAA-1,1
TCCTTTAAATCCGCTT-1,8
TCCTTTCTTACGCTTA-1,4
TCGAAATTTAGGACCA-1,1
TCGAAGAACCGAGCAC-1,6
TCGAATATCCCGCAGG-1,3
TCGACAACTGAACCCG-1,1
TCGAGACCAACACCGT-1,6
TCGAGCCAGGCAGGCC-1,1
TCGAGGGCAACAGACG-1,4
TCGATAGGCTAGTCGC-1,1
TCGCAAAGATGCATTT-1,8
TCGCACCAGGAGGCAG-1,4
TCGCATAAAGGGCGCA-1,8
TCGCATCCCTAAGTGT-1,5
TCGCATTCAATGACTT-1,5
TCGCCGAAGTTGCGTC-1,11
TCGCCGCACCGCGTGA-1,7
TCGCCGGTCGATCCGT-1,5
TCGCGCGTTTACATGA-1,3
TCGCGTAGCAGTGTCC-1,7
TCGCGTCCAGAAGGTC-1,1
TCGCTAAACCGCTATC-1,2
TCGCTCGATATATTCC-1,4
TCGCTCGGCACCAGCG-1,2
TCGCTGGGCGGATTGT-1,8
TCGCTGTGCGTAAATC-1,5
TCGCTTTAAACGTTTG-1,2
TCGGAATGCGCTCTGA-1,1
TCGGACGCCCAGCCCA-1,9
TCGGAGAGTATCGGGA-1,4
TCGGAGTACATGAGTA-1,2
TCGGAGTCCTGGTTGC-1,10
TCGGATCTGGATGACC-1,3
TCGGCGAACCCAAACC-1,6
TCGGCGTACTGCACAA-1,6
TCGGCTTGTATCGACG-1,8
TCGGGAACGTGCCTAG-1,9
TCGGGAGACAGCGTAC-1,7
TCGGGATTCAAACATA-1,11
TCGGGCCGTCGTGGTA-1,7
TCGGGTGAAACTGCTA-1,5
TCGGTCCCGACAATAG-1,10
TCGTAAGACGACATTG-1,10
TCGTAAGCTCCGAGGA-1,2
TCGTATAGTGCAATTA-1,5
TCGTATTACCCATTGC-1,11
TCGTCAAGTACGCGCA-1,1
TCGTCACACTGTTAGC-1,1
TCGTCCGCTGGCGTCT-1,5
TCGTCTTAGGCGTTAA-1,6
TCGTGTACTATGGATG-1,7
TCGTGTATTGGTCACG-1,7
TCGTGTCACGCTGACA-1,7
TCGTGTTCGACCACAA-1,7
TCGTTAGGAGTCCCTA-1,3
TCGTTGCTATCCGGTC-1,1
TCGTTGGCTCGTCAAT-1,5
TCTAAAGAACAGTCTC-1,6
TCTAACTGTATGTAAA-1,1
TCTAATACTGCCTCAG-1,1
TCTACCCAATAGAGAG-1,8
TCTACCGTCCACAAGC-1,4
TCTAGCAATCTCCGCC-1,4
TCTAGCATCTTCGATG-1,8
TCTAGCATGCCCAGAA-1,10
TCTAGGTGGCGACGCT-1,9
TCTAGTGATATCGTGG-1,4
TCTAGTTATCAGAAGA-1,4
TCTATCATGCAGTTAC-1,7
TCTATCGGTCGCAACA-1,5
TCTATTACGCTGGCGA-1,5
TCTATTACTAGAGGAT-1,7
TCTCATGAGATAGGGT-1,6
TCTCCAACGTAGGTTA-1,10
TCTCCACAAGTTGAAT-1,7
TCTCCCTGGGCAGCGT-1,6
TCTCGACGTATCGCCG-1,10
TCTCGAGGAGGTTCGC-1,4
TCTCGGCTCCAGGACT-1,5
TCTCGTGTTACGAGGA-1,7
TCTCTAATAGCTGGTA-1,5
TCTCTCGCCGCACATA-1,8
TCTCTTACCGCGAACC-1,3
TCTGAACCGGTCGGCT-1,6
TCTGAACTCGTACCCG-1,6
TCTGAAGCACGTGGTC-1,6
TCTGAATTCCGTACAA-1,2
TCTGACGGGCTAACCC-1,2
TCTGACTGTAATGGTT-1,10
TCTGAGCAATTGACTG-1,4
TCTGATCGGGTGCTAG-1,9
TCTGATGTATTCTGTC-1,6
TCTGATTGGAAATGGA-1,9
TCTGCAGATTCGAGTC-1,7
TCTGCATACCTTGCTT-1,7
TCTGCCAGAAACTGCA-1,9
TCTGCGTCCGGTTTCT-1,5
TCTGCTTAGAACAAGC-1,4
TCTGGAGCGTAAGAGT-1,2
TCTGGCCGTTCAAGTT-1,2
TCTGGCGCAAGCCGGG-1,11
TCTGGGAACCTTTGAA-1,4
TCTGGGTAGCGCTCAT-1,11
TCTGTCATACAAGAGC-1,5
TCTGTGCCATCATAGT-1,9
TCTGTTACCCAGCATA-1,3
TCTTACAGAGGTACCG-1,7
TCTTACCGGAACTCGT-1,2
TCTTACGGCATCCGAC-1,1
TCTTACTTATGCCTCT-1,6
TCTTAGAGCTCCAATT-1,9
TCTTAGAGTGAACTCT-1,4
TCTTCCCATGGGCACA-1,9
TCTTCGAATAGACGTT-1,2
TCTTCGATACCAATAA-1,4
TCTTCGCGGTGAGAGG-1,7
TCTTCTATAACCCGCC-1,10
TCTTGATGCGTAGCGA-1,4
TCTTGGTAACACCAAA-1,5
TCTTTAAGACTATGAA-1,6
TCTTTAGAGTCTAACA-1,4
TCTTTAGCAGGCGAAC-1,2
TCTTTCCTTCGAGATA-1,4
TGAAAGGACCTGACTC-1,9
TGAACAAGCAGGGACT-1,3
TGAAGAGCGGTCCTAG-1,7
TGAATGAGTGTTTCCC-1,3
TGAATGTCAGCCGGCC-1,4
TGACAACGCATGTCGC-1,2
TGACACTTCTCTTTGC-1,2
TGACAGAAATCTTGCT-1,1
TGACAGGACAAGTCCA-1,7
TGACATCGAGCGGACC-1,6
TGACCAAATCTTAAAC-1,10
TGACCCACGTTAGACA-1,10
TGACGAATATTTCCCT-1,8
TGACGATGCACTAGAA-1,4
TGACTATAATCCTTTC-1,10
TGACTCCGAATCATAC-1,3
TGAGAATGCTTTACCG-1,5
TGAGACGTACCTCTCA-1,8
TGAGAGATTTACCACG-1,6
TGAGATTAGGCCCTAA-1,9
TGAGCCATACAGTCTC-1,11
TGAGCGGAAAGTGTTC-1,6
TGAGCTCAACTGTATA-1,8
TGAGCTTTAATGACGC-1,2
TGAGGAGTGCCAGCTT-1,3
TGAGGCATGTACTGTG-1,7
TGAGTAAATTAGCGTA-1,10
TGAGTGCCTCTTAAAT-1,1
TGAGTGGTCCGTGACG-1,2
TGAGTTAAAGACATTC-1,4
TGATACATTTAGCCGT-1,1
TGATAGCGGGATTCTA-1,1
TGATCAGGGAACTGCT-1,11
TGATCCCAGCATTAGT-1,2
TGATCGGTTTGACCCT-1,10
TGATCTACGCTGATCT-1,9
TGATCTCCGGCGCCAG-1,1
TGATGGCTGTTTCTGA-1,9
TGATGTCAATTAAGTG-1,8
TGATTCAGGTCCCGCG-1,7
TGATTCCCGGTTACCT-1,3
TGATTCGTCTATCACT-1,10
TGATTCTGTCGCCGGT-1,1
TGATTTATTAGCTGTG-1,11
TGATTTCCTCCTGACG-1,5
TGCAACCCATCTGCGG-1,7
TGCAAGAATGACGTAA-1,4
TGCAATCTAACACGGT-1,7
TGCACTATGTGAGTGC-1,1
TGCAGAACTATATCGT-1,7
TGCAGAGTACCGAGCA-1,11
TGCAGATCGTCCTAGG-1,7
TGCAGCTACGTACTTC-1,6
TGCAGGATCGGCAAAG-1,4
TGCAGTGGTAGGGAAC-1,3
TGCAGTTTCCTCCCAT-1,6
TGCATATGTCTGTCAC-1,2
TGCATGGATCGGATCT-1,5
TGCATGTGACCCATAG-1,3
TGCATGTGGTAATCTA-1,2
TGCCAAAGTCAGACTT-1,6
TGCCAATGGGTACTCT-1,3
TGCCACCTGGCGAAAC-1,8
TGCCAGTACGTGGAGA-1,4
TGCCATTACTAAAGAA-1,2
TGCCCGTACCGTTAAA-1,8
TGCCGAAAGCGTATTC-1,9
TGCCGGATGTACGAGC-1,3
TGCCGTGGATCGTCCT-1,7
TGCCTAAATTTAATAG-1,2
TGCCTAATTGAAGATT-1,4
TGCCTGACATCGGTCA-1,1
TGCCTGATCAAACGAT-1,1
TGCCTTGGCCAGGCAA-1,6
TGCGAATATGGGATTT-1,11
TGCGACACCCTAGTGC-1,1
TGCGACGGCCGAACGT-1,1
TGCGAGAATATTACCC-1,1
TGCGATGCTAATGGCT-1,1
TGCGCAAAGCATTTGG-1,4
TGCGCCGTTAATAACG-1,9
TGCGCGATTAACGGAG-1,5
TGCGGAGTAAAGGTGC-1,4
TGCGGCATAGTTCAAC-1,5
TGCGTAAGAACCTGAT-1,11
TGCGTCATGACTGAGC-1,6
TGCGTGATTGGGTGTC-1,5
TGCGTTTGTTGACACT-1,2
TGCTAAGTGTCTATTT-1,7
TGCTATGGCAAAGGGA-1,3
TGCTCCACAGTTCTTA-1,7
TGCTCGGCGAAACCCA-1,6
TGCTCTGCCGGTTCAC-1,2
TGCTGGTTGGACAATT-1,7
TGCTGTTGAAGAACTC-1,8
TGCTTAGAGAGAATGC-1,3
TGCTTCCCAAGCAGTA-1,6
TGCTTGAAACCATGCA-1,5
TGGAAACGGAGTGAAC-1,10
TGGAACCACTGACACA-1,2
TGGAAGAAGGGAACGT-1,11
TGGAAGACGAACACCA-1,5
TGGAAGGATAAAGATG-1,10
TGGAATATCCTTGACC-1,2
TGGAATTAGACGCTTT-1,1
TGGACACCGTTGCTTG-1,1
TGGACCAATCTAAGAT-1,7
TGGACCACGGCGTTGA-1,1
TGGACGCAATCCAGCC-1,1
TGGACGTAGGCGAATC-1,5
TGGACTGTTCGCTCAA-1,9
TGGAGGGAAACACCTC-1,2
TGGAGTGATGCGATGA-1,10
TGGATAGAGTAACAGA-1,5
TGGCAAACTAAATTAC-1,4
TGGCAACTCGCGCGCC-1,2
TGGCAATGGGACGGCG-1,6
TGGCAGATTACGATCA-1,10
TGGCAGCAGTAATAGT-1,4
TGGCATGAAGTTTGGG-1,7
TGGCCAAACTGAAGTA-1,10
TGGCCAATTTGGTACT-1,6
TGGCCGTATATTGACC-1,1
TGGCGACTGCTCCAAA-1,1
TGGCGATCAAGTTATG-1,3
TGGCTATGTGACATAC-1,6
TGGCTCTTGTCGCGTA-1,11
TGGCTTTGGGTAGACA-1,5
TGGGAAATGCCTTTCC-1,1
TGGGACCATTGGGAGT-1,10
TGGGCAATAGTTGGGT-1,6
TGGGCACAAACAGAAC-1,1
TGGGCAGGCCACCGCA-1,4
TGGGCCACAAGAGCGC-1,10
TGGGCCCATACTAATT-1,7
TGGGCCTTGCCTGCAT-1,5
TGGGTTTCGGGCGTAC-1,3
TGGTAAGCAGGATTGA-1,11
TGGTAGAATATATGGG-1,4
TGGTCCCACGCTACGG-1,4
TGGTCGTGCAAGGCAA-1,11
TGGTCTAGCTTACATG-1,1
TGGTCTGTTGGGCGTA-1,11
TGGTGATCGTATTTGT-1,1
TGGTTAACTTACATTT-1,1
TGGTTAAGGGCGCTGG-1,9
TGGTTCAACGGGTAAT-1,4
TGGTTCGTAGCAAAGG-1,5
TGGTTTAAACGTGGGT-1,2
TGTAATGACCACAATA-1,11
TGTACCCGACCCTAAT-1,3
TGTACCTACACGAGGG-1,7
TGTACGAACAAATCCG-1,4
TGTACTACTCTCACGG-1,2
TGTAGCCATCCCATTC-1,8
TGTAGGAGAAATTTCC-1,2
TGTAGTGATCTATAAT-1,11
TGTATAACAGATCCTG-1,2
TGTATACGGATGATGA-1,2
TGTATCCTTATTCCAT-1,5
TGTATGGCGCAGACAG-1,8
TGTCATTTGTTGGGAA-1,2
TGTCCCGACATAGCAC-1,5
TGTCCGTGGCGCCTTT-1,1
TGTCCTAAGTCACCGC-1,10
TGTCGGCATGGTGGAA-1,5
TGTCGTTATCACATAT-1,3
TGTCTACAGTTTCTGT-1,5
TGTGACTACGCCAGTC-1,4
TGTGAGACTAGCCCAA-1,7
TGTGCCGGTGCCGGAA-1,6
TGTGCTTTACGTAAGA-1,11
TGTGGACTATCTACGT-1,4
TGTGGCAAAGCGTATG-1,2
TGTGGCGGGCTTCTGG-1,7
TGTGGCTCCCACCAAC-1,2
TGTGGTAGGGTGCCTT-1,4
TGTGGTTGCTAAAGCT-1,3
TGTGTAGTAGCACGTG-1,4
TGTGTCGCGAGTTGCA-1,1
TGTGTTCGTATCCAAG-1,1
TGTTATTGTATGTGGC-1,6
TGTTCATAAATGTGCT-1,1
TGTTCCGCTTCCATGA-1,11
TGTTCGTATTGCGGTG-1,10
TGTTCTTCCATTGACT-1,10
TGTTGCCGTCGTCCCA-1,8
TGTTGTCAAGAAGTCT-1,2
TGTTTCGGTACTTCTC-1,5
TGTTTCTGAAGCGTGC-1,3
TGTTTGAGATCGTCAG-1,4
TTAAACAGAGTCCCGC-1,5
TTAAACCTGGTTCCTT-1,1
TTAAACTCGAATTCAT-1,2
TTAACACCTCGAACAT-1,1
TTAACCAACCCTCCCT-1,5
TTAACGAACAAGCAGT-1,2
TTAACGTCGCAAGACC-1,5
TTAACTCACGCGTGGA-1,1
TTAACTTCAGGTAGGA-1,4
TTAAGATAGGATTGAC-1,4
TTAAGCGCCTGACCCA-1,10
TTAAGGCCCGTACTTT-1,1
TTAATCAGTACGTCAG-1,8
TTAATGTAGACCAGGT-1,4
TTAATGTGTTTGCAGG-1,1
TTAATTGCTTTGGGTG-1,7
TTAATTTCAGACGCGG-1,1
TTACAACTACGCATCC-1,5
TTACACGATCTGCGAC-1,8
TTACAGACCTAAATGA-1,9
TTACATCGTGGCCTGG-1,6
TTACATGCCACAACTA-1,4
TTACCATTGATTACCC-1,6
TTACCCATTGCCGGGT-1,9
TTACCCTAACAGTCCT-1,1
TTACCCTAGGGATTGG-1,1
TTACCGCCTTAGGGAA-1,5
TTACGGATGGTTCGAG-1,2
TTACTAAAGGACTTTA-1,4
TTACTATCGGCTTCTC-1,11
TTACTCCGGCCGGGAA-1,9
TTACTCTGGTACGTAC-1,11
TTACTGGGATATTTCA-1,10
TTACTGTCTAGAGCTC-1,2
TTAGAAGAACATGACT-1,6
TTAGAATAAGGGTCGG-1,3
TTAGACACGATCGTTG-1,9
TTAGACGAGTCACCTC-1,8
TTAGAGTTTAGAAGGA-1,6
TTAGATAGGTCGATAC-1,5
TTAGCAACATGGATGT-1,1
TTAGCTAATACGATCT-1,2
TTAGCTCTGTAATCCG-1,1
TTAGCTGATTTGCCGT-1,8
TTAGGATGGGAGGGTA-1,4
TTAGGTCATAACCGAC-1,3
TTAGTAAACCTGCTCT-1,7
TTAGTAGGGCGGCGGG-1,10
TTAGTTATTCGTGGCA-1,7
TTAGTTCAAGTGTTCG-1,2
TTATAGGTAATTGTCT-1,7
TTATATACGCTGTCAC-1,9
TTATATTTGGCAATCC-1,4
TTATCCAATCGAACTC-1,5
TTATCCGGGATCTATA-1,6
TTATCCTCAAGGAATA-1,6
TTATCGCCTGCGAAGC-1,1
TTATCTGACATTAGGA-1,11
TTATCTGTATCATAAC-1,5
TTATGAATGAAAGGGA-1,6
TTATGACAAACTGGAT-1,10
TTATGATCTTAACGAA-1,9
TTATGTTTGCGATAGA-1,1
TTATTAGAGCGTGTTC-1,10
TTATTAGGGAAGCATC-1,5
TTATTATCTGGAAGGC-1,4
TTCAAAGTCTCTAGCC-1,9
TTCAACGACCCGACCG-1,5
TTCAATACTCTGAATC-1,6
TTCACGAAAGGATCAC-1,8
TTCACGGTCGTCACGT-1,1
TTCACTCGAGCACCTA-1,4
TTCAGAGTAACCTGAC-1,1
TTCAGCCCTGGTCCAC-1,8
TTCAGCTGGCGTGCCC-1,8
TTCAGGCGTCAAAGCC-1,7
TTCAGTTTGTGGCAGC-1,1
TTCATAGCCTTGTAAC-1,1
TTCATGGCGCAACAGG-1,4
TTCCAATCAGAGCTAG-1,9
TTCCAATCTGGCTATC-1,1
TTCCACACAGATTTGA-1,3
TTCCAGACGAGATTTA-1,2
TTCCATCGACAGCGTG-1,10
TTCCCGGCGCCAATAG-1,8
TTCCGCAGAGAAATAT-1,2
TTCCGCGTGAGGCGAT-1,8
TTCCGGCCTTGAGGCT-1,1
TTCCGGTATCTGTGTC-1,2
TTCCGGTTACCCACTT-1,6
TTCCTCGAGGGTGTCT-1,5
TTCCTCGGACTAACCA-1,6
TTCCTCTGCCCGAATA-1,11
TTCCTTTCTGTGTTGC-1,5
TTCGACAGAGCCCGTG-1,6
TTCGACGGGAAGGGCG-1,1
TTCGCACTCGCGTGCT-1,5
TTCGCACTGTACGACA-1,6
TTCGCATCCGGAAGCA-1,5
TTCGCCGCTCGCGCTA-1,7
TTCGCGCGCCATACGA-1,3
TTCGCTAGGAAGTTGT-1,2
TTCGCTATCTGACGTG-1,2
TTCGGACTGGGCATGG-1,3
TTCGGCAACCCGCTGA-1,9
TTCGGCTAGAGATGGT-1,1
TTCGGGACTAATCGCG-1,2
TTCGGGCGCTAGTCTT-1,1
TTCGGGTTGCCACGGG-1,4
TTCGGTGGAGACGCCC-1,8
TTCGTACTCCAGAACG-1,1
TTCGTTCAACGAAGTT-1,9
TTCTAACCGAAGCTTA-1,2
TTCTACCTCAATCGGT-1,3
TTCTACTTGCGAGGGC-1,1
TTCTAGAAAGTCTTAT-1,3
TTCTAGGCCAATTGTG-1,5
TTCTATGCCTTTCGCA-1,2
TTCTCAATTGCTACAA-1,10
TTCTCTTACAGGTGAT-1,3
TTCTGACCGGGCTCAA-1,7
TTCTGCCGCGCCTAGA-1,7
TTCTGCGAGCGCCCTT-1,11
TTCTGCGGGTTAGCGG-1,9
TTCTGCTAGACTCCAA-1,2
TTCTGTTTCCTGTCGC-1,1
TTCTTAGTGAACGGTG-1,6
TTCTTAGTGGCTCAGA-1,5
TTCTTATCCGCTGGGT-1,7
TTCTTGAGCCGCGCTA-1,1
TTCTTGCTAGCATCTC-1,2
TTCTTGGACGATCTGC-1,3
TTCTTGGAGTAATGAG-1,8
TTCTTGTAACCTAATG-1,5
TTCTTGTGTCCATCAG-1,1
TTCTTTGGTCGCGACG-1,2
TTGAACGAATCCTTTG-1,1
TTGAACGACGTGCTGA-1,6
TTGAAGAATTCCCAGG-1,10
TTGAAGGATGGGCGCC-1,3
TTGAATATGGACTTTC-1,9
TTGAATCGTTGTATAA-1,7
TTGAATTCACGTGAGG-1,4
TTGACAGGAGCTCCCG-1,6
TTGACATGAACGTGGA-1,11
TTGACCATGTTCTCCG-1,10
TTGACCGTGTTAATGA-1,1
TTGACGATTCAGCACG-1,5
TTGACGCTCCATGAGC-1,4
TTGACTACCATATGGT-1,11
TTGACTATTGTCCGGC-1,7
TTGAGAAGTTTAGCAT-1,7
TTGAGAGTACTGCTAA-1,11
TTGAGCAGCCCACGGT-1,9
TTGAGCGCCACGTGAT-1,2
TTGAGTCCCGCTGCTG-1,2
TTGATAGTCAATACAT-1,9
TTGATCTAACTTTGTC-1,1
TTGATGCCGCTCGTCG-1,3
TTGATGTGTAGTCCCG-1,2
TTGATTAGCTGTTTCT-1,10
TTGATTATGCAGATGA-1,1
TTGCACAATTCAGAAA-1,10
TTGCACGGAGCAGCAC-1,5
TTGCATGCTGATCACG-1,11
TTGCCAAGCAGAACCC-1,9
TTGCCATAGCCCGCTC-1,1
TTGCCCTGATCACGGG-1,11
TTGCCGCAGACCTACA-1,3
TTGCCGCTTTCTAGTA-1,6
TTGCCTAATCCAAAGT-1,3
TTGCGGCATCAGAAAG-1,3
TTGCGTAGTTTGAGGA-1,1
TTGCGTCGGCCAACCG-1,1
TTGCGTGAACGCTTAG-1,2
TTGCTCCCATACCGGA-1,4
TTGCTGAAGGAACCAC-1,5
TTGCTGATCATGTTCG-1,4
TTGCTGCACCTATCCA-1,1
TTGGAAGAATACAGTC-1,4
TTGGACATGTGGCTTA-1,11
TTGGACCATCTGGCAA-1,4
TTGGACCTATAACAGT-1,4
TTGGAGTCTCCCTTCT-1,1
TTGGATATCGTCTACG-1,1
TTGGATCGACTTCTGG-1,10
TTGGATTGGGTACCAC-1,5
TTGGCCATCTTGCGCT-1,7
TTGGCCTAGAATTTCG-1,2
TTGGCGATCCGAATAT-1,9
TTGGCTCGCATGAGAC-1,5
TTGGGACACTGCCCGC-1,4
TTGGGACGTAAGAGTT-1,4
TTGGGCGGCGGTTGCC-1,2
TTGGTATGGCTTGTGT-1,9
TTGGTCACACTCGTAA-1,1
TTGGTTCGCTCAAAGG-1,2
TTGGTTGCGGTGCGCG-1,6
TTGTAAGGACCTAAGT-1,4
TTGTAAGGCCAGTTGG-1,2
TTGTAATCCGTACTCG-1,8
TTGTCACCGCGGTATC-1,7
TTGTCGTTCAGTTACC-1,5
TTGTGAACCTAATCCG-1,8
TTGTGAGGCATGACGC-1,11
TTGTGCAGCCACGTCA-1,6
TTGTGGCCCTGACAGT-1,5
TTGTGGTAGGAGGGAT-1,10
TTGTGTATGCCACCAA-1,10
TTGTGTTTCCCGAAAG-1,10
TTGTTAGCAAATTCGA-1,5
TTGTTCAGTGTGCTAC-1,10
TTGTTGTGTGTCAAGA-1,2
TTGTTTCACATCCAGG-1,3
TTGTTTCATTAGTCTA-1,1
TTGTTTCCATACAACT-1,4
