"","cluster.init"
"AAACAAGTATCTCCCA-1",10
"AAACACCAATAACTGC-1",4
"AAACAGAGCGACTCCT-1",12
"AAACAGGGTCTATATT-1",5
"AAACAGTGTTCCTGGG-1",4
"AAACATTTCCCGGATT-1",9
"AAACCCGAACGAAATC-1",5
"AAACCGGGTAGGTACC-1",2
"AAACCTAAGCAGCCGG-1",9
"AAACCTCATGAAGTTG-1",11
"AAACGAAGAACATACC-1",3
"AAACGAGACGGTTGAT-1",6
"AAACGCCCGAGATCGG-1",12
"AAACGGGCGTACGGGT-1",6
"AAACGGTTGCGAACTG-1",9
"AAACGTGTTCGCCCTA-1",12
"AAACTAACGTGGCGAC-1",12
"AAACTCGGTTCGCAAT-1",9
"AAACTCGTGATATAAG-1",12
"AAACTGCTGGCTCCAA-1",12
"AAACTTAATTGCACGC-1",4
"AAACTTGCAAACGTAT-1",11
"AAAGAATGTGGACTAA-1",6
"AAAGACCCAAGTCGCG-1",6
"AAAGACTGGGCGCTTT-1",12
"AAAGCTTGCCTACATA-1",12
"AAAGGCCCTATAATAC-1",4
"AAAGGCTACGGACCAT-1",3
"AAAGGCTCTCGCGCCG-1",11
"AAAGGGATGTAGCAAG-1",11
"AAAGGGCAGCTTGAAT-1",12
"AAAGGTAAGCTGTACC-1",12
"AAAGTAGCATTGCTCA-1",10
"AAAGTCACTGATGTAA-1",3
"AAAGTCGACCCTCAGT-1",12
"AAAGTGTGATTTATCT-1",5
"AAAGTTGACTCCCGTA-1",11
"AAATAACCATACGGGA-1",12
"AAATAAGGTAGTGCCC-1",3
"AAATACCTATAAGCAT-1",12
"AAATAGCTTAGACTTT-1",6
"AAATAGGGTGCTATTG-1",3
"AAATCCGATACACGCC-1",9
"AAATCGTGTACCACAA-1",2
"AAATCTAGCCCTGCTA-1",9
"AAATGATTCGATCAGC-1",12
"AAATGCTCGTTACGTT-1",6
"AAATGGCATGTCTTGT-1",10
"AAATGGCCCGTGCCCT-1",12
"AAATGGTCAATGTGCC-1",6
"AAATGTGGGTGCTCCT-1",11
"AAATTAACGGGTAGCT-1",6
"AAATTACACGACTCTG-1",12
"AAATTACCTATCGATG-1",12
"AAATTCCAGGTCCAAA-1",1
"AAATTGATAGTCCTTT-1",9
"AAATTGCGGCGGTTCT-1",11
"AAATTGGTGAGAAGCA-1",12
"AAATTTACCGAAATCC-1",12
"AAATTTGCGGGTGTGG-1",2
"AACAACTGGTAGTTGC-1",3
"AACAATACATTGTCGA-1",9
"AACAATTACTCTACGC-1",6
"AACACACGCTCGCCGC-1",9
"AACACGACTGTACTGA-1",1
"AACACGAGACGCGGCC-1",11
"AACACGCGGCCGCGAA-1",2
"AACAGCTGTGTGGCAA-1",4
"AACAGGAAATCGAATA-1",11
"AACAGGATGGGCCGCG-1",2
"AACAGGTAGTATGGAT-1",8
"AACATATCAACTGGTG-1",12
"AACATCGATACGTCTA-1",12
"AACATTGAAGTTGATC-1",9
"AACATTGTGACTCGAG-1",9
"AACCAAGACTTCTCTG-1",2
"AACCAGTATCACTCTT-1",12
"AACCATAGGGTTGAAC-1",4
"AACCATGGGATCGCTA-1",6
"AACCCAGAGACGGAGA-1",6
"AACCCATCCCATGATC-1",8
"AACCCGACAACCCGTG-1",9
"AACCCGAGCAGAATCG-1",12
"AACCCGCTGTATTCCA-1",9
"AACCCTACTGTCAATA-1",3
"AACCCTGGTGGAACCA-1",1
"AACCGAGCTTGGTCAT-1",11
"AACCGCTAAGGGATGC-1",10
"AACCGTTGTGTTTGCT-1",11
"AACCTCGCTTTAGCCC-1",8
"AACCTGTCACGGAATT-1",1
"AACCTTTAAATACGGT-1",6
"AACCTTTACGACGTCT-1",12
"AACGATAATGCCGTAG-1",6
"AACGATAGAAGGGCCG-1",6
"AACGATATGTCAACTG-1",11
"AACGCATGATCTGGGT-1",12
"AACGCGAACGGCAACA-1",2
"AACGCGACCTTGGGCG-1",9
"AACGCGGTCTCCAGCC-1",11
"AACGCTGTTGCTGAAA-1",9
"AACGGACGTACGTATA-1",11
"AACGGCCATCTCCGGT-1",3
"AACGTACTGTGGGTAC-1",11
"AACGTCAGACTAGTGG-1",11
"AACGTCGCTGCACTTC-1",9
"AACGTGATGAAGGACA-1",3
"AACGTGCGAAAGTCTC-1",6
"AACTACCCGTTTGTCA-1",5
"AACTAGGCTTGGGTGT-1",2
"AACTCAAGTTAATTGC-1",2
"AACTCCAGAGCGTGTT-1",11
"AACTCCTAATCCCATG-1",12
"AACTCGATGGCGCAGT-1",3
"AACTCTCAATAGAGCG-1",12
"AACTGAGGTCAGCGTC-1",12
"AACTGATATTAGGCCT-1",11
"AACTGGGTCCCGACGT-1",11
"AACTGGTGTGGGCCTT-1",3
"AACTTCTGCGTCTATC-1",3
"AACTTGCCCGTATGCA-1",2
"AACTTGCGTTCTCGCG-1",3
"AACTTTAGCTGCTGAG-1",11
"AAGAAGGATCAGTTAG-1",6
"AAGACATACGTGGTTT-1",9
"AAGACCCAACTGAACA-1",8
"AAGACTAACCCGTTGT-1",11
"AAGACTGCAAGCTACT-1",6
"AAGAGATGAATCGGTA-1",11
"AAGAGCTCTTTATCGG-1",3
"AAGAGGATGTACGCGA-1",6
"AAGAGGCATGGATCGC-1",3
"AAGAGGCCCTTTGGAA-1",3
"AAGATGGCACCGGACC-1",9
"AAGATTGGCGGAACGT-1",12
"AAGCACCCTGCGTATC-1",6
"AAGCATACTCTCCTGA-1",10
"AAGCCGAAGCGGTTTA-1",1
"AAGCCGCCGTGAAATC-1",4
"AAGCGCAGGGCTTTGA-1",9
"AAGCGGCGTCATGGGT-1",12
"AAGCGTCCCTCATCGA-1",9
"AAGCTAGATCGAGTAA-1",11
"AAGCTCGTGCCAAGTC-1",6
"AAGCTCTTTCATGGTG-1",3
"AAGGAGAACTTATAAG-1",11
"AAGGAGCGGTTGGTGC-1",3
"AAGGATCGATCGCTTG-1",3
"AAGGATGAGGGACCTC-1",12
"AAGGCAGGCTGTCTCC-1",8
"AAGGCGCGTAAAGCTT-1",11
"AAGGCTGTGCTCATCG-1",3
"AAGGGAACGACTGGCT-1",9
"AAGGGACAGATTCTGT-1",12
"AAGGGACTATGCATTC-1",4
"AAGGTATCCTAATATA-1",12
"AAGGTGATAAACCAGC-1",8
"AAGTAGAAGACCGGGT-1",6
"AAGTAGTGACGCGAGG-1",2
"AAGTCAATTGTCGTCA-1",1
"AAGTGACGACCGAATT-1",6
"AAGTGAGTCGGGTTTA-1",9
"AAGTGCCTTGACTGTA-1",1
"AAGTGCGTTAGAATCT-1",11
"AAGTGCTTCTCTATTG-1",9
"AAGTGTTTGGAGACGG-1",11
"AAGTTCACTCCAAGCT-1",9
"AAGTTCAGTCTGCGTA-1",12
"AAGTTCGGCCAACAGG-1",2
"AAGTTGTGATGTTATA-1",3
"AAGTTTACTAATGGCA-1",11
"AAGTTTATGGGCCCAA-1",9
"AATAACAACGCTCGGC-1",2
"AATAACGTCGCGCCCA-1",4
"AATAAGTCCTCGAGAC-1",6
"AATACAATGTTTCAGG-1",12
"AATACCGGAGGGCTGT-1",11
"AATACCTGATGTGAAC-1",9
"AATAGAATCTGTTTCA-1",12
"AATAGCAAGCCTCCTG-1",12
"AATAGCTACCGCGTGC-1",12
"AATAGTCCGTCCCGAC-1",6
"AATATCAAGGTCGGAT-1",2
"AATATCGAATCAATGC-1",1
"AATATCGAGGGTTCTC-1",12
"AATATTGGAGTATTGA-1",6
"AATCAGACTGCAGGAC-1",11
"AATCAGGTTTCATTTA-1",3
"AATCATGTAAAGACTC-1",9
"AATCCAAGGGCCTGAG-1",6
"AATCCATGCAAGGGTG-1",3
"AATCGCCTCAGCGCCA-1",12
"AATCGCGCAGAGGACT-1",1
"AATCGGGACACTACGA-1",11
"AATCGGTATAGCCCTC-1",6
"AATCGTGAGCCGAGCA-1",3
"AATCTAGGTTTACTTG-1",12
"AATCTATGCCGGAGCC-1",12
"AATCTGCGTTGGGACG-1",12
"AATCTGGCTTTCTAGT-1",10
"AATCTGGGTAGACCCT-1",11
"AATGACAGCAATGTCT-1",11
"AATGACTGTCAGCCGG-1",6
"AATGAGTTCGCATATG-1",3
"AATGATGATACGCTAT-1",12
"AATGATGCGACTCCTG-1",12
"AATGCAACCGGGTACC-1",3
"AATGCACCAAGCAATG-1",12
"AATGGTCCACCGTTCA-1",12
"AATGGTTCTCACAAGC-1",11
"AATGTATGGCACTGTA-1",4
"AATGTGCCCGAGGTGT-1",9
"AATGTGCTAATCTGAG-1",9
"AATGTTGTCGTGAGAC-1",6
"AATTAAAGGTCGGCGT-1",2
"AATTAACGGATTTCCA-1",3
"AATTCATAAGGGATCT-1",12
"AATTCATTGTCATGCA-1",4
"AATTCCAAGCATGTAC-1",11
"AATTCGATTCGAGGAT-1",9
"AATTGCAGCAATCGAC-1",9
"AATTGCGTGGATTACA-1",4
"AATTTGGGACATAGTA-1",12
"AATTTGGTTCCAAAGA-1",10
"ACAAACCATGCGTCCT-1",4
"ACAAAGCATGACCTAG-1",9
"ACAAATCGCACCGAAT-1",8
"ACAAATTCAGATCTGA-1",12
"ACAACAGCATGAGCTA-1",10
"ACAACGGTCCCTGCGA-1",2
"ACAAGCAGTGCCTAGC-1",2
"ACAAGGAAATCCGCCC-1",11
"ACAAGGACAAGAGGTT-1",3
"ACAAGGATGCTTTAGG-1",9
"ACAATAGTCGTACGTT-1",11
"ACAATCCATTTAAACC-1",2
"ACAATCGATCTTTATA-1",12
"ACAATGAATACGGAGA-1",4
"ACAATGATTCTTCTAC-1",12
"ACAATTGTGTCTCTTT-1",11
"ACAATTTGAGCAGTGG-1",12
"ACACAAAGACGGGTGG-1",3
"ACACACCAGGACCAGT-1",9
"ACACACTTTCTACACG-1",3
"ACACATGATCAAATCT-1",9
"ACACATTTCCGTAGAC-1",3
"ACACCACATAATTAGC-1",3
"ACACCCAGCATGCAGC-1",12
"ACACCCGAGAAATCCG-1",6
"ACACCGGTCTGACCGC-1",4
"ACACCTTAAGTAGGGC-1",5
"ACACCTTACTACTTGC-1",1
"ACACGAGACTCCTTCT-1",3
"ACACGGCACTATGCAT-1",3
"ACACGGGAACTTAGGG-1",3
"ACACGTAGGCCACAAG-1",1
"ACACTCCAATGTCACT-1",11
"ACACTGGGACAGTCGT-1",2
"ACAGAACTGAGAACAA-1",12
"ACAGATTAGGTTAGTG-1",11
"ACAGCATAGAGCCAGT-1",11
"ACAGCGACATTCTCAT-1",9
"ACAGCGCACCCGCAGC-1",1
"ACAGGCACGGATCCTT-1",3
"ACAGGCTTGCCCGACT-1",3
"ACAGTAATACAACTTG-1",5
"ACAGTATACCGTGGGA-1",12
"ACATAATAAGGCGGTG-1",3
"ACATCCCGGCCATACG-1",11
"ACATCCTGGTAACTGT-1",1
"ACATCGATCGTTTACC-1",6
"ACATCGGTCAGCCGCG-1",6
"ACATCGTTAACCTAGT-1",1
"ACATCTCAACGCGTAA-1",3
"ACATGGCGCCAAAGTA-1",1
"ACATGGCTCAATTTAG-1",11
"ACATTTGAAACCTAAC-1",9
"ACCAAACACCCAGCGA-1",12
"ACCAAACTAGAAATCC-1",3
"ACCAACACCACACACT-1",12
"ACCAACCGCACTCCAC-1",9
"ACCAAGAACGCGTGTC-1",11
"ACCAAGTCATCGGCAG-1",6
"ACCAATATGCAAGTTA-1",6
"ACCACAACTCAGAACA-1",1
"ACCACAAGTTTCTATC-1",3
"ACCACACGGTTGATGG-1",9
"ACCACCAATGTAACAA-1",1
"ACCACCCTCTCTTCTA-1",12
"ACCACGTGCAGCTATA-1",12
"ACCAGCCCGGTCTTTG-1",3
"ACCAGGAGTGTGATCT-1",12
"ACCAGTGCCCGGTCAA-1",12
"ACCAGTGCGGGAGACG-1",10
"ACCATATCCGCAATAA-1",6
"ACCATCCGCCAACTAG-1",12
"ACCATCGTATATGGTA-1",6
"ACCCAACGCCCGTGGC-1",12
"ACCCACCTACATGCTC-1",12
"ACCCATCTTGAGGGTA-1",6
"ACCCATTTGTCCCTCT-1",3
"ACCCGAGCGAAATTAC-1",4
"ACCCGATTGGTTCCGA-1",3
"ACCCGGAAACTCCCAG-1",3
"ACCCGGATGACGCATC-1",1
"ACCCGGTTACACTTCC-1",6
"ACCCGTAGTCTAGTTG-1",4
"ACCCGTGTCATCAGTA-1",11
"ACCCTATAGGACTGAG-1",3
"ACCCTCCCGTCAGGGC-1",3
"ACCCTCCCTTGCTATT-1",11
"ACCCTGGTAACGCCCT-1",12
"ACCCTTCATCTGCGAA-1",11
"ACCCTTTAGTTCTCCA-1",1
"ACCGAAAGGGCCCTGC-1",3
"ACCGAAGAGTCTGGTT-1",9
"ACCGACACATCTCCCA-1",3
"ACCGACTGAGTCCCAC-1",3
"ACCGAGTCTCCTTATT-1",9
"ACCGATAGGCATAACC-1",3
"ACCGATATTTAATCAT-1",12
"ACCGATGGTAGCATCG-1",12
"ACCGCAATAACTGCCT-1",11
"ACCGCGGTGGAAGTCG-1",1
"ACCGGGCCTTTGTTGA-1",1
"ACCGGTCAGGTACACC-1",4
"ACCGTGACCACGTGGG-1",9
"ACCGTTCCCGCTCTGA-1",3
"ACCTAAGTACCTTTCA-1",12
"ACCTAATCGACTTCCT-1",2
"ACCTACAGTATGTGGT-1",1
"ACCTACTATAAATCTA-1",9
"ACCTCCGCCCTCGCTG-1",1
"ACCTCCGTTATTCACC-1",6
"ACCTCGAACTTATGCT-1",4
"ACCTGCGTGTCATGTT-1",12
"ACCTTTCCTTTAGAAG-1",12
"ACGAAATGGGCGGCAC-1",6
"ACGACTCTAGGGCCGA-1",3
"ACGACTGGTCATACTC-1",9
"ACGAGAACCCATCACG-1",3
"ACGAGATATTTGCTTA-1",1
"ACGAGGATACCACTCT-1",12
"ACGAGGTTTACAACGT-1",4
"ACGAGTACGGATGCCC-1",12
"ACGATACATAGAACTA-1",5
"ACGATCATACATAGAG-1",11
"ACGATCATCTTGTAAA-1",6
"ACGATGCATATGTTAT-1",6
"ACGATGGATCCGATGC-1",3
"ACGCAAACTAATAGAT-1",9
"ACGCAATCACTACAGC-1",12
"ACGCATAAATGACATG-1",12
"ACGCATACGTTTACTA-1",11
"ACGCATTCGTGAGTAC-1",3
"ACGCCACTCGAAACAG-1",4
"ACGCCAGATGATTTCT-1",11
"ACGCCAGTGCGTTTGC-1",9
"ACGCCCAGCTGTCGAT-1",3
"ACGCCGCTAGACGACC-1",12
"ACGCGCTACACAGGGT-1",2
"ACGCGGGCCAAGGACA-1",6
"ACGCTAGTGATACACT-1",12
"ACGCTGTGAGGCGTAG-1",12
"ACGCTTAGTGTCTCTC-1",3
"ACGGAACACGAGTGCC-1",9
"ACGGAATTTAGCAAAT-1",2
"ACGGACTCTCAAAGCG-1",3
"ACGGAGCGCAAATTAC-1",12
"ACGGATGGTGCGGATA-1",3
"ACGGCGACGATGGGAA-1",11
"ACGGCGGGTTGCCCTG-1",6
"ACGGCTGGATGTAGAA-1",4
"ACGGGAGTGTCGGCCC-1",11
"ACGGGCGTATGCGACA-1",12
"ACGGTACAGTTCAATG-1",3
"ACGGTCACCGAGAACA-1",4
"ACGTACAGATTTCTCT-1",11
"ACGTACTTTGGCACGG-1",11
"ACGTAGATTGCTGATG-1",3
"ACGTAGGAGAGTCGCT-1",9
"ACGTATTACTCCGATC-1",3
"ACGTCCTAAACGAGAT-1",11
"ACGTGCGCCTCGTGCA-1",3
"ACGTTAATGTCGAAGA-1",6
"ACGTTAGATTTGCCCG-1",6
"ACGTTATTGGTCACTC-1",3
"ACGTTCCGCGCTCCGT-1",10
"ACGTTCGCAATCAATT-1",6
"ACGTTCGTTCAGGAAA-1",9
"ACGTTCTGTACAAGTC-1",9
"ACGTTTAGTTGTGATC-1",3
"ACTAATACGTCAGGCG-1",12
"ACTACAAAGAGAGGTG-1",9
"ACTACATCCCGACAAG-1",4
"ACTACCAGCTCTCTGG-1",3
"ACTACGCGTTAGAATT-1",3
"ACTAGTTGCGATCGTC-1",10
"ACTATATGCTGTGTTC-1",12
"ACTATCCAGGGCATGG-1",3
"ACTATCTGCCCGCGTA-1",12
"ACTATGTCCAGCTGCC-1",9
"ACTATTCGTCCGTGGT-1",11
"ACTATTTCCGGGCCCA-1",9
"ACTCAACGAATGTATT-1",3
"ACTCAAGTGCAAGGCT-1",9
"ACTCAATAAAGGCACG-1",11
"ACTCAGACCTGCTTCT-1",6
"ACTCATGGCAGCCTTC-1",9
"ACTCCAATATCATCAT-1",4
"ACTCCCATTCCTAAAG-1",10
"ACTCCCGAATTCGTTT-1",11
"ACTCCCGTAGACTAGG-1",12
"ACTCCCTAATGCTAAA-1",6
"ACTCCGGCCGACCACT-1",3
"ACTCGCCGTTCGATAA-1",9
"ACTCGTAACCCGTCCT-1",12
"ACTCGTCAGTAATCCC-1",6
"ACTCTCTGACTTAGGT-1",3
"ACTCTCTTATACACGA-1",11
"ACTCTGACCTAATAGA-1",9
"ACTCTTGTATAGTAAC-1",6
"ACTGAAACGCCGTTAG-1",9
"ACTGAATGGCGAAAGT-1",10
"ACTGATTTAGTGATTC-1",3
"ACTGCCCGCCATTCTC-1",9
"ACTGCCGTCGTAACTC-1",11
"ACTGCGGACACACCGT-1",1
"ACTGGGATGCCAGTGC-1",9
"ACTGTACGATACACAT-1",3
"ACTGTAGCACTTTGGA-1",3
"ACTGTATACGCGAGCA-1",3
"ACTGTCCAGGATTATA-1",6
"ACTGTCTTCTTTAGAA-1",3
"ACTGTGCTAGTAGATC-1",6
"ACTGTTTAGTGTAGGC-1",12
"ACTTACCGGGCGCGCA-1",12
"ACTTACGCATCCACGC-1",11
"ACTTAGTACGACAAGA-1",6
"ACTTATACTTACCCGG-1",11
"ACTTATTAGGATCGGT-1",6
"ACTTATTTATGTGCCA-1",11
"ACTTCAGGCTGATCCC-1",11
"ACTTCCATGCGGGACA-1",8
"ACTTCGCCATACGCAC-1",11
"ACTTGACTCCCTCTTT-1",12
"ACTTGCCATATTGTAC-1",12
"ACTTGGGACCCGGTGG-1",3
"ACTTGTAGTCCCTTCA-1",12
"ACTTGTGGATGGAACG-1",11
"ACTTGTTACCGGATCA-1",9
"ACTTTACCCTCATGAA-1",6
"ACTTTCCTATAGCTTC-1",11
"ACTTTGACTGCATCCT-1",12
"ACTTTGGTCGTGCTCC-1",9
"AGAAATTATGACTCGC-1",10
"AGAACCCTCAATTGGG-1",4
"AGAACGTGGTACATTC-1",3
"AGAACTGTACTTTGTA-1",3
"AGAAGAGCGCCGTTCC-1",12
"AGAAGGTACACTTCAC-1",11
"AGAAGGTTGCCGAATT-1",6
"AGAAGGTTGTAGGTCG-1",9
"AGAAGTGATTCGTGAT-1",12
"AGAATACAGGCTATCC-1",3
"AGAATGCGGGTTCGGA-1",12
"AGAATTATGGATTCGA-1",12
"AGAATTGTTTGACATA-1",3
"AGACATAGATCCTTCC-1",3
"AGACCATGGGATACAA-1",6
"AGACCCGCCCTCCTCG-1",11
"AGACCGCTCCGCGGTT-1",11
"AGACCGGGAAACCCTG-1",11
"AGACGAAGTGCCGGTC-1",11
"AGACGACGATGCCGCT-1",3
"AGACGGGCCGATTTAA-1",12
"AGACTAGCCTTCCAGA-1",3
"AGACTGTTACCGGGTC-1",9
"AGAGAAACACCAGAAA-1",4
"AGAGAACCGTCTAGGA-1",12
"AGAGAAGGAGTACAAT-1",4
"AGAGATCTCTAAAGCG-1",11
"AGAGCAGTTATGAGAC-1",11
"AGAGCCGCCGAGATTT-1",1
"AGAGCGGGCTAATCAT-1",6
"AGAGCGTACAAGCTCG-1",12
"AGAGCTACGAAAGCAT-1",6
"AGAGGCTTCGGAAACC-1",11
"AGAGGGACAATTGTCC-1",12
"AGAGGTATCTCGGTCC-1",12
"AGAGTAAACTTCACTA-1",2
"AGAGTATAGTGTTACG-1",11
"AGAGTTAGAGACCGAT-1",12
"AGATAACTTCAGGGCC-1",8
"AGATACCAATAGAACC-1",9
"AGATACCAGCACTTCA-1",12
"AGATACCGGTGTTCAC-1",6
"AGATACGACTTCATAT-1",6
"AGATATAATACGACTA-1",9
"AGATCGTGCATAAGAT-1",12
"AGATCTCAGGTGTGAT-1",9
"AGATGACTCGCCCACG-1",6
"AGATGAGGGTTGCGAT-1",12
"AGATGATGGAGTCTGG-1",1
"AGATGCAAGACGTGCA-1",9
"AGATTATAGGACGTTT-1",6
"AGATTCACAACCGATA-1",11
"AGCAAAGGCCGCTAGT-1",10
"AGCAACATATCTTATT-1",11
"AGCAACCGAAAGTAAT-1",3
"AGCACACGTTTAGACT-1",9
"AGCACCAGTACTCACG-1",3
"AGCACTACCGGCCTGT-1",10
"AGCACTACCTCACCAG-1",3
"AGCACTTAAGGACGCC-1",6
"AGCAGAAGGAGAAAGA-1",6
"AGCAGCCAGATGAATA-1",2
"AGCAGTCGAAGCATGC-1",10
"AGCATATCAATATGCT-1",9
"AGCATCATTTCGAAAG-1",8
"AGCATCGTCGATAATT-1",6
"AGCATTACGAGGCAAG-1",6
"AGCCAAGCTTTGTGTC-1",3
"AGCCACAGGTTACCCG-1",9
"AGCCACTCCCGTGCTT-1",12
"AGCCATATAGTATGTG-1",3
"AGCCCATACATGTAAG-1",6
"AGCCCGCAACAAGCAG-1",9
"AGCCCGCACTACAATG-1",6
"AGCCCGGCATTAGAGG-1",4
"AGCCCGGTAGCCTGTA-1",9
"AGCCCTAAGCGAAGTT-1",3
"AGCCCTCCCTGGTGGC-1",9
"AGCCCTTCTAATCCGA-1",12
"AGCCCTTGGACATCCC-1",3
"AGCCGTGGCTAAATGT-1",12
"AGCCTAATACCCACGT-1",10
"AGCCTTAAAGCGGAAG-1",3
"AGCGACATCCCATTCA-1",6
"AGCGACCAACGATATT-1",3
"AGCGAGACGTGAAGGC-1",4
"AGCGATGCGCCTAATA-1",9
"AGCGCATAATGAATCG-1",11
"AGCGCGGGTGCCAATG-1",12
"AGCGCTTATGGGCAAG-1",12
"AGCGGACACTTCGTAG-1",6
"AGCGGCGGTTAGCGGT-1",11
"AGCGGGAAGGGTCCAT-1",2
"AGCGGGTCTGACACTC-1",8
"AGCGGTTGCCGCTCTG-1",12
"AGCGTACGAGAGCTAG-1",6
"AGCGTCTGAACCCGCA-1",3
"AGCTAACAAGCAATGT-1",4
"AGCTAAGTACGCAGGC-1",9
"AGCTAGAAGCAGAAGT-1",12
"AGCTATTTAATCCAAC-1",11
"AGCTCCATATATGTTC-1",1
"AGCTCCTTCGCACATC-1",3
"AGCTCTAGACGTTCCA-1",3
"AGCTCTTCCCAGTGCA-1",12
"AGCTCTTCGTAACCTT-1",3
"AGCTCTTTACTCAGTT-1",6
"AGCTGAAGTAAACCAA-1",8
"AGCTGTAACCTCAATC-1",4
"AGCTTATAGAGACCTG-1",11
"AGCTTCTTCTCGAGCA-1",3
"AGCTTGATCTTAACTT-1",3
"AGGAAGCTGTCCGCCG-1",3
"AGGACATCGCACGTCG-1",6
"AGGACGACCCATTAGA-1",3
"AGGACGCTCGATGTTG-1",12
"AGGAGACATCCACAGT-1",12
"AGGAGGCCTTCGCGCG-1",9
"AGGATAAAGTCGGGAT-1",6
"AGGATATAGGGATTTA-1",10
"AGGATATCCGACTGCA-1",3
"AGGATCACGCGATCTG-1",12
"AGGATTGCTTACGACA-1",10
"AGGCACGTGACTGTCC-1",3
"AGGCAGATGCGTAAAC-1",12
"AGGCAGGGAGCGTACT-1",3
"AGGCATTGTCGTAGGG-1",11
"AGGCCACCCGTTATGA-1",11
"AGGCCCAGTGACTGGT-1",3
"AGGCCCATTGTACAGG-1",6
"AGGCCCTAGAACGCCA-1",3
"AGGCCTATCATACCAA-1",9
"AGGCCTGAGAATCTCG-1",9
"AGGCGGTTTGTCCCGC-1",9
"AGGCGTCTATGGACGG-1",12
"AGGCTATGGTTAGCTT-1",12
"AGGCTTGCTAGACACC-1",12
"AGGGAAACGAGGTACT-1",12
"AGGGACCGGCTGCGTT-1",3
"AGGGAGACATACTTCG-1",12
"AGGGCAGCGGCGTGGT-1",3
"AGGGCGAGCAGCTGAT-1",11
"AGGGCGTGATCGGCTA-1",6
"AGGGCTGCAGTTACAG-1",3
"AGGGTCAGAGCACTCG-1",9
"AGGGTCAGTAACCCTA-1",12
"AGGGTCGATGCGAACT-1",11
"AGGGTGCCGTTCTTTA-1",9
"AGGGTGCTCTCGAGGG-1",12
"AGGGTTCAGACGGTCC-1",9
"AGGGTTCCCTTTGGTT-1",12
"AGGGTTTAGTTCGGGA-1",3
"AGGTAACCTCCTATTC-1",6
"AGGTACGATATTGCCA-1",3
"AGGTAGATCGAGATAT-1",9
"AGGTAGGTACAAAGCT-1",2
"AGGTATAATTGATAGT-1",1
"AGGTCAGGTGAGAGTG-1",12
"AGGTCGCGGAGTTACT-1",12
"AGGTGCACGTCCACAT-1",6
"AGGTGGTGACCTTCGC-1",6
"AGGTGTATCGCCATGA-1",8
"AGGTTACACCATGCCG-1",8
"AGGTTCTCCTTTCCGG-1",4
"AGGTTGAGGCACGCTT-1",12
"AGGTTTCACACACCTT-1",6
"AGTAACGTTCATCCTG-1",12
"AGTAACTATAGCAGCC-1",3
"AGTAATCTAAGGGTGG-1",3
"AGTAATGTCTTGCCGC-1",6
"AGTAATTTGCAAGCGT-1",4
"AGTACAGAAGCTTATA-1",9
"AGTACATCATTTATCA-1",12
"AGTACCTTCGAGTGCT-1",12
"AGTACGGGCACCTGGC-1",11
"AGTACGTGGCCTGTCT-1",12
"AGTACTCTTATGCCCA-1",3
"AGTAGAAGGCGCCTCA-1",3
"AGTAGCGTGAACGAAC-1",3
"AGTAGGAAGGAAGTTG-1",12
"AGTAGGTAACATACAT-1",6
"AGTATAATACTAGGCA-1",12
"AGTATACACAGCGACA-1",9
"AGTATCCATAATAACG-1",3
"AGTATGCTGGAGACCA-1",9
"AGTCAAATGATGTGAT-1",9
"AGTCAACACCACCATC-1",6
"AGTCAAGATGACACTT-1",8
"AGTCACTAGCTCTCGA-1",9
"AGTCACTCCGCCTCAT-1",6
"AGTCAGCCACCGCCTG-1",6
"AGTCCAGCGGGTACGT-1",3
"AGTCCATTGGCTGATG-1",1
"AGTCCCGCCTTTAATT-1",12
"AGTCGACGGTCTCAAG-1",9
"AGTCGGCCCAAACGAC-1",3
"AGTCGGCTCAACTTTA-1",12
"AGTCGGTTGCGTGAGA-1",1
"AGTCGTATAAAGCAGA-1",4
"AGTCGTCGACCACCAA-1",9
"AGTCGTGGGCATTACG-1",12
"AGTCTAAAGTATACTC-1",12
"AGTCTCACAAGACTAC-1",4
"AGTCTGGACATCCTTG-1",6
"AGTCTTCTCCTCAAAT-1",11
"AGTCTTTAAAGTGTCC-1",9
"AGTGAACAAACTTCTC-1",1
"AGTGAAGATGGTGTCC-1",12
"AGTGACCTACTTTACG-1",6
"AGTGACTGTGACACAA-1",4
"AGTGAGACTTCCAGTA-1",12
"AGTGAGCCTCGCCGCC-1",12
"AGTGAGGGTTTCTGAC-1",12
"AGTGAGTCGAATTAAC-1",4
"AGTGATAACCTGCGCG-1",9
"AGTGATATGAGTAGTT-1",6
"AGTGATTCAAGCAGGA-1",12
"AGTGCACGCTTAAGAA-1",9
"AGTGCGTAGCTCGTAA-1",6
"AGTGCTAAACACAGCA-1",9
"AGTGCTTGCACGAATA-1",9
"AGTGGCCCGCAAATGG-1",9
"AGTGGCGGCAATTTGA-1",12
"AGTGGCGTCTGAAGGT-1",9
"AGTGGCTCCGTCGGCC-1",12
"AGTGTATTGCGCATTG-1",12
"AGTGTGGTCTATTGTG-1",3
"AGTTAAACACTTGCGA-1",6
"AGTTAAGCGGTCCCGG-1",12
"AGTTAAGTCAACCGCT-1",12
"AGTTACCGCACATGGT-1",12
"AGTTACTCTATCGTGG-1",12
"AGTTATTCAGACTGTG-1",9
"AGTTCCTACAGAATTA-1",3
"AGTTCCTATTTATGTT-1",11
"AGTTCTGCGTTGTATC-1",11
"AGTTGACATCGGCTGG-1",6
"AGTTGACGGTCCTTGC-1",3
"AGTTGCGGTCCTCAAC-1",4
"AGTTGCTGACTGATAT-1",11
"AGTTGGCAAGGCTAGA-1",6
"AGTTTATGTAAAGACA-1",12
"AGTTTCGCAGGTCGGA-1",11
"AGTTTGCACCTGCCTC-1",3
"AGTTTGGCACGGGTTG-1",8
"AGTTTGGCCAGACCTA-1",3
"ATAAACGGACCCGTAA-1",11
"ATAAACGTTGCACCAC-1",1
"ATAAAGGCTCGGTCGT-1",6
"ATAAAGGTCAAGTACG-1",11
"ATAAATATTAGCAGCT-1",6
"ATAACGCCGGAGGGTC-1",6
"ATAACGGAGTCCAACG-1",11
"ATAACGTTACCTCCAC-1",12
"ATAAGGTGGAGAACAT-1",11
"ATAAGTACCCGATTGT-1",12
"ATAAGTAGGATTCAGA-1",12
"ATAAGTAGGGCGACTC-1",3
"ATAAGTTACCGCGACG-1",6
"ATAATACCGTTAGCCG-1",11
"ATAATAGCTGTTGAAT-1",12
"ATAATAGTGTAGGGAC-1",11
"ATAATCTTGGAGAACC-1",6
"ATAATTAGCTAAGTAG-1",3
"ATACAGGCCCTCCAAT-1",6
"ATACCACGGGCAACTT-1",2
"ATACCAGCAAATTGCT-1",11
"ATACCAGGCTAATAGA-1",11
"ATACCAGGTGAGCGAT-1",11
"ATACCGTCATCCATAA-1",12
"ATACCTAACCAAGAAA-1",3
"ATACGCCGGCGAAACC-1",11
"ATACGGAACGTCGTTT-1",9
"ATACGGGTTTCGATTG-1",10
"ATACGTACTTAGCCAC-1",3
"ATACGTCCACTCCTGT-1",10
"ATACGTTATGCACGGA-1",6
"ATACTACCCGTACCAC-1",8
"ATACTAGCATGACCCT-1",11
"ATACTCTCGCCACTCT-1",3
"ATACTGCCTTACACCG-1",10
"ATAGACAACGGGACCT-1",12
"ATAGACGAAGAGAAAG-1",2
"ATAGAGTACTGGGACA-1",3
"ATAGAGTTATCAACTT-1",12
"ATAGATTTGCAGTCGG-1",11
"ATAGCAACTAGGGAAG-1",9
"ATAGCCATAACAGTCA-1",4
"ATAGCCTCAGTACCCA-1",2
"ATAGGAATCTAAGCTT-1",12
"ATAGGCGGCTATAGAA-1",2
"ATAGGCTAGCTTCGCA-1",12
"ATAGGGATATCCTTGA-1",10
"ATAGGTTGGGCAGATG-1",3
"ATAGTCTTTGACGTGC-1",3
"ATAGTGAAGCGTTCTC-1",2
"ATAGTTCCACCCACTC-1",1
"ATATAAAGCGCTCGTG-1",6
"ATATAAATGTAGCTGC-1",2
"ATATAACACGGGCGCA-1",6
"ATATACGCTCGTGACG-1",9
"ATATAGAGTATTGGTC-1",4
"ATATCAACCTACAGAG-1",1
"ATATCGGTAGGGAGAT-1",3
"ATATCGTGCCAGACCC-1",11
"ATATCGTTCCTCGAAC-1",9
"ATATCTCCCTCGTTAA-1",11
"ATATCTTAGGGCCTTC-1",6
"ATATGGGATAGCAACT-1",4
"ATATGTCTAGAGCGTG-1",9
"ATATGTCTCCCTAGCC-1",5
"ATATGTGCACAAACCA-1",12
"ATATTCAGTTAAACCT-1",6
"ATATTCCACATAGTGA-1",11
"ATATTCCCACAGGTCA-1",11
"ATATTGCTGTCAAAGT-1",10
"ATATTTAACCCTCAAG-1",11
"ATCAAACACTGTTCCA-1",3
"ATCAAACGAAGGTTTG-1",11
"ATCAAGATCCCAGGAC-1",9
"ATCAATCTGGGCTGCA-1",3
"ATCAATGCCGTGGCTG-1",9
"ATCACATTAGAATATC-1",10
"ATCACGTGCTAATTAA-1",6
"ATCACTTCATCCTCGC-1",11
"ATCAGACGGCACGCCG-1",6
"ATCAGCCTCATGCTGC-1",9
"ATCAGCTCGTCCACTA-1",12
"ATCAGGTCGCCATTGC-1",12
"ATCAGTAGGCAGGGAT-1",12
"ATCATAGCCCTATGTA-1",9
"ATCATCCAATATTTGT-1",3
"ATCATCTGCCCAGTGT-1",11
"ATCCAACGCAGTCATA-1",11
"ATCCAATGGAGGGTCC-1",6
"ATCCACATCGACAGAA-1",6
"ATCCACGCTAAATGTT-1",11
"ATCCACTTTCAGACTA-1",12
"ATCCAGGATTCGTGAA-1",2
"ATCCCATCCACAGCGC-1",4
"ATCCCATTTCCGTGGG-1",9
"ATCCTACCTAAGCTCT-1",6
"ATCCTGAATCGCTGCG-1",2
"ATCCTGCGTGGAATGG-1",6
"ATCCTGCTGCAGATAG-1",11
"ATCGACCCAATACAGA-1",6
"ATCGACTCTTTCCGTT-1",11
"ATCGCACGATTGTTCA-1",3
"ATCGCACGCCGGGAGA-1",3
"ATCGCCAGTCAACATT-1",1
"ATCGCTGCGTGCAGCA-1",12
"ATCGGAGACAGACGGC-1",10
"ATCGGCAAGCAGTCCA-1",12
"ATCGTCCAATCGAGTC-1",11
"ATCGTGGAAAGTCTGG-1",9
"ATCGTTAGCTAGCGGA-1",10
"ATCGTTCACTTTCGCC-1",12
"ATCTAATATCCTACGG-1",6
"ATCTACCATCTGCTCC-1",3
"ATCTAGCTTGTGAGGG-1",3
"ATCTCCCACGGAATAT-1",11
"ATCTCCCTGCAATCTA-1",11
"ATCTCGTGAGCGAAAC-1",5
"ATCTGACATGGAAGGA-1",9
"ATCTGCACCTCTGCGA-1",12
"ATCTGCTGTTATCGCC-1",9
"ATCTGGGCTGTTCTTG-1",3
"ATCTGGTTAAGACTGT-1",3
"ATCTGTAATTGTACCC-1",10
"ATCTTAGGGCATTAAT-1",4
"ATCTTATCGCACACCC-1",6
"ATCTTGACCTGCAACG-1",3
"ATCTTGACTTGTCCAA-1",11
"ATCTTTCGTATAACCA-1",12
"ATGAAGCCAAGGAGCC-1",11
"ATGACGCCGGCTCTAA-1",6
"ATGACGCGTTCTATCC-1",11
"ATGACTATCAGCTGTG-1",9
"ATGACTATGCGACATT-1",11
"ATGAGGAGTGTTAATC-1",12
"ATGAGGGCAGCGGCTA-1",10
"ATGATCGGGAATAGAC-1",6
"ATGATGCAATGGTACA-1",6
"ATGCACGCGCTGTTCA-1",4
"ATGCACTACCGCATTG-1",3
"ATGCATGATCCAGGAT-1",3
"ATGCATTCCGTGATGG-1",12
"ATGCCAATCGCTCTGC-1",11
"ATGCCATTTGCGACCA-1",10
"ATGCCGGTCTTGCATA-1",3
"ATGCCGGTTGATGGGA-1",12
"ATGCGACAATTGGTCC-1",12
"ATGCGACAGTCCCATT-1",3
"ATGCGAGTCCCACCAC-1",3
"ATGCTCAGTGTTGCAT-1",11
"ATGCTCTGGCGCGGTA-1",8
"ATGCTTAGGAGTTGAT-1",11
"ATGGAACCTTTGCACA-1",1
"ATGGAGCAGGCCGTGA-1",6
"ATGGATCCGGCGTCCG-1",10
"ATGGATTGACCAAACG-1",11
"ATGGCAGCATTACGAT-1",9
"ATGGCTGGAAATGGCC-1",12
"ATGGGAACGGAAGCGG-1",12
"ATGGGACCTGCTGAAC-1",9
"ATGGGCCTCGGCCTCT-1",3
"ATGGGTGTATACCTCC-1",9
"ATGGTATTGGGAACCG-1",9
"ATGGTATTTACTGATT-1",9
"ATGGTCGCGTGGTTTC-1",3
"ATGGTGCTCAAAGCCA-1",12
"ATGGTTACGAAACATG-1",12
"ATGTAAGGCTGCTCTT-1",3
"ATGTACATGCGGTGAG-1",3
"ATGTACGATGACGTCG-1",6
"ATGTAGCGCGCGTAGG-1",9
"ATGTGAAAGCCTAATG-1",12
"ATGTGCATCCGACGCA-1",3
"ATGTGTAGTTTAGTCA-1",11
"ATGTTACGAGCAATAC-1",6
"ATGTTGATTAGAGACT-1",6
"ATGTTGTAGTCTGTTT-1",9
"ATTAAACATGCGGACC-1",6
"ATTAATACTACGCGGG-1",11
"ATTAATGAACCAGTCG-1",11
"ATTAATTCGGTCACTC-1",6
"ATTACAACTACCGGCC-1",12
"ATTACATGTCAGTCTT-1",10
"ATTACCACACTGCCTG-1",10
"ATTACGACTCCACAGT-1",12
"ATTACGCGCTGGCAGG-1",6
"ATTACTAGCCTCTTGC-1",3
"ATTACTTACTGGGCAT-1",12
"ATTAGATTCCTCAGCA-1",12
"ATTAGATTGATAGCGG-1",6
"ATTAGGCGATGCTTTC-1",6
"ATTATACTTTGCTCGT-1",12
"ATTATAGCTACTTTAC-1",6
"ATTATCGGAATGTACG-1",9
"ATTATCTCGACAGATC-1",3
"ATTATGAGACCCAATT-1",4
"ATTATGCCATAGGGAG-1",3
"ATTATTATGTCCGTCA-1",9
"ATTATTCAGAGTCACT-1",3
"ATTCAACCATTTAAGG-1",10
"ATTCACTGATGTTGGA-1",3
"ATTCAGGACCTATTTC-1",12
"ATTCAGTAGCAGGGTC-1",11
"ATTCATATACTGTCCA-1",11
"ATTCATCGTTGAGGCA-1",3
"ATTCCCACATAAACAA-1",10
"ATTCCTAAGACGTGGA-1",11
"ATTCCTCCGCCAGTGC-1",12
"ATTCCTTCCAGGCGGT-1",6
"ATTCGACGCCGGGCCT-1",2
"ATTCGCGCCTTGAGAG-1",9
"ATTCGTGCTATCTCTT-1",1
"ATTCGTTTATCGTATT-1",9
"ATTCTCGTCTCTTTAG-1",11
"ATTCTGAGTATGAACT-1",11
"ATTCTTCGTACTTATG-1",12
"ATTGAAGATCTTAGTG-1",3
"ATTGACCGGCGATGAC-1",12
"ATTGACGTAACTCGGT-1",1
"ATTGATAGCAACGAGA-1",6
"ATTGATGAGTCCTAAC-1",10
"ATTGCCTATTAGACCG-1",4
"ATTGCCTTTATGTTTG-1",3
"ATTGCGATCAGTAACT-1",11
"ATTGCTGCTCCTCCAT-1",2
"ATTGGATTACAGCGTA-1",10
"ATTGGGAATATCTTGG-1",3
"ATTGGGAGTTCTGTAA-1",12
"ATTGGTTGTGCATTAC-1",11
"ATTGTACAACTCGGCT-1",1
"ATTGTCGCAATACCTT-1",12
"ATTGTCTGTTTCATGT-1",9
"ATTGTGACTTCGCTGC-1",12
"ATTTAACTCGTATTAC-1",3
"ATTTACAGTTTACTGG-1",6
"ATTTACTAAGTCCATT-1",3
"ATTTATACTGGTAAAG-1",9
"ATTTCATTATTTCGCG-1",11
"ATTTCCGGGTTCTGCG-1",9
"ATTTGCCTAGTTACGA-1",12
"ATTTGCGCGAGTAGCT-1",3
"ATTTGTCTTGGGAGCT-1",3
"ATTTGTTCCAGGGCTC-1",10
"CAAACCCTCCGGCGGG-1",9
"CAAACGAGTATCGCAG-1",3
"CAAACGGTCGCACTTT-1",3
"CAAACGTGGTCTTGCG-1",3
"CAAACTACGATAGAGA-1",11
"CAAACTATTGAGCTTC-1",3
"CAAACTCGCGACGCCG-1",5
"CAAAGATTATTGGGCC-1",9
"CAAAGGTTAAATTCAG-1",12
"CAAATCTCTCACAAGG-1",9
"CAAATGCGGAGTGTTC-1",11
"CAAATGTCCTTCCGTG-1",6
"CAAATTGGATTATGCC-1",12
"CAAATTGTCAGCAAGC-1",6
"CAACACATCTCCTGCC-1",3
"CAACAGTGCCAAACGG-1",3
"CAACCAGTGGCCTACC-1",1
"CAACCTACCGAGCAGT-1",9
"CAACCTGAACCTGCCA-1",12
"CAACGACCCGTTTACA-1",6
"CAACGGTTCTTGATAC-1",3
"CAACGTGGTGGAGTCT-1",12
"CAACTATATCGAATGC-1",12
"CAACTCCAACGTTTAG-1",12
"CAACTCCGTAACTTGC-1",12
"CAACTCCTTGATCCCG-1",6
"CAACTGAGGGTATGAC-1",12
"CAACTGCTCATCCGAT-1",3
"CAACTTGTAGTGGGCA-1",6
"CAAGAAACCCTAAACT-1",12
"CAAGATATTATAACGT-1",9
"CAAGCAACGTCGGAGT-1",2
"CAAGCACCAAATGCCT-1",3
"CAAGCGGCACATAATT-1",6
"CAAGGATCGCATGTTC-1",3
"CAAGGCCAGTGGTGCA-1",6
"CAAGGTCCTATAGGCT-1",1
"CAAGTAAGTGATAGAC-1",9
"CAAGTGAACTTTGGTT-1",11
"CAAGTGTGGTTGCAAA-1",11
"CAATAAACCTTGGCCC-1",3
"CAATACGAGAGTCTGA-1",11
"CAATACGCTCTGAGGC-1",12
"CAATATGTAGATTTAC-1",12
"CAATATTGGACTAGTG-1",6
"CAATCCCTATACCAGC-1",12
"CAATCCTGCCGTGGAG-1",6
"CAATGACCCTTAATTT-1",9
"CAATGAGGTTCGACTA-1",10
"CAATGCGAGAAGTATC-1",6
"CAATGGAATCTACATA-1",12
"CAATGGATCTCTACCA-1",12
"CAATGGTCGGCCTGGG-1",11
"CAATGTGCCAACCCTT-1",1
"CAATTAAGGGTGATGA-1",11
"CAATTTCGTATAAGGG-1",8
"CAATTTGACCGGGAAG-1",11
"CACAAACCGCAGAACT-1",4
"CACAAGAAAGATATTA-1",12
"CACAAGCTAAGAAAGG-1",4
"CACAATGAGCTGCTAT-1",6
"CACACACGCTAACGAG-1",10
"CACACAGCTTGCGCTC-1",10
"CACACAGGGATAGATT-1",12
"CACACGCGCTGTCTTA-1",12
"CACACGTTTCAATGGG-1",12
"CACACTTGTATTGCGA-1",12
"CACAGAGACGAGGACG-1",9
"CACAGCACCCACGGCA-1",3
"CACAGCTAGGGAGTGA-1",3
"CACAGGGCCATATAGT-1",9
"CACAGGGCCGTTGTCA-1",6
"CACAGTCCCGCTTCGC-1",1
"CACAGTTCGCTTCCCA-1",10
"CACATCGTGCACGCGC-1",9
"CACATCTCACCGACGA-1",3
"CACATGATTCAGCAAC-1",6
"CACATGTTTGGACATG-1",6
"CACATTCTTTCGATGG-1",12
"CACATTTCTTGTCAGA-1",1
"CACCAGTCAGCATGCA-1",9
"CACCATCGGAGGAGAC-1",3
"CACCATGATCGCAAAG-1",12
"CACCCAAATCTTATGT-1",1
"CACCCACACGTCACCC-1",6
"CACCCACGAGGCAATT-1",10
"CACCCGCGTTTGACAC-1",4
"CACCCTAACAAGATCT-1",2
"CACCCTTGGTGAGACC-1",12
"CACCCTTTCCTCGCTC-1",6
"CACCGATACACCGAGC-1",11
"CACCGATGATGGGTAC-1",4
"CACCGCCAGAAGGTTT-1",11
"CACCGCCGACCAGCGA-1",3
"CACCGCGTCCACTCTA-1",12
"CACCGGAGATATCTCC-1",12
"CACCGGGCATCACAAG-1",3
"CACCGGTAGAGACATT-1",4
"CACCGTATCCCATCCG-1",11
"CACCGTTGCGCGATAT-1",11
"CACCTAATAGAGTCGT-1",6
"CACCTAATCAGTTTAC-1",8
"CACCTCGATGGTGGAC-1",11
"CACCTTGCGAAACTCG-1",12
"CACCTTGGCGCCTTTG-1",1
"CACGAAAGTTAGTCCC-1",6
"CACGACGTAATAGTAA-1",12
"CACGATTGGTCGTTAA-1",12
"CACGCACAGCGCAGCT-1",12
"CACGCAGCGAGGCTTT-1",11
"CACGCGGAACTGTTGC-1",1
"CACGGACGTGGATGGC-1",12
"CACGGCGCGCCAAAGG-1",12
"CACGTCAATCAATGGA-1",3
"CACGTCGGCAACCTCT-1",6
"CACGTCTATGATGTGG-1",12
"CACGTTCGTGCTCTAG-1",11
"CACGTTTCGTACACAC-1",9
"CACTAAAGTTGCCTAT-1",6
"CACTACGGGAGCTGCC-1",11
"CACTACTCAGTTCTGT-1",1
"CACTCAAGAGCTATGG-1",6
"CACTCAGCTCTTGAGG-1",3
"CACTCCTATGTAAGAT-1",9
"CACTCCTCTCGGTCGG-1",12
"CACTCGAGCTGAACAA-1",12
"CACTCTCAAGCATCGA-1",9
"CACTCTTCTGCTAGCC-1",3
"CACTGACGATTGTGGA-1",9
"CACTGTCCAAGTGAGA-1",6
"CACTTAATCAGACGGA-1",6
"CACTTCGCCACAGGCT-1",11
"CACTTCGTCTTATCTC-1",6
"CAGAACTTAGCCCTCT-1",3
"CAGAATAACACACGGA-1",11
"CAGACCTGTAAGTGTT-1",12
"CAGAGCATGAGCTTGC-1",11
"CAGAGTGATTTAACGT-1",3
"CAGATAATGGGCGGGT-1",3
"CAGATACTAACATAGT-1",11
"CAGATATGAAGATGAC-1",9
"CAGATCATTTAAAGTC-1",12
"CAGATCCTGGTTTGAA-1",3
"CAGCAGCCCGTTCCTT-1",11
"CAGCAGTCCAGACTAT-1",10
"CAGCAGTCTGTGCTGC-1",3
"CAGCCCTCACAGGCAG-1",11
"CAGCCGGGCCCTCTAT-1",11
"CAGCCTCCTGCAGAGG-1",12
"CAGCCTCTCCTCAAGA-1",12
"CAGCTCACTGAGACAT-1",3
"CAGCTCGACAAGTTAA-1",12
"CAGCTCGTGCTTGTGT-1",3
"CAGCTGGCGTAACCGT-1",12
"CAGCTTAGTAGGTAGC-1",6
"CAGGAAGACTTTATAT-1",12
"CAGGATATATCGTTGT-1",11
"CAGGCAGTCTTACCAG-1",9
"CAGGCCAGTACCACCT-1",9
"CAGGCCGTTTGGGTGT-1",6
"CAGGCGCACGGTGGTC-1",4
"CAGGCGCCATGCTAGG-1",9
"CAGTAACTATTTATTG-1",12
"CAGTAATCCCTCCCAG-1",3
"CAGTACATTCTCTAAA-1",12
"CAGTACCAGTTTACGT-1",12
"CAGTAGCCCACGCGGT-1",12
"CAGTAGCGAGGTAGTA-1",11
"CAGTCCAACGCCTTCT-1",12
"CAGTCGAGGATGCAAT-1",12
"CAGTCTCTCGGCTAAT-1",3
"CAGTCTGTATACTGGG-1",6
"CAGTGAATAAATGACT-1",12
"CAGTGGTTGCACATGA-1",6
"CAGTGTCCGCAGAATG-1",6
"CAGTGTCGGCTGGCCC-1",9
"CAGTGTTAATCTCTCA-1",9
"CAGTTCAAATTGACAC-1",3
"CAGTTCCGCGGGTCGA-1",12
"CAGTTCGAGGACCCGA-1",9
"CATAACGGACAGTCGT-1",10
"CATAAGAAGCTTGGCT-1",6
"CATAAGCTCTCCGTCT-1",12
"CATAATGAGCGGGCGA-1",11
"CATACAAAGCCGAACC-1",6
"CATACACGGTTCCCAC-1",3
"CATACCCGTACCCAGT-1",6
"CATACGAACTAGCTGG-1",9
"CATACGGCGTCTGGGC-1",6
"CATACGGGTGCATGAT-1",11
"CATACTATGTAATTGT-1",6
"CATACTTAGGCAATAC-1",1
"CATACTTCTTTCTCCG-1",9
"CATAGAGGAGATACTA-1",3
"CATAGCCGCCCGGGAT-1",11
"CATAGTACATTGAGAG-1",11
"CATAGTAGCATAGTAG-1",3
"CATAGTCAAATACATA-1",9
"CATAGTCCACAAGAAC-1",2
"CATATACTACTGATAA-1",12
"CATATAGGTACAGTCA-1",6
"CATATGTCAGGCTACG-1",12
"CATATTATTTGCCCTA-1",1
"CATCAAACTGGCGCCC-1",12
"CATCATCTACCCGGAC-1",11
"CATCATTACCCTGAGG-1",9
"CATCCAATATAGTTTG-1",9
"CATCCCGAGATTCATA-1",9
"CATCCGCAGGCCCGAA-1",2
"CATCCTCTCAAAGATC-1",9
"CATCGCCCGCGGCCAA-1",6
"CATCGGACGGGTTAAT-1",6
"CATCTACCCGAGAACG-1",12
"CATCTATCCCGTGTCT-1",12
"CATCTTACACCACCTC-1",9
"CATGAACCGACATTTG-1",3
"CATGAACCTCTTATCA-1",6
"CATGACTTCGCTGAAT-1",3
"CATGAGATGCACTCTC-1",3
"CATGATCGCTTTGAGA-1",4
"CATGATGCACAATTCT-1",11
"CATGATGGAAGTTAGC-1",1
"CATGCATGGAGACCCT-1",1
"CATGCCAACTCGCAAA-1",3
"CATGCGACCAGTTTAA-1",12
"CATGCGTTAGACAGAA-1",2
"CATGCGTTGAGAGGAG-1",9
"CATGCTGGCTCCAATT-1",6
"CATGGAAATGGGACCA-1",12
"CATGGATTGTCTTCCG-1",8
"CATGGCAGGAAGATCG-1",10
"CATGGGTATGCCTTAT-1",11
"CATGGGTCGGGTGTGG-1",10
"CATGGTCTAGATACCG-1",11
"CATGGTTTATTAATCA-1",6
"CATGTAAGAGACATTT-1",9
"CATGTAGGAGCGCCAA-1",12
"CATGTCTCATTTATGG-1",8
"CATTACATAGATTGTG-1",12
"CATTACGCAGGAAGGG-1",3
"CATTACGTCGGCCCGT-1",11
"CATTATAACAGGGTCC-1",11
"CATTATCCCATTAACG-1",9
"CATTATGCTTGTTGTG-1",11
"CATTCACTGACAGCTA-1",3
"CATTCAGGTCAGTGCG-1",11
"CATTCCCATTCCGTCG-1",6
"CATTCCCTAAGTACAA-1",2
"CATTGATGAACACGCC-1",12
"CATTGCGGGTCAATTC-1",12
"CATTGTGTGCTAGATC-1",3
"CATTTAGCGGACCATG-1",10
"CATTTATCGTTCAAGA-1",3
"CATTTCTAGCAGACTA-1",6
"CCAAACAGAACCCTCG-1",6
"CCAAATAACAAGATTC-1",10
"CCAAATCAAAGGGCAA-1",4
"CCAACCTTATGTAACT-1",9
"CCAACGATGCACTGAT-1",3
"CCAACGCTTGCCAGGG-1",12
"CCAAGACTTCTGCGAA-1",10
"CCAAGCGTAACTCGTA-1",3
"CCAAGGAACAGAGAGG-1",6
"CCAAGGTTGCCCTTTC-1",6
"CCAATAGTGCCGTCGA-1",6
"CCAATCGGTAGATCGA-1",11
"CCAATGTCACAGCAAG-1",6
"CCAATTACGGGTCGAG-1",12
"CCAATTGAATGTTAAT-1",6
"CCACAATGTACGTCTT-1",12
"CCACACTGAGATATTA-1",2
"CCACAGCTGAAATCAT-1",3
"CCACAGTACCCATCCT-1",11
"CCACATACTGCACCCA-1",8
"CCACCCAAGGAAAGTG-1",6
"CCACGAATTTAACCTC-1",1
"CCACGAGAAGAGAATC-1",11
"CCACGGAGCCATAAGA-1",11
"CCACGGTGCCCGGTAG-1",1
"CCACTAAACTGAATCG-1",3
"CCACTATCCGGGTCAC-1",10
"CCACTCAGATCCGCAA-1",9
"CCACTGGTGGCTGGTT-1",11
"CCACTGTTTGGATTAA-1",7
"CCAGAAACTGATGCGA-1",4
"CCAGAGACAAAGCCGG-1",11
"CCAGATAGTTGAGTGA-1",12
"CCAGCCTGGACCAATA-1",6
"CCAGCTACGCCTCATA-1",11
"CCAGCTCGAACGCATT-1",3
"CCAGCTGATGGTACTT-1",2
"CCAGCTTCCGCCCGCA-1",12
"CCAGGGACGTGGCCTC-1",3
"CCAGTAGTCTGATCCA-1",12
"CCAGTCCATTATTCGA-1",3
"CCAGTCTAGACGGCGC-1",12
"CCAGTCTTGTCATAGA-1",6
"CCAGTGTACAGACCGA-1",4
"CCAGTTCGGTAACTCA-1",11
"CCATAAACAACCCGAC-1",3
"CCATACCTTTACTTGT-1",10
"CCATAGGTTGGCGTGG-1",3
"CCATAGTCAGTAACCC-1",1
"CCATATGGAAACTATA-1",8
"CCATATTGGATCATGA-1",6
"CCATCCATACCAAGTC-1",3
"CCATCTCACCAGTGAA-1",1
"CCATCTTGTTCACAAT-1",3
"CCATGCCCTAGATTTC-1",9
"CCATGCCTGTTTAGTA-1",6
"CCATGCTCTGCAGGAA-1",3
"CCATGGCCCTTGTACC-1",3
"CCATGTTCATCTATAT-1",9
"CCATTAGCGATAATCC-1",3
"CCATTCCCTGCCCACA-1",6
"CCATTGTTTCCTCCAT-1",11
"CCATTTCTACCTATTA-1",6
"CCCAAACATGCTGCTC-1",12
"CCCAACATACGTCGCG-1",6
"CCCAACCACACTAACA-1",3
"CCCAAGACAGAGTATG-1",11
"CCCAAGTCATTACACT-1",3
"CCCAATGAGATTTGCA-1",9
"CCCAATTTCACAACTT-1",3
"CCCAGAGGAGGGCGTA-1",12
"CCCAGGAAGAATTCGA-1",4
"CCCAGGTCTGAAGGCT-1",10
"CCCAGTAAACTTGGGA-1",10
"CCCAGTTAAGGCGCCG-1",3
"CCCATATAGGTCGATT-1",5
"CCCGAAGTTTCGCGAA-1",12
"CCCGACCATAGTCCGC-1",10
"CCCGAGTTTCTCCGTA-1",2
"CCCGCAGCGCGAACTA-1",11
"CCCGCAGGGCCCAAAG-1",1
"CCCGCCATGCTCCCGT-1",3
"CCCGCGCAATGCACCC-1",3
"CCCGGGTCGTTCAGGG-1",10
"CCCGGTGGAAGAACCT-1",11
"CCCGGTGTATCGGAAT-1",10
"CCCGTAAGTCTAGGCC-1",6
"CCCGTAGCTGGGAAGA-1",3
"CCCGTCAGCGTCTGAC-1",3
"CCCGTTTCGCAGATGT-1",11
"CCCTACCCACACCCAG-1",3
"CCCTACTTGAACAATG-1",3
"CCCTAGTGTCAGGTGT-1",2
"CCCTATGTAGAGCAGA-1",9
"CCCTCATTCTGGAATT-1",3
"CCCTCCTCGCTCGTAT-1",5
"CCCTCGATAATACACA-1",4
"CCCTCGGGAGCCTTGT-1",12
"CCCTGAAATGAGTTGA-1",6
"CCCTGACTAACAAATT-1",12
"CCCTGATGTAACTCGT-1",10
"CCCTGCCCAATCCGCT-1",12
"CCCTGCGCTACGCATA-1",2
"CCCTGGTATGGGCGGC-1",1
"CCCTTTAATGGAGTTC-1",9
"CCGAAAGTGGTGAGCA-1",2
"CCGAACACTGGGCCTC-1",11
"CCGAACCTTCCCGGCC-1",11
"CCGAAGTATATTGTTC-1",11
"CCGACAAACACATGAG-1",3
"CCGACAAAGGGAGTGC-1",3
"CCGACAATAGGCCGCC-1",1
"CCGACGGGCATGAGGT-1",9
"CCGACGTAAACACAAC-1",12
"CCGACTCGCATAGTCT-1",3
"CCGAGAAGTCGCATAA-1",1
"CCGAGCTGTGCTTGTC-1",12
"CCGAGGGATGTTAGGC-1",3
"CCGATCTCAACCTTAT-1",9
"CCGATCTTAAGAGGCT-1",12
"CCGATTCGAGGGACCC-1",3
"CCGCACAAAGACCAAC-1",6
"CCGCACGTGACCTCGG-1",6
"CCGCACTTGCAATGAC-1",6
"CCGCATGTGGTACGAT-1",6
"CCGCCACCACAATCCA-1",6
"CCGCCGGAACTTCTCG-1",11
"CCGCCGGTCAACACAC-1",6
"CCGCCGTTGAGGATAA-1",10
"CCGCCTGCGAATTGGT-1",12
"CCGCGGGTACGAAGAA-1",2
"CCGCGTAGGTAAGGGC-1",11
"CCGCTATCAGCACCAG-1",12
"CCGCTCCAGGGCGATC-1",3
"CCGCTCTTCCGAACTA-1",3
"CCGCTGGTGCCATTCA-1",1
"CCGCTTACCTCACTCT-1",6
"CCGCTTGCTGACATGG-1",12
"CCGGAAGTGCAATATG-1",9
"CCGGAATGGTTTCAGT-1",12
"CCGGAGCGTACTTTCT-1",11
"CCGGAGGTCTTATGGT-1",12
"CCGGCACGACCGTTTC-1",1
"CCGGCGCATATTGGAT-1",6
"CCGGCGTGAGACTCTG-1",10
"CCGGGACCCGCAGAGA-1",6
"CCGGGCGGTCTCGTCA-1",10
"CCGGGCTAAGAATTTC-1",4
"CCGGGCTGCTCCATAC-1",12
"CCGGGTTCGAGGTTAC-1",6
"CCGGTAATGGCTAGTC-1",1
"CCGTAAGTTGGTCCCA-1",3
"CCGTACCCAAGCGCCA-1",6
"CCGTAGGAAATCCCTG-1",9
"CCGTAGGGTTGTTTAC-1",9
"CCGTATCTCGTCGTAG-1",11
"CCGTATTAGCGCAGTT-1",12
"CCGTCAACCTCTGGCG-1",9
"CCGTGAGGCATTCATG-1",1
"CCGTGCCCATGACGGC-1",3
"CCGTGGAACGATCCAA-1",12
"CCGTGTTAAATTCCAT-1",3
"CCGTTACGTTAGAACA-1",10
"CCGTTCCGAATCTCGG-1",3
"CCTAAACAGGGTCCGT-1",11
"CCTAAAGGCTGACGCT-1",11
"CCTAAATTAACGGTTC-1",2
"CCTAAATTGTATCCTA-1",12
"CCTAACCCAAACAAGT-1",11
"CCTAACTAAGGCTCTA-1",12
"CCTACAAGTCCGGAAT-1",12
"CCTACATTCACAGACG-1",11
"CCTACGGCTCAGTCGA-1",6
"CCTACTGCTTACACTT-1",3
"CCTAGGCGTAGCGATC-1",11
"CCTAGGTAAAGGTAGC-1",3
"CCTAGTTAGTCGCATG-1",11
"CCTATAATGAGTGCCC-1",6
"CCTATATCGTGTCACG-1",4
"CCTATATTTGTCCTGG-1",3
"CCTATCTATATCGGAA-1",10
"CCTATGAAGTGGTGCC-1",1
"CCTATGGCTCCTAGTG-1",9
"CCTATGGGTTACCGTC-1",3
"CCTATGGTCAAAGCTG-1",9
"CCTATGTCCACTCCAC-1",3
"CCTCACCAATCTTGAC-1",6
"CCTCACCTGAGGGAGC-1",12
"CCTCACCTTAGCATCG-1",12
"CCTCATGCAGCTACGA-1",3
"CCTCCCGACAATCCCT-1",1
"CCTCCGACAATTCAAG-1",2
"CCTCCTAGCTAGAGTC-1",9
"CCTCCTGTTGTGTCGT-1",9
"CCTCGAAGTGGACGGG-1",11
"CCTCGACCCACTGCCT-1",11
"CCTCGCCAGCAAATTA-1",10
"CCTCGCGCGATATAGG-1",12
"CCTCGCGCTGTGCGAT-1",6
"CCTCGGACCGGGATAG-1",9
"CCTCGGTTTCCTTGCC-1",9
"CCTCGTTACGCCTGTT-1",12
"CCTCTAATCTGCCAAG-1",12
"CCTCTACAAGGATTGG-1",9
"CCTCTATCGATTAGCA-1",12
"CCTCTCTCCCATCTAG-1",3
"CCTCTGGCCTAGACGG-1",11
"CCTCTGTACTATTCTA-1",11
"CCTGAATATTTACATA-1",11
"CCTGACCACCGATGGT-1",11
"CCTGACGCAACCTTTA-1",12
"CCTGAGAATAAATGCA-1",9
"CCTGCGATAGAACTGT-1",6
"CCTGCTATTTGAGAAG-1",3
"CCTGGAAACGTTCTGC-1",1
"CCTGGCTAGACCCGCC-1",3
"CCTGGTCGAATGTGGG-1",3
"CCTGTAAGACATGATA-1",8
"CCTGTACTCACGCCCA-1",6
"CCTGTCACCCGGGCTC-1",3
"CCTGTCCCTCACGTTA-1",1
"CCTGTCGCCCGTAAAT-1",11
"CCTGTCGTGTATGAAG-1",3
"CCTGTTCAACCTCGGG-1",9
"CCTGTTTGAAGACACG-1",9
"CCTTAAGTACGCAATT-1",3
"CCTTCAGTTAAAGTGA-1",9
"CCTTCCGCAACGCTGC-1",4
"CCTTCGTATAGAATCC-1",8
"CCTTCTCAGCGTTCCT-1",12
"CCTTCTTGATCCAGTG-1",10
"CCTTGACCACTTTATT-1",3
"CCTTGTGAACGTGGTT-1",3
"CCTTTCAATGAAGAAA-1",12
"CGAAACATAGATGGCA-1",1
"CGAAACGCAATTCATG-1",2
"CGAACAGTATGGGCGT-1",12
"CGAACATAGTCAGAAA-1",12
"CGAACCCGCATGCGTC-1",8
"CGAACCTCTTTCCTAG-1",4
"CGAACGCCCAGTGCCG-1",10
"CGAACGGCCGGACAAC-1",8
"CGAAGATCAGTTTCAT-1",9
"CGAAGCTATAAATTCA-1",12
"CGAAGGGTTTCAGATT-1",4
"CGAAGTTGCTCTGTGT-1",3
"CGAATCTGCTCGACGC-1",9
"CGAATGAAGTCATTGC-1",4
"CGAATGACGCATAATG-1",6
"CGACAATTTGATCTAA-1",10
"CGACACCGCTTAAGGA-1",12
"CGACACGCTCCGACAG-1",5
"CGACAGTTCGCGTTAT-1",2
"CGACATGCGATCTTCT-1",1
"CGACCCTTAACGCCGG-1",12
"CGACGCATCCGTACCT-1",1
"CGACTCAGGATGTTAT-1",12
"CGACTCGGTACACGGT-1",12
"CGACTTTGTATAGCCT-1",1
"CGAGACCCTAGAGTGT-1",3
"CGAGACTACTGCTGCT-1",9
"CGAGAGATGTGAACCT-1",3
"CGAGAGCTTTCACTAC-1",9
"CGAGAGGGTAGCCGCG-1",1
"CGAGATTTCGCTCGGG-1",5
"CGAGCACTTCAAGTTT-1",11
"CGAGCGTTGATCAGCC-1",6
"CGAGCTGGGCTTTAGG-1",10
"CGAGGAGCTTCCATAT-1",12
"CGAGGATCGGGAACGA-1",12
"CGAGGCCAGGCATTGG-1",6
"CGAGGCTAAATATGGC-1",3
"CGAGGGACTGCGGTCG-1",3
"CGAGGGTATCCAGGTG-1",6
"CGAGTACTAAAGAGGA-1",6
"CGAGTGAAGGTACCAG-1",4
"CGAGTGCTATAGTTCG-1",6
"CGAGTTCTGTCCCACC-1",12
"CGAGTTTATCGGACTG-1",11
"CGATAATACTCAGGTT-1",8
"CGATACCTCGCGGACA-1",2
"CGATAGCGATACAGTG-1",4
"CGATAGTCGTACTGCA-1",9
"CGATATTAGCCGCAGG-1",3
"CGATCATTAGAGGCAC-1",12
"CGATCCACCATTGTTG-1",9
"CGATCCGACCCAGTGC-1",2
"CGATCCTCGCAACATA-1",9
"CGATCGAGAAGCACCA-1",4
"CGATCTGTTGGAGGAC-1",12
"CGATGGACCCTACGCC-1",12
"CGATGTTGTTATCTAC-1",9
"CGATTAAATATCTCCT-1",6
"CGATTCGCCTGGCTGC-1",3
"CGCAAACACGAGTTAC-1",11
"CGCAATTACTTTCGGT-1",12
"CGCAATTAGGGTAATA-1",6
"CGCAATTCTACAATAA-1",12
"CGCACATGTCCACTAC-1",9
"CGCACGTCTGTTTATG-1",9
"CGCACGTGCGCTATCA-1",3
"CGCAGAAACATTTGCG-1",11
"CGCAGATCTTCACCCG-1",12
"CGCAGGCGATCCAAAC-1",8
"CGCAGTTCTATCTTTC-1",4
"CGCATCATGGCTTCAG-1",11
"CGCATCCATCAGCCAG-1",12
"CGCATGCCGAATGCGT-1",9
"CGCATGGTGCGATGCT-1",6
"CGCATTAGCTAATAGG-1",11
"CGCCAAGAAGCCGAGT-1",10
"CGCCACCCGCATTAAC-1",3
"CGCCATCCGATTATGA-1",12
"CGCCCAGCACGCCTAG-1",11
"CGCCCAGCGTTTCACG-1",9
"CGCCCGCTTCCGTACA-1",12
"CGCCCTAATTGTTCAA-1",4
"CGCCCTTGAAGGCTGA-1",12
"CGCCGCCCATGCCTGT-1",11
"CGCCGCGTTCTGAACG-1",9
"CGCCGTTCAGCATAGT-1",8
"CGCCTCCCTCCTCTAT-1",12
"CGCCTGGCCTACGTAA-1",2
"CGCCTTTAGCATGCTC-1",10
"CGCGAAGTGGCATACT-1",9
"CGCGACCGCGACAGAT-1",3
"CGCGAGAGGGACTTGT-1",12
"CGCGAGTCTGCCGGGT-1",12
"CGCGCAAATGTCCAGA-1",4
"CGCGCAAGGAACTACA-1",6
"CGCGCCCGACTTAATA-1",12
"CGCGGCAGTATTACGG-1",8
"CGCGGCTCAACTTGAA-1",9
"CGCGGGAATTAGGCAG-1",11
"CGCGGGAATTCCTTTC-1",9
"CGCGGTAAGTCTAGCT-1",10
"CGCGGTACGGTATACA-1",11
"CGCGGTCACAAACCAA-1",12
"CGCGTACATTCTGGAA-1",12
"CGCGTCATATTAAACC-1",11
"CGCGTTCATGAAATAC-1",6
"CGCTACGGGACATTTA-1",6
"CGCTAGAGACCGCTGC-1",1
"CGCTATACCGCCCACT-1",6
"CGCTATTCAATGTATG-1",11
"CGCTATTCTTAGGCTC-1",11
"CGCTCGACATAATGAT-1",3
"CGCTCTCCGTAGATTA-1",3
"CGCTGGTGACTACCCT-1",10
"CGCTGTGACGCCGCAC-1",11
"CGCTGTGTGGATGTTG-1",9
"CGCTTAGTATTGATAC-1",9
"CGCTTATTCCCGGTCG-1",2
"CGCTTCCACTGAAATC-1",6
"CGCTTCGGTCTAAGAC-1",6
"CGCTTGGACGGATAGA-1",7
"CGCTTTCATACCGGTG-1",11
"CGCTTTCCGCCAAGGT-1",9
"CGCTTTCTTGCATTCG-1",12
"CGGAAATTTCACATCC-1",3
"CGGAACGTAAACATAG-1",9
"CGGACCTTTACGTCCC-1",9
"CGGAGCAATTTAATCG-1",3
"CGGAGCATGGCGATCC-1",6
"CGGAGCTTATAACACC-1",11
"CGGAGTTTGAGAGACA-1",11
"CGGATAAGCGGACATG-1",2
"CGGATCCTCAAGGACT-1",8
"CGGATGAATGCTGTGA-1",4
"CGGCAAACATCGTGCG-1",10
"CGGCAATAAGATCGCC-1",11
"CGGCACCGTTAGCGCC-1",12
"CGGCACTCAAGAAAGT-1",6
"CGGCAGGGTCGGGTTG-1",12
"CGGCCACGCACAAAGT-1",3
"CGGCCAGAGCGACCAT-1",9
"CGGCCCAACCTGTAGT-1",11
"CGGCCCAGGTATATCC-1",3
"CGGCGCCATCAATCCC-1",9
"CGGCTCTAAAGCTGCA-1",1
"CGGCTCTTCGTCGAAC-1",11
"CGGCTGCAAGATTAAG-1",2
"CGGCTTTGTATGATAA-1",11
"CGGGAACGCCCTGCAT-1",4
"CGGGAAGTACCGTGGC-1",4
"CGGGAATATAGTATAC-1",5
"CGGGAATTTATGTAAA-1",12
"CGGGAGCTTCAGTGTA-1",11
"CGGGAGTATACCGCCG-1",2
"CGGGATCAATGTAAGA-1",6
"CGGGCAGCTAAACCGC-1",2
"CGGGCCATAGCCGCAC-1",11
"CGGGCCTTCTTTGTAA-1",3
"CGGGCGATGGATCACG-1",9
"CGGGTGTACCCATTTA-1",12
"CGGGTTCGGCACGTAT-1",12
"CGGGTTTGTTAGGGCT-1",11
"CGGTAGAGGTGCAGGT-1",12
"CGGTATAGGTATTAGC-1",12
"CGGTATGGGCACTCTG-1",3
"CGGTCAAGTGGGAACC-1",11
"CGGTCCATGAGACTCC-1",12
"CGGTCCGTCGCAAGCC-1",9
"CGGTCTATCAACCCGT-1",12
"CGGTGAAGACTAAAGT-1",2
"CGGTGCAGATAGAACG-1",8
"CGGTGCGCGTTGGTCC-1",11
"CGGTGGGCTCCAGCCT-1",12
"CGGTGTACTTGATCCC-1",3
"CGGTTATCCAACAGTG-1",12
"CGGTTCAAGTAGGTGT-1",12
"CGGTTCCGGCTTCTTG-1",11
"CGGTTGACCTGGCATA-1",2
"CGGTTGAGTATCCTTC-1",9
"CGGTTGGGCAGGGTCC-1",9
"CGGTTGGGTTCAAGTT-1",12
"CGGTTTATGAAGGAAC-1",12
"CGTAAACGCTTGAGTG-1",6
"CGTAAAGCAAGAAATC-1",4
"CGTAACTTCGACACTT-1",9
"CGTACCGAAAGTCTAG-1",11
"CGTACCTGATAGGCCT-1",11
"CGTAGAGAGTAATTAT-1",9
"CGTAGCGAATTGTCAG-1",11
"CGTAGCGCCGACGTTG-1",11
"CGTATTAAGAGATCTA-1",3
"CGTCACGTCCATTGGT-1",11
"CGTCAGTGCGCACAAG-1",3
"CGTCAGTTTATCGTCT-1",12
"CGTCATACCATATCCA-1",6
"CGTCCTCATCGCGTGC-1",6
"CGTCGCATGTGAGCCA-1",9
"CGTCGCGGCGGGATTT-1",11
"CGTCGCTTGGTTATAC-1",9
"CGTCGGATAGTGTTGA-1",10
"CGTCGGGTCTAAGCGC-1",12
"CGTCGTCCTTCGCGAA-1",6
"CGTCTGGAAGGGCCCG-1",11
"CGTGAAGTTAATTCAC-1",3
"CGTGACATTGGGTCGT-1",12
"CGTGACCAGTCCTCTG-1",3
"CGTGCACACCACTGTA-1",11
"CGTGCAGACTGGGACA-1",11
"CGTGCATTGTCGACGC-1",6
"CGTGCCCGACATTTGT-1",12
"CGTGCTGGCCTAGTCG-1",6
"CGTGCTTCTACCTAAA-1",9
"CGTGGAAGCCTCGTAC-1",12
"CGTGGCCGAATATCTA-1",10
"CGTGGTACCCAAAGGC-1",9
"CGTGTATGGGAGCTGA-1",12
"CGTGTCCCATTCGCGA-1",3
"CGTGTCTCGTTACGAC-1",9
"CGTGTGTTAAACCCTG-1",3
"CGTTAAACTAGTTAGG-1",5
"CGTTAAATACGACCAG-1",4
"CGTTAATGTCCCGACG-1",9
"CGTTAGCTCACAACTG-1",12
"CGTTCAAGGAAACGGA-1",9
"CGTTCAGACCCGCGAA-1",6
"CGTTCATGGTGCGCGT-1",10
"CGTTCTTCGCACACCT-1",12
"CGTTGAATACCGCGCT-1",3
"CGTTGAGTAATTGCGT-1",12
"CGTTGCCCGCGTGGGA-1",9
"CGTTGTAAGATTGATT-1",12
"CGTTGTCGGCAATTGA-1",3
"CGTTGTTTCAATTCCC-1",2
"CGTTTAAGCGGAGCAC-1",6
"CGTTTACAAGGCAGCT-1",12
"CGTTTCACTTCGGGCG-1",12
"CGTTTCGCTCATTACA-1",11
"CGTTTCGGTTATATGC-1",4
"CTAAAGAATGCCTACT-1",6
"CTAAAGGGAAATAGGA-1",6
"CTAAAGTCCGAAGCTA-1",3
"CTAAATCCGGTGTACA-1",9
"CTAAATCCTATTCCGG-1",11
"CTAACCGCGCGCCCGT-1",6
"CTAACGAAACTTGCTG-1",12
"CTAACTGATAATCGCC-1",8
"CTAACTGGTCCGGTTC-1",12
"CTAAGTACAGGGCTAC-1",12
"CTAATTATGAAGCGTA-1",12
"CTAATTCGCACGCGCT-1",6
"CTAATTCTCAGATATT-1",12
"CTAATTTCAACAACAC-1",3
"CTACAAGAAATAACCC-1",9
"CTACACTCGCAGATGG-1",8
"CTACATATCGCGGGAC-1",4
"CTACCCTAAGGTCATA-1",12
"CTACGAACTAGGTCGA-1",3
"CTACGACTAGCTATAA-1",2
"CTACGATCCTATCCTA-1",9
"CTACGCACGGAGTACC-1",11
"CTACGCCATTTCCGAT-1",9
"CTACGTGTTGCCACCA-1",2
"CTACTATCATAGGTTT-1",12
"CTACTATCTTTCAGAG-1",12
"CTACTCAAGGTATAGT-1",9
"CTACTCTAGGCCCGGC-1",2
"CTACTGCCACCTGACC-1",11
"CTAGACATATATGTAG-1",12
"CTAGACTGCATTTCGT-1",12
"CTAGATAAACTCCTCG-1",2
"CTAGATGTGAGTGTAA-1",1
"CTAGATTTACGACGGC-1",12
"CTAGCATAGTATAATG-1",3
"CTAGCCACAGGCGAGC-1",1
"CTAGCCGATGTTATGA-1",12
"CTAGGCGCCCTATCAG-1",3
"CTAGGCGGCAGAGAAT-1",11
"CTAGGGATAGGGACAA-1",4
"CTAGGTCTGAAGGAAT-1",6
"CTAGGTTCGGACGTGA-1",3
"CTAGTAGAAAGGGATT-1",8
"CTAGTATTCGGAATTA-1",11
"CTAGTCACGTCTTAAG-1",2
"CTAGTGAAGGACAGGA-1",6
"CTAGTTACAACCCGGT-1",6
"CTAGTTGGGCCCGGTA-1",3
"CTATAAGAGCCAATCG-1",12
"CTATAGGCGTTGATGT-1",9
"CTATATCCAGCCTGGC-1",9
"CTATCACAACGCTGGA-1",9
"CTATCGACGAAATACA-1",9
"CTATCGCGTAGAGAAC-1",3
"CTATCGGGTCTCAACA-1",3
"CTATGCCCGAATGCAA-1",3
"CTATGGGAAGCGGAAT-1",5
"CTATGTCACTAGCCCA-1",3
"CTATGTCTATTGAAAC-1",3
"CTATGTGAGTCACGGC-1",12
"CTATTCATGTGTCCCA-1",12
"CTATTGTGTTTGGTCA-1",12
"CTATTTGCTTGGAGGA-1",3
"CTATTTGGTTACGGAT-1",11
"CTCAAACCACTGCCCG-1",9
"CTCAACTAACCCGGAT-1",9
"CTCAAGACATTAGCGC-1",12
"CTCACACGCAAGCCTA-1",12
"CTCACATTTACTAAAT-1",3
"CTCACCGATCCAAACT-1",12
"CTCACTGTGATACTTA-1",3
"CTCACTTGGCTGGTAA-1",6
"CTCAGAGCTAATGTCG-1",9
"CTCAGGACTCACCTGT-1",6
"CTCAGTCACGACAAAT-1",12
"CTCATAAATGTGTATA-1",9
"CTCATGGCTCACAATC-1",11
"CTCATGGTAATTTGCG-1",12
"CTCATTGCTCTAACAA-1",9
"CTCATTTGATGGGCGG-1",3
"CTCCCAATGAGTCGCG-1",11
"CTCCCTCCTTTCGATC-1",12
"CTCCGCCCACATGAGG-1",3
"CTCCGGCCTAATATGC-1",6
"CTCCGGCTTGTAGACA-1",11
"CTCCTAAGTTATGTCT-1",6
"CTCCTCCAGCTCACAC-1",9
"CTCCTGTTCAAGGCAG-1",11
"CTCCTTTACGCAAGTC-1",12
"CTCGAATGGAACGTAT-1",12
"CTCGAGATCCAAAGCA-1",3
"CTCGAGGTCGAACAGT-1",11
"CTCGATATTTGCGAGC-1",12
"CTCGCACCTATATAGT-1",11
"CTCGCATTGCATAGCC-1",4
"CTCGCCGAATGTAGGG-1",3
"CTCGCTAGGTAAGCGA-1",3
"CTCGGGATAACACCTA-1",11
"CTCGGGCATCGTCGGG-1",11
"CTCGGGTTCTCTGGCC-1",4
"CTCGGTACCACTGCTC-1",9
"CTCGGTCCGTAGCCTG-1",6
"CTCGGTTGTCGGCCCT-1",4
"CTCGTCGAGGGCTCAT-1",9
"CTCGTCTGTGCCTTCG-1",9
"CTCGTTACGGCTACCA-1",9
"CTCGTTTCTAATGTTT-1",12
"CTCTAATGCATTGATC-1",12
"CTCTACACTGGCGATT-1",12
"CTCTACATCCTGCGTG-1",9
"CTCTAGCCCTCGGAAA-1",2
"CTCTATTTGGCTGCAG-1",12
"CTCTCACAATCGATGA-1",3
"CTCTCGATGTGCGCCT-1",11
"CTCTCTAACTGCCTAG-1",9
"CTCTGCAGGCATTCTT-1",4
"CTCTGCGAAGCAAGCA-1",6
"CTCTGGACGCCTGGTG-1",3
"CTCTGTTTGAGGATTC-1",12
"CTCTTCTATTGACTGG-1",1
"CTCTTCTGGAAGTTAG-1",9
"CTCTTGTCCCGCTTGG-1",12
"CTGAAACGGCCCTCAG-1",12
"CTGAAAGAGATCCGAC-1",11
"CTGAATCCGAGACCTC-1",3
"CTGAATTTATTGCCAG-1",12
"CTGACATAGAAATAGA-1",7
"CTGACTGCGCAGCTCG-1",10
"CTGAGAAAGTTCGGCG-1",10
"CTGAGCAAGTAACAAG-1",6
"CTGCAAATGGGCTCCA-1",12
"CTGCAAGCACGTTCCG-1",11
"CTGCACAACTACATAT-1",11
"CTGCACCTAGTCCACA-1",11
"CTGCACCTGGAACCGC-1",11
"CTGCACTCCAGTACAG-1",3
"CTGCAGAGAATCAGAG-1",9
"CTGCCAAGGTTGGAAG-1",12
"CTGCCATGCATCACAT-1",3
"CTGCCTAGCCACCAAG-1",1
"CTGCCTCATATGCAAC-1",1
"CTGCCTTTAATACCTT-1",9
"CTGCCTTTCTAGTAAA-1",9
"CTGCGACCTCGCCGAA-1",9
"CTGCGATTTCGAGATT-1",9
"CTGCGGGTGAAATGTT-1",2
"CTGCGGTAGTCACGTG-1",12
"CTGCGTTACGATATAA-1",12
"CTGCTCTGACGGCAAA-1",9
"CTGCTGAGGCCACGAA-1",3
"CTGCTGTCTAACGAGC-1",10
"CTGCTTGGCGATAGCT-1",6
"CTGCTTTATGTCCGCG-1",12
"CTGGAAATGGATGCTT-1",3
"CTGGAAGACACGGTGG-1",10
"CTGGACGCAGTCCGGC-1",11
"CTGGCATCCGAATGAG-1",12
"CTGGCGACATAAGTCC-1",12
"CTGGCGATTTACATGT-1",6
"CTGGCGCACAGGTCTG-1",9
"CTGGCGGGAATAAGTA-1",6
"CTGGCTCCTGCGGGAT-1",6
"CTGGCTGATTCATCCT-1",3
"CTGGCTGCTAACGTAA-1",11
"CTGGGATACGCTACCC-1",1
"CTGGGATCGCCCAGAT-1",12
"CTGGGCCTGCTATATC-1",2
"CTGGGCTACTGGAGAG-1",3
"CTGGGCTATCCTTTGG-1",12
"CTGGGTTGAGTTAAAG-1",11
"CTGGTAAAGACTTACA-1",6
"CTGGTAAAGTGTGGGC-1",2
"CTGGTAACACATAGAA-1",10
"CTGGTAACGAGCTCTT-1",12
"CTGGTCATTCCAATCC-1",11
"CTGGTCCTAACTTGGC-1",3
"CTGGTGAATGGGCCTA-1",9
"CTGGTTCAACGCATCA-1",6
"CTGGTTTCGAGCAAGA-1",10
"CTGTACTTCTTAGCAT-1",6
"CTGTAGTGAGGATCGA-1",9
"CTGTATGGTGTAGAAA-1",11
"CTGTCAAATGGCTCGG-1",11
"CTGTCACGCCAGGCGC-1",12
"CTGTGCAGGGTAGGTC-1",3
"CTGTGGTCGGGAGATA-1",3
"CTGTTACCCAATCTAG-1",11
"CTGTTCACTGCCTGTG-1",6
"CTGTTCATCTCACGGG-1",11
"CTGTTGTTCAGTCGTA-1",9
"CTTAACTTACAGTATA-1",2
"CTTAACTTCGAAGTAC-1",11
"CTTACACGGTATTCCA-1",11
"CTTACACTGGGAAATA-1",6
"CTTACATAGATTTCTT-1",3
"CTTAGATGTTTCATCC-1",9
"CTTAGCCTTCCACATG-1",12
"CTTAGGTATAGACCAG-1",4
"CTTAGTAGGCCTACAG-1",10
"CTTAGTGTAGTAGCAT-1",10
"CTTAGTTGAGGAATCG-1",9
"CTTATGCGCTCAGGGC-1",11
"CTTATGTTGACTACCA-1",3
"CTTCAACTCCACTTGG-1",8
"CTTCACGCCCTGGTAC-1",4
"CTTCAGTGGTCGCCTA-1",10
"CTTCAGTTGGACAACG-1",3
"CTTCATAGCTCAAGAA-1",3
"CTTCATTGTCAGTGGA-1",11
"CTTCGATTGCGCAAGC-1",9
"CTTCGGCCAATTGTTT-1",10
"CTTCGTAGATAGGTGA-1",6
"CTTCTATGTTGAAGTA-1",10
"CTTCTGGGCGTACCTA-1",9
"CTTCTTACGTCGTATA-1",6
"CTTGACCCGAAAGATA-1",11
"CTTGAGGTTATCCCGA-1",6
"CTTGAGTTAGGGTAAT-1",10
"CTTGATGACCATCCAG-1",3
"CTTGCAACCGCCTCCT-1",3
"CTTGCCCACCCACGCA-1",3
"CTTGCCCAGGCTCTAC-1",6
"CTTGGCCAAGCTGGGA-1",3
"CTTGTACTTGTTGACT-1",3
"CTTGTCAACATTCGAG-1",12
"CTTGTGAGTCTTTGAC-1",3
"CTTGTGCTCACCGATT-1",12
"CTTGTTGCTGAGTCAA-1",11
"CTTGTTTATGTAGCCA-1",3
"CTTTAACTTTCAAAGG-1",11
"CTTTAATATTGGTCGA-1",11
"CTTTACCGAATAGTAG-1",10
"CTTTAGTGCTATTATT-1",12
"CTTTCTGTGCGGGCTT-1",3
"CTTTGCATCGCTCTTG-1",9
"CTTTGGCAGACAGAGT-1",11
"CTTTGGCGCTTTATAC-1",11
"CTTTGGCTTTAGTAAA-1",6
"CTTTGGGATTGTTGCA-1",3
"GAAACAGATGACCACC-1",10
"GAAACAGCCATGCAGT-1",6
"GAAACATAGGAAACAG-1",4
"GAAACCATGGTGCGCT-1",12
"GAAACCGAATTACCTT-1",6
"GAAACCTATACAAATG-1",8
"GAAACTCGTGCGATGC-1",3
"GAAACTCTAATGAAGG-1",11
"GAAAGAACAGCGTTAT-1",1
"GAAAGCAGTGCACTTT-1",11
"GAAAGCCCTTTGGACC-1",2
"GAAAGTGACTAACTGC-1",12
"GAAATACCTGCTGGCT-1",11
"GAAATACTAAACGTTT-1",2
"GAAATATCACCATCAG-1",6
"GAAATATGCTTGAATG-1",12
"GAAATCGCGCGCAACT-1",11
"GAAATGGCGGTGTTAG-1",9
"GAAATGGGATGTAAAC-1",8
"GAAATTAGCACGGATA-1",12
"GAAATTCACATCGCTG-1",6
"GAAATTGTCTCTATAA-1",2
"GAACAACTGGGATGAA-1",9
"GAACACACATCAACCA-1",6
"GAACAGATTACTAAAT-1",6
"GAACATTAGTATGTTA-1",12
"GAACCATCTGGGAGAC-1",11
"GAACCCTCTGTGTTCT-1",11
"GAACCTTTAACGATCC-1",8
"GAACGACCGAATGATA-1",6
"GAACGATAAGTTAAAG-1",12
"GAACGCGGGTCACACG-1",10
"GAACGGTGTAAAGCAG-1",12
"GAACGTCTCATGGTCG-1",12
"GAACTGTGGAGAGACA-1",9
"GAACTTAGCGCCCGGT-1",12
"GAAGAAACGATATTGT-1",4
"GAAGAACGGTGCAGGT-1",6
"GAAGACTTCAATGCCG-1",11
"GAAGCCACTGATTATG-1",3
"GAAGCCTGCACATTCC-1",3
"GAAGCGTGAGGAATTT-1",6
"GAAGCTCGGACCCGTC-1",11
"GAAGCTTGCTGACCGC-1",11
"GAAGGAGTCGAGTGCG-1",10
"GAAGGCTACCATTGTT-1",12
"GAAGGGCATAACCATG-1",11
"GAAGGGTCATTAAGAC-1",4
"GAAGTCTCCCTAGCGA-1",9
"GAAGTGATTTATCGTG-1",2
"GAAGTGCTGGATAGCT-1",2
"GAAGTTTCCACTCAAT-1",6
"GAATAGACGCGACCCA-1",11
"GAATAGCATTTAGGGT-1",10
"GAATAGCCCTGCGGTC-1",12
"GAATAGTGCTCGATTA-1",9
"GAATATTCGGAGTCCC-1",11
"GAATCGACATGGTCAC-1",3
"GAATCGCCGGACACGG-1",3
"GAATCTGAACATTCTC-1",3
"GAATGAAGGTCTTCAG-1",12
"GAATGCCGAAATGACC-1",6
"GAATGCGAATCGGTTC-1",3
"GAATGTATGGCAGGTC-1",12
"GAATGTTGGGTAATCT-1",11
"GAATTATAGTGAAAGG-1",8
"GAATTCACCCGGGTGT-1",6
"GAATTTCTCGCTGCAG-1",6
"GACAAACATATGCAGG-1",6
"GACAACGACCATTGAA-1",11
"GACAACGCAGCTTACG-1",6
"GACAAGAGATGAGATT-1",11
"GACACAAGGGAAGAAA-1",9
"GACACAGCCGGGACTG-1",9
"GACACGAGTTAGAGGA-1",6
"GACACTGAGTTCAGTG-1",3
"GACACTGGAACCCGAT-1",11
"GACACTTCCAATTACC-1",3
"GACAGGCACACACTAT-1",3
"GACAGGTAATCCGTGT-1",4
"GACATCCGTCGAACTG-1",9
"GACATTTCGCCCAGCC-1",9
"GACCAAACGTTGACTG-1",1
"GACCACACTTCCCTTT-1",9
"GACCAGAGCCCTGTAG-1",3
"GACCAGGTCATTCATA-1",3
"GACCCAATTATGATAC-1",10
"GACCCGTCGCCGGCTA-1",11
"GACCGACGTGAAAGCA-1",1
"GACCGACTGAAGCGTC-1",6
"GACCGATTAAATATGT-1",9
"GACCGCGTCTGACGTG-1",8
"GACCGTCAGGTCGTGA-1",11
"GACCGTGCTGACGGTG-1",6
"GACCTTCCACGTCTAC-1",9
"GACGACGATCCGCGTT-1",10
"GACGAGGCTAATAAAC-1",9
"GACGATATCACTGGGT-1",3
"GACGCCTGTTGCAGGG-1",6
"GACGCTTGCTTCTAAA-1",2
"GACGGACCGCGTTCCT-1",11
"GACGGGCATCGAATTT-1",4
"GACGGGTTGGCCCGTA-1",9
"GACGGTCAATAGAAGC-1",12
"GACGTGAGACTCCATG-1",6
"GACGTGTAGGGATTAT-1",12
"GACGTTCGTAAATACA-1",12
"GACTAACACAGCACCT-1",12
"GACTAAGATCATGCAC-1",3
"GACTAAGTAGGCTCAC-1",9
"GACTACAAAGCGGTGG-1",11
"GACTACAATTGCTCGT-1",6
"GACTAGGCCGTTAGGT-1",9
"GACTCACCCACGTGAG-1",1
"GACTCCCAGAATAAGG-1",12
"GACTCCTTCCAATTGA-1",9
"GACTCGCGGGAATGAC-1",12
"GACTCGGTCGGCGGAT-1",12
"GACTCTAGAGTTCCAA-1",4
"GACTGATTGGTCACAA-1",12
"GACTGCAAATCGAGCT-1",6
"GACTGCGGCACGTGTA-1",12
"GACTGCTGGTGAGAAA-1",4
"GACTGGGCGCCGCAAC-1",12
"GACTTCAACGCATCAA-1",3
"GAGAACGGTTCTGACT-1",6
"GAGACCCTGCAACGCC-1",12
"GAGACTGATGGGTAGA-1",3
"GAGAGGCCTATGTGTA-1",4
"GAGAGGGCGCGAGGTT-1",6
"GAGAGGTGCATTCTGG-1",9
"GAGAGTCTCGGGAGAG-1",4
"GAGATCTGCTTGGCAT-1",6
"GAGATCTGTCACTCCG-1",3
"GAGATGACAATCCTTA-1",11
"GAGATGGCTTTAATCA-1",9
"GAGATGGGAGTCGACA-1",8
"GAGCACCTGTGTCCAG-1",3
"GAGCATCAACAACTTG-1",4
"GAGCATCATCCCTGGG-1",6
"GAGCCACGGTAGTAGG-1",6
"GAGCCAGCTACCTGTG-1",9
"GAGCCGAGCGTTTATT-1",12
"GAGCGAGGGAGTACCG-1",6
"GAGCGCAAATACTCCG-1",10
"GAGCGCGCACGAGTAG-1",11
"GAGCGCTGTTAGGTAA-1",9
"GAGCGGAATGCGGTGT-1",9
"GAGCTAAGGGCATATC-1",12
"GAGCTCAACATGAGCG-1",3
"GAGCTCTCGGACCTAA-1",6
"GAGCTGTCGTCTCGGA-1",12
"GAGGAATATCTCTTTG-1",9
"GAGGAATGGAGAGGTT-1",11
"GAGGATAAACAGTGCT-1",1
"GAGGCATTTGCAGCAG-1",12
"GAGGCCCGACTCCGCA-1",3
"GAGGCCTGTTGATACA-1",9
"GAGGCTATCAAAGTCG-1",2
"GAGGGAGTCAGATCGC-1",9
"GAGGGCATCGCGTATC-1",6
"GAGGGCCATAATATTA-1",12
"GAGGGCGCAGCTCTGC-1",12
"GAGGGTAGTAACAAAG-1",4
"GAGGTACATCCATCTT-1",11
"GAGGTACGCGTGTCCC-1",9
"GAGGTCCCAAAGATCT-1",6
"GAGTAAACCGGAAAGT-1",11
"GAGTAAGGCCACGGGA-1",10
"GAGTACGGGTATACAA-1",6
"GAGTAGATACTAGTTG-1",6
"GAGTATGCGCGTGCAT-1",3
"GAGTCCGCTTACCGGA-1",3
"GAGTGTCAACCAGAAA-1",9
"GAGTGTGCGGTACCCA-1",9
"GAGTTGATGGCAATTT-1",12
"GAGTTGTCACCAGTCT-1",4
"GATAAATCGGTGGATG-1",6
"GATAACTCGCACTGTG-1",9
"GATAAGGCAGATGCAA-1",6
"GATACGATGGGAGTCA-1",3
"GATAGAACCCGCTAGG-1",9
"GATAGATAGTACAGTC-1",9
"GATAGGTAACGTTGAC-1",11
"GATAGTGCGAGTAAGT-1",9
"GATATCTCATGCAATA-1",3
"GATATGAGACACTAAC-1",12
"GATATGCGGTAGCCAA-1",12
"GATATGGATTACGCGG-1",12
"GATATTGAGATTGGCG-1",11
"GATATTTCCTACATGG-1",12
"GATCAACATAAAGGGA-1",4
"GATCATTCCAAACATT-1",3
"GATCCCTTTATACTGC-1",11
"GATCCGGGAATTAACA-1",6
"GATCCTAAATCGGGAC-1",12
"GATCCTCGACACTGGC-1",12
"GATCCTCTTGCGCTTA-1",3
"GATCGACACTATCTGA-1",3
"GATCGCGGGCTCTCCA-1",6
"GATCGCTACCCGATTT-1",12
"GATCGCTATATCTCAG-1",9
"GATCGCTGTGGTGCGT-1",9
"GATCGGATAGAACCAT-1",12
"GATCGGCGATAAGTCG-1",3
"GATCGGTGGCCATAAC-1",9
"GATCGTGACTGATATC-1",3
"GATCTCGACGCTGTGG-1",11
"GATCTGCTATCTAAGG-1",6
"GATCTTGGAGGGCATA-1",12
"GATCTTTGCAGGGTAT-1",6
"GATCTTTGCTCAAAGA-1",12
"GATGACAAGTAGGGCA-1",9
"GATGACGATGATCGCG-1",12
"GATGAGGAACCTTCGG-1",9
"GATGCCAGCAGAAGGC-1",11
"GATGCCTTCTGCGGCA-1",4
"GATGCGTCCTGCATTC-1",6
"GATGCTACAAGCGCCT-1",6
"GATGCTACCTTCGATG-1",9
"GATGCTGTATTTCATC-1",3
"GATGGCGCACACATTA-1",11
"GATGGTGAAATAACCC-1",12
"GATGGTGCCCTAGGCA-1",1
"GATGTAACGAACCACC-1",12
"GATGTCCGGATCACAT-1",6
"GATGTCGGTCAACTGC-1",1
"GATGTGTTGTCACAAG-1",1
"GATGTTCAATCCACGA-1",2
"GATGTTTGTGCGAGAT-1",11
"GATTAACCGAAAGCCC-1",9
"GATTAATCCTGGCTCA-1",11
"GATTACTGAATTTGGG-1",6
"GATTCCCTTGTCGCAG-1",3
"GATTCCGCGTTTCCGT-1",11
"GATTCCTATACGGCGC-1",12
"GATTCGACGGTTCACG-1",3
"GATTCTGTTAATGAGT-1",9
"GATTGACACTCTGCTC-1",11
"GATTGCTCCAGTTGCA-1",9
"GATTGGGAAAGGTTGT-1",9
"GCAAACCCTACATTAT-1",3
"GCAAACCTTGGCCATA-1",6
"GCAAACGTCGCCAGGT-1",10
"GCAAAGGGCGTTAGCC-1",9
"GCAAATATTACGCTTT-1",6
"GCAACACACTAGAACT-1",10
"GCAACAGCAGTATGCG-1",8
"GCAACCACCAGACCGG-1",12
"GCAACCACGGCCGCGT-1",6
"GCAACGGCTAGTTATG-1",1
"GCAAGAATTCCTTGGC-1",2
"GCAAGATGTGTTCGCG-1",12
"GCAAGTGCACAGAGAA-1",11
"GCAAGTGTAAAGCATG-1",9
"GCAATTAGTCGCACCG-1",11
"GCACAAACCCTAGATG-1",4
"GCACAAACGAGGCGTG-1",5
"GCACAACCTCGGGCGT-1",4
"GCACAAGTGTCGGAAG-1",3
"GCACACACTGGTAGCC-1",9
"GCACACAGCTATTACC-1",11
"GCACAGCACGGGCCGA-1",4
"GCACCTAGGCGAGTCC-1",9
"GCACGCCGATTCCCGC-1",9
"GCACGTGGTTTACTTA-1",9
"GCACTAGTCGCGCTAT-1",6
"GCACTGCCTACCTTTA-1",3
"GCACTGTGCAAATGTA-1",3
"GCAGAAACGTAATCCA-1",12
"GCAGACCCAGCACGTA-1",1
"GCAGATCCATAAGACT-1",3
"GCAGATTAGGGATATC-1",10
"GCAGCACACAGCCCAG-1",6
"GCAGCCTATATCACAT-1",1
"GCAGCGGTGGGCATTA-1",6
"GCAGCTATGGACAGGT-1",12
"GCAGCTGTCAACGCAT-1",3
"GCAGGAACTTAGATCT-1",11
"GCAGGACTATAGAATA-1",2
"GCAGGTAGAGTATGGT-1",12
"GCAGTGTGGCTATAGG-1",8
"GCAGTTCGATCCGAGC-1",11
"GCATACGAGGTCTTTA-1",12
"GCATAGAGCACTCAGG-1",3
"GCATCCCTAACTTTGA-1",6
"GCATCGGCCGTGTAGG-1",12
"GCATGAGGGACGCGGC-1",12
"GCATGCTAATAACGAT-1",3
"GCATTCAAGGCAACGC-1",12
"GCATTCGAAATGAACA-1",12
"GCATTGTAATTCATAT-1",11
"GCATTTCCAAGGCTCC-1",6
"GCCAACCATTTCCGGA-1",12
"GCCAAGAATACTTCTG-1",12
"GCCAATAGGGCATCTC-1",12
"GCCACAATTTAAGGAC-1",6
"GCCACTCAGAGCGCGA-1",3
"GCCACTCCTTACGGTA-1",10
"GCCAGGAAAGAACACT-1",9
"GCCAGGAGTAACCGAT-1",12
"GCCAGGCGTTCGCATG-1",12
"GCCATATTGCACACAG-1",12
"GCCATCGATGCTGCAT-1",1
"GCCATTAGCCTCAAAC-1",8
"GCCCACCAAGGCTGTC-1",6
"GCCCAGATGCTGGAGA-1",1
"GCCCAGTTGGTATGCC-1",10
"GCCCGACTTCTTCCCG-1",12
"GCCCGAGAGTCTAAAT-1",4
"GCCCGATCTGTGGTCG-1",11
"GCCCGCGCGTAAACGG-1",3
"GCCCGCGCGTTTGACA-1",6
"GCCCGTAATACCTTCT-1",11
"GCCCTAGCCGTCGCGA-1",8
"GCCCTGAGGATGGGCT-1",9
"GCCGAAATTCCTACGT-1",2
"GCCGACCCACGACTGC-1",4
"GCCGATTGGCCAAGCT-1",6
"GCCGCTTGTGAGAAAC-1",2
"GCCGGAAACACATCTT-1",11
"GCCGGGTTAGGGTCGC-1",6
"GCCGGTCGTATCTCTC-1",9
"GCCGTCGGTTTCGGGC-1",4
"GCCGTGGAAGAAATGT-1",1
"GCCTACGTTCTGTGCA-1",9
"GCCTAGCGATCTGACC-1",6
"GCCTATAGTGTCAGGG-1",12
"GCCTATGCTGGGCCTT-1",12
"GCCTATTCCGATATAG-1",12
"GCCTATTTGCTACACA-1",6
"GCCTCATCTGGAAATA-1",12
"GCCTCCGACAATTCAC-1",3
"GCCTCTATACATAGCA-1",3
"GCCTGCTACACTGAGA-1",12
"GCCTGTCCCGGTGCAT-1",9
"GCCTTCAGCCCTACCG-1",3
"GCCTTGTATATGCAGT-1",6
"GCCTTTGTCAGTGGAC-1",4
"GCGAAACGATCGGGAG-1",9
"GCGAAGAATCTGACGG-1",9
"GCGAAGCCATACCCGT-1",3
"GCGAATGGACTAGCGA-1",4
"GCGACATGTAAACATC-1",1
"GCGACCCAACCATCTG-1",9
"GCGACGATAGTTGTAC-1",11
"GCGACGGTAGTCTCCT-1",11
"GCGAGAAACGGGAGTT-1",6
"GCGAGAGGCCATGTAA-1",12
"GCGAGAGTTGCGTCCA-1",1
"GCGAGCGCATGCTCCC-1",3
"GCGAGGCCCGAGCAGA-1",6
"GCGAGTTCTGCAAAGA-1",6
"GCGATTCTGGAAGCAG-1",1
"GCGATTGTTAACGTTA-1",6
"GCGCAAATATATTCAA-1",4
"GCGCAAGAGCGCGCTG-1",1
"GCGCATCCAGTCAGCA-1",12
"GCGCCGTTCCACGATA-1",6
"GCGCCTCCCACTCCGA-1",1
"GCGCGGTCTAGTAACT-1",3
"GCGCGTCATTGGTACA-1",8
"GCGCTAATTGAATAGA-1",6
"GCGCTATGCCGAGGCA-1",3
"GCGCTGATCCAGACTC-1",12
"GCGCTGCTTTGCATTT-1",12
"GCGCTTAAATAATTGG-1",9
"GCGGAGAAACTTCGCA-1",4
"GCGGATTACTTGTTCT-1",6
"GCGGCAAAGTATTGCC-1",4
"GCGGCTCTGACGTACC-1",6
"GCGGCTTTAGCAAGTT-1",9
"GCGGGAACCAGGCCCT-1",6
"GCGGGCAGACGGGTGA-1",4
"GCGGGCATTACGATGC-1",3
"GCGGTAACCCAAATGA-1",2
"GCGGTCCCGGTGAAGG-1",12
"GCGGTCCCTAGACGCA-1",6
"GCGGTCTTGCTTTCAC-1",9
"GCGGTGAACTGCGCTC-1",12
"GCGGTTCCCTATCATG-1",6
"GCGTAAATGGCCATAA-1",1
"GCGTCCCTAAGACATA-1",9
"GCGTCGAAATGTCGGT-1",3
"GCGTCGCCAGGGTGAT-1",2
"GCGTCGTAACATGGTC-1",11
"GCGTCTCTGCATTGGG-1",11
"GCGTGGTACTGGGTTA-1",8
"GCGTGTATGTCGTATT-1",12
"GCGTTCGGAGACCGGG-1",12
"GCTAAACCTGAGGTGA-1",10
"GCTAACTGAAGTCTGA-1",9
"GCTAAGCCCAGTATGC-1",9
"GCTAAGTAAAGGCGAT-1",12
"GCTAAGTAGTTTCTCT-1",6
"GCTAATACCGAATGCC-1",3
"GCTACAATCGAGGATA-1",9
"GCTACAGTACGGACCG-1",12
"GCTACGACTTATTGGG-1",12
"GCTACTATAGTAGAGT-1",12
"GCTAGACCGTCTACTG-1",6
"GCTAGAGTAGAGATGT-1",9
"GCTAGCAGGGAGTGGG-1",12
"GCTAGCGATAGGTCTT-1",9
"GCTAGGCACCACGGAG-1",3
"GCTAGTAGAGCTTGTA-1",6
"GCTAGTTTCATTGAGG-1",6
"GCTATAAGGGCCAGGA-1",4
"GCTATACGTCTCGGAC-1",11
"GCTATCATACTCATGG-1",3
"GCTATCGCGGCGCAAC-1",6
"GCTCAATGTAATACCG-1",6
"GCTCATTACTGCATGT-1",12
"GCTCCATGCAAAGCAA-1",4
"GCTCCCAGTCGGTCCA-1",1
"GCTCCGCTCGCTTCAG-1",1
"GCTCCTGACATACTGG-1",9
"GCTCGCTCATGTCCAA-1",1
"GCTCGGAATTTAAAGC-1",11
"GCTCTAAACCCTGACG-1",3
"GCTCTATGTTACGTGC-1",3
"GCTCTCGGGTACCGAA-1",3
"GCTCTTTCCGCTAGTG-1",10
"GCTGAACTCTCCAGGG-1",5
"GCTGAATCTTCCAATC-1",9
"GCTGAGGCGTGAGTAT-1",6
"GCTGCACGGTTTCTTA-1",12
"GCTGCTAAGTAGTCGA-1",12
"GCTGCTACTGCGTAGC-1",10
"GCTGCTCTCCGGACAC-1",3
"GCTGGACCCAAAGTGG-1",11
"GCTGGCATATTCACCT-1",2
"GCTGGCGGCGCATGCT-1",2
"GCTGGTGACTCGTAGT-1",12
"GCTGGTTTAGGCCATA-1",9
"GCTGTATTACTGGCCC-1",6
"GCTGTTGCTACCGAAC-1",11
"GCTTAATGTAACTAAC-1",9
"GCTTACGTAGTTAGTA-1",1
"GCTTATGAAGCAGGAA-1",12
"GCTTCAGTGGGATTAC-1",12
"GCTTCCAGCTTAGATT-1",3
"GCTTCCATGTAACCGC-1",9
"GCTTCCCGTAAGCTCC-1",9
"GCTTCCGTCCCTAGAC-1",11
"GCTTCGACGTTCAATC-1",4
"GCTTGAGTGACCTCTG-1",4
"GCTTGATGATAATCAG-1",12
"GCTTGCAGCACAATTG-1",12
"GCTTGGATCGATTAGG-1",12
"GCTTTACACAACTGGG-1",2
"GCTTTCAGAGGAGGTG-1",12
"GCTTTCTATCTCAACT-1",12
"GGAAACCTTGTTGAAT-1",12
"GGAAACTAAATGGGCC-1",9
"GGAAAGGGAATTGAGC-1",9
"GGAAAGTGCCCATGCC-1",12
"GGAACCGTGTAAATTG-1",10
"GGAACCTTGACTCTGC-1",9
"GGAACGGCCTGCAGCC-1",12
"GGAACTTTGGCGATTA-1",11
"GGAAGCTCGCTTACAG-1",11
"GGAAGGACACCGTATA-1",9
"GGAATAACCTCAAGAA-1",11
"GGAATGCGCTAGCGTG-1",11
"GGACAACCATGAAGCC-1",3
"GGACACAAGTTTACAC-1",1
"GGACACCTCGGTGTTG-1",9
"GGACCAACAGGATAAC-1",11
"GGACCTACGGTAACGT-1",12
"GGACCTCTAGGCCGCC-1",4
"GGACGGCTTGCGCAAC-1",12
"GGACGGGCGACCAACC-1",4
"GGACGTCCATAGTTGG-1",12
"GGACTCGACAGCGCAT-1",9
"GGACTCGTGAGTGGTC-1",9
"GGACTCTTTGACTAAG-1",9
"GGAGAAGTCATTGGCA-1",12
"GGAGACCAATGTGCTT-1",12
"GGAGACGACACCTTTG-1",11
"GGAGCAACATTTCAAG-1",8
"GGAGCACCAAGAACTA-1",12
"GGAGCGAGGCCTACTT-1",9
"GGAGGATTGAAAGGAG-1",1
"GGAGGCCGAAGTCGTC-1",1
"GGAGGGCTTGGTTGGC-1",11
"GGAGGGTCAAGTAAGA-1",3
"GGAGTGCCGCCCTGGA-1",6
"GGAGTTGATTCTGTGT-1",6
"GGATACTCATGAATTG-1",6
"GGATCAAAGGACGAGG-1",11
"GGATCATCCCGTACGC-1",12
"GGATCCCTACCAGCTA-1",11
"GGATCCGGAATATACT-1",6
"GGATCTTACTGCCCTT-1",9
"GGATCTTGACTCAACC-1",12
"GGATGAAGATCGCTGA-1",11
"GGATGACGCGAGTTTA-1",6
"GGATGCTGGCGTTCCT-1",11
"GGATGGCTTGAAGTAT-1",6
"GGATGTCCTTACCGCA-1",12
"GGATTAAGCTAAGGTC-1",12
"GGATTAATCATGGACC-1",9
"GGATTCAGTACGGTGG-1",11
"GGATTCCGCTATACCC-1",10
"GGATTGCTGTGACTCC-1",6
"GGATTTCACTTCTATA-1",12
"GGCAAAGGCGCCAATA-1",4
"GGCAAATTACTTTACT-1",6
"GGCAAGCCAGGGATAG-1",12
"GGCAAGCCCATAGTGG-1",8
"GGCAAGGCGAAATAGC-1",12
"GGCAATAGTCAATGAG-1",9
"GGCACGCTGCTACAGT-1",6
"GGCACTCCACTGGGCA-1",6
"GGCACTGCGGTGGTTT-1",2
"GGCAGCAAACCTATGC-1",8
"GGCAGCGGTAATCCTA-1",12
"GGCATACAGGTAGCGG-1",6
"GGCATATCGGTTCTGC-1",12
"GGCATCAACGAGCACG-1",11
"GGCATTGAACATCTCA-1",4
"GGCCAATTGTATAGAC-1",3
"GGCCCAATCTAGAGGG-1",12
"GGCCCAGCTGGTTTGC-1",9
"GGCCCAGTTATCAGCA-1",12
"GGCCCGGAGCATGTCT-1",1
"GGCCCGTATACCATGC-1",12
"GGCCCTCACCCACTTA-1",6
"GGCCGAGACTCTGGTG-1",4
"GGCCGCAGGAACCGCA-1",4
"GGCCGGCGTCTGCTAT-1",9
"GGCCGTTTGGGTTTCA-1",11
"GGCCTGCTCTGATGTT-1",3
"GGCCTGCTTCTCCCGA-1",6
"GGCGAAATCTAACTTG-1",9
"GGCGCAGGACATCTTC-1",2
"GGCGCATGAATTGATG-1",6
"GGCGCGGAGATCTTTC-1",9
"GGCGCGTTCGAGTTTA-1",11
"GGCGCTCCTCATCAAT-1",11
"GGCGCTTCATTCCCTG-1",9
"GGCGGAGTAATATTAG-1",2
"GGCGGTAGGATCATTG-1",11
"GGCGTACCCTATATAA-1",11
"GGCGTAGGGAAAGCTG-1",9
"GGCGTCCTATCCGCTG-1",6
"GGCTAAAGGGCGGGTC-1",12
"GGCTAATGATTGAAAT-1",12
"GGCTACTATACACTCC-1",9
"GGCTATTAAGTTGTAT-1",3
"GGCTCCTCCACCTGTT-1",9
"GGCTCGCGTTGAGGTA-1",12
"GGCTCGTGCCACCAGC-1",3
"GGCTCTGCTCCAACGC-1",11
"GGCTGAAATAGCAAAG-1",11
"GGCTGAGCATCGTAAG-1",12
"GGCTGGCTAGCTTAAA-1",6
"GGCTTTCAATAAGGGT-1",3
"GGGAAAGAATGCCAAC-1",2
"GGGAACGGGAGGTTAG-1",6
"GGGAACGGTTTCAGAT-1",9
"GGGAAGACGGTCTGTC-1",3
"GGGAAGGGCTTTCTCA-1",9
"GGGAATGAGCCCTCAC-1",12
"GGGACAGAGTTACTCC-1",3
"GGGACCCGTATATCTT-1",12
"GGGACTGCATAGATAG-1",3
"GGGAGAACTCACAGTA-1",3
"GGGAGCGACCGTAGTG-1",9
"GGGAGGATGCCCGAAA-1",2
"GGGAGTAATGGCTGGC-1",3
"GGGAGTTAATGAGGCG-1",3
"GGGATCCCAATACAAA-1",12
"GGGATGGTCGTAACCG-1",3
"GGGATTTACCGCACCT-1",11
"GGGCAACCGCACGTGC-1",11
"GGGCACGTAGTACTGT-1",9
"GGGCAGAGCAATCGTT-1",2
"GGGCAGTCAACGCCAA-1",9
"GGGCATGCATGTCGAG-1",9
"GGGCCATTCGTGCTGG-1",9
"GGGCCCGTCTTAAACA-1",6
"GGGCCCTACGAAAGGG-1",11
"GGGCCGGCCGAAGTAC-1",10
"GGGCCTATTTAAGTAT-1",12
"GGGCGATATGTGTGAA-1",11
"GGGCGCAGCGTTACTC-1",1
"GGGCGGGTTCCCTACG-1",6
"GGGCGGTCCTATTGTC-1",3
"GGGCGTACATTTATAT-1",11
"GGGCGTCACCACGTAA-1",3
"GGGCGTCCACTGGCTC-1",12
"GGGCGTGGTTTCCCAG-1",8
"GGGCGTTTACATTCAT-1",9
"GGGCTCATCGAACCCA-1",12
"GGGCTGCCTAGGGCGA-1",3
"GGGCTGGTTAGTCGCG-1",10
"GGGTAATGCTGTGTTT-1",3
"GGGTACCCACGGTCCT-1",3
"GGGTACTTCATGAACT-1",3
"GGGTATGTATGCACTT-1",2
"GGGTATTCTAGCAAAC-1",8
"GGGTCACCGTGACGGT-1",6
"GGGTCAGGAGCTAGAT-1",11
"GGGTCATGCGTACCAT-1",12
"GGGTCCTTGGAAGAAG-1",4
"GGGTCGTGGCAAGTGT-1",12
"GGGTCTATCGCTTTCC-1",11
"GGGTGACACCTTAACT-1",6
"GGGTGCATATGAAAGC-1",11
"GGGTGGTCCAGCCTGT-1",1
"GGGTGTTTCAGCTATG-1",12
"GGGTTCAGACGAACAA-1",2
"GGGTTTAGGATAGGAT-1",1
"GGTAAACTCTGCGCTG-1",4
"GGTAAATGTGCGTTAC-1",4
"GGTAACCGGGAGGATA-1",4
"GGTAACTATGTATCTG-1",3
"GGTACAAACATGCTAT-1",6
"GGTACACCAGATTTAT-1",12
"GGTACATCTGGGACGA-1",11
"GGTACCATTAAGACGG-1",12
"GGTACGTTGCGGCCGG-1",9
"GGTAGAAGACCGCCTG-1",10
"GGTAGGCCAATATCAC-1",9
"GGTAGTGCTCGCACCA-1",6
"GGTATAGTGACACATA-1",1
"GGTATTGCCGAGTTTA-1",6
"GGTCAAGACTACTTCG-1",8
"GGTCACGTTAGATTCA-1",11
"GGTCAGTGGGTCCCAC-1",12
"GGTCATTGTAGTCATA-1",12
"GGTCGGATAAACGGCG-1",12
"GGTCGGCCAGGAGCTT-1",12
"GGTCGGTAATTAGACA-1",6
"GGTCGTAAGCTCGCAC-1",12
"GGTCTCCGTCCAGGTT-1",3
"GGTCTCTGAATGGACT-1",12
"GGTCTGAGAATCTGGA-1",11
"GGTCTTGAGCGCTCTT-1",3
"GGTGAAACCGGGAATG-1",3
"GGTGAACGGGCTAGCC-1",6
"GGTGAAGTACAGGGAT-1",6
"GGTGAGATGCAGATAA-1",6
"GGTGATAAGGAGCAGT-1",11
"GGTGATTTCATCTTGT-1",6
"GGTGCAGAGCCTATCG-1",12
"GGTGCATAAATGATTA-1",9
"GGTGCGGATAAGTGGC-1",6
"GGTGCTGATCACAAAG-1",11
"GGTGCTGGTACACATT-1",6
"GGTGGACCACGTGTTA-1",12
"GGTGGACTGCTCTGGC-1",3
"GGTGTAAATCGATTGT-1",9
"GGTGTAGGTAAGTAAA-1",9
"GGTGTTCTGTTTCTAC-1",12
"GGTTACCACCCTCGGG-1",2
"GGTTACCCGACACTTT-1",3
"GGTTAGCTATATGTCT-1",11
"GGTTAGGCTTGGAGAA-1",11
"GGTTAGTTACGGCGCC-1",12
"GGTTCCCTAGTGTCTC-1",12
"GGTTCGATGCTGAGTT-1",3
"GGTTCGCATTTGCCGT-1",3
"GGTTCTACTCGTCTGA-1",1
"GGTTGTATCGTGAAAT-1",11
"GGTTTAATTACCATCG-1",9
"GGTTTAATTGAGCAGG-1",12
"GGTTTACAATCTCAAT-1",12
"GGTTTAGCCTTTCTTG-1",1
"GGTTTCAATCGGTCAG-1",12
"GGTTTGACAAGAAGCT-1",12
"GGTTTGAGTGCTGGAA-1",6
"GGTTTGCGAACACGTA-1",12
"GGTTTGTGACCTGAGG-1",9
"GTAACAACTGACCTTG-1",12
"GTAACATCTAAGATAA-1",9
"GTAACTGCCCAAGGAG-1",9
"GTAACTTGCGGCAGTC-1",3
"GTAAGCGGGCAGTCAG-1",3
"GTAAGGATTTGTCGGA-1",11
"GTAAGTAACAGTCTGG-1",11
"GTAAGTAGGGTATACC-1",12
"GTAAGTCCACACTCTA-1",10
"GTAATAAAGGGCTCCC-1",5
"GTACACTTACCTGAAG-1",6
"GTACAGAGGCAAGGGT-1",11
"GTACGACGGCGCTGCG-1",6
"GTACGAGATTGCGACA-1",11
"GTACGTCACGTATTAA-1",12
"GTACGTTTGCCCGTCA-1",12
"GTACTAAGATTTGGAG-1",11
"GTACTCCCTTATCGCT-1",2
"GTACTCCTGGGTATGC-1",12
"GTACTGAGGTCGTAAC-1",6
"GTACTGCATGAAGCGT-1",6
"GTACTGGAGTTAGACC-1",6
"GTACTTGGGCACTTCT-1",3
"GTAGAAACGGGTGGAG-1",12
"GTAGACAACCGATGAA-1",11
"GTAGACACGCCTGACT-1",3
"GTAGACGTCGTTACAT-1",6
"GTAGAGGGAGACAAGT-1",10
"GTAGCCAAACATGGGA-1",10
"GTAGCGCTGTTGTAGT-1",11
"GTAGCGGCTATACACT-1",2
"GTAGCTAGTAAGCGCG-1",11
"GTAGCTCCGGGAGGCT-1",9
"GTAGCTTCCTCTTGTT-1",12
"GTAGGTGATCCGTGTA-1",12
"GTAGTCGCGGGAATCA-1",10
"GTAGTCTACGATATTG-1",3
"GTAGTGAGCAACCTCA-1",2
"GTAGTTCGAAGGCGAA-1",9
"GTATAATCTCCCGGAT-1",6
"GTATAGGACTCAGTAG-1",11
"GTATAGTGGCCCATGT-1",11
"GTATATGTTACGGCGG-1",11
"GTATCAAACGTTAGCT-1",9
"GTATCAAGGTACTTCC-1",3
"GTATCAGCTTGGGTTC-1",11
"GTATCCTTTGGTAACC-1",3
"GTATCGGGACGAGCTG-1",3
"GTATCTCAGTCTTGAC-1",4
"GTATCTCCCTAACTGT-1",12
"GTATCTCGGGCGCTTT-1",4
"GTATCTTGTTGCTCAC-1",11
"GTATCTTTCATAACCA-1",12
"GTATGAAATTTCACTC-1",12
"GTATGACGTGGGAAAC-1",6
"GTATGTGGGTCTAGTT-1",11
"GTATTAAGGCGTCTAA-1",6
"GTATTAGGGTTCGCGT-1",12
"GTATTCTGAGAAACGA-1",6
"GTATTCTTACCGTGCT-1",3
"GTATTTAATGGCATAA-1",12
"GTCAAAGAAGTGGTGT-1",9
"GTCAAAGTTTACATAG-1",6
"GTCAACCAGGCCTATA-1",6
"GTCAAGCGGACTCGGG-1",3
"GTCAATGCTATAATTT-1",12
"GTCAATTGTACTGAAG-1",11
"GTCACAAAGTTTCCAA-1",11
"GTCACTCTCCAAATCT-1",3
"GTCAGAATAGTCTATG-1",6
"GTCAGTTGTGCTCGTT-1",1
"GTCAGTTTGGTAGTCG-1",12
"GTCATCTCCTACAGCT-1",3
"GTCATGCACCTCCGTT-1",11
"GTCATGCGCGAGGGCT-1",9
"GTCATGGACATGACTA-1",3
"GTCATTAGAGCGAACG-1",6
"GTCCAATATTTAGCCT-1",3
"GTCCAGGCACGTGTGC-1",9
"GTCCATTACTGCTACG-1",1
"GTCCCAACGTAAAGTA-1",9
"GTCCCGCGACGTTATG-1",6
"GTCCGGACCTGAAATT-1",9
"GTCCGGCTGAATTGCG-1",3
"GTCCGGGTTCACATTA-1",9
"GTCCTACAGGCGGCTC-1",6
"GTCCTACGAATAGTCT-1",9
"GTCCTTCTAGTGGGTT-1",3
"GTCCTTTAATGACTTC-1",12
"GTCGAATTTGGGCGCT-1",9
"GTCGCGTAACCCGTTG-1",11
"GTCGGAAGGATACCAG-1",12
"GTCGGATATCTCAGAC-1",3
"GTCGGATGTAGCGCGC-1",11
"GTCGGGAAGCAGAAAC-1",3
"GTCGGGTGAAGTACCG-1",4
"GTCGTACCATCTCGGG-1",12
"GTCGTATTGGCGTACA-1",12
"GTCGTCAATTATAAGG-1",3
"GTCGTCTGGTTGGCTA-1",11
"GTCGTGTCTGGTCATC-1",12
"GTCTAGTGAGCCGCTT-1",6
"GTCTATCTGAGTTTCT-1",6
"GTCTATTGCATGCTCG-1",9
"GTCTATTGGTTCCGGT-1",12
"GTCTCAAGGCCCGGCT-1",11
"GTCTCCCGAGTCCCGT-1",6
"GTCTCCGCCTCAATAC-1",9
"GTCTCCTGCCAGTATG-1",9
"GTCTCGACTAAGTTTG-1",12
"GTCTCGATCTGCTTTC-1",8
"GTCTCGCCAACACGCC-1",12
"GTCTGCCGACTCGACG-1",3
"GTCTGGGCGGTCGAGA-1",6
"GTCTTACCACGCCAAG-1",9
"GTCTTAGTACAGCCGG-1",9
"GTCTTGAGGAGCAGTG-1",1
"GTCTTGTAGCTATTCA-1",3
"GTGAAACGGCGCCACC-1",12
"GTGAAACGTGCTCCAC-1",3
"GTGAACTCCCATTCGA-1",10
"GTGAAGATTTCAAGTG-1",12
"GTGAAGCCGTATAGTC-1",12
"GTGACAGCTTCCCACT-1",3
"GTGACCGCACACTACG-1",11
"GTGACGAGGGTGACCC-1",6
"GTGACGCAGGTTTCAT-1",9
"GTGACTTCAGTAGTGC-1",6
"GTGAGATAACCTTATA-1",9
"GTGAGCGTGCTGCACT-1",2
"GTGAGGACACTTAAGG-1",12
"GTGAGGAGCGGTTGAG-1",12
"GTGAGTCGACTAATAG-1",2
"GTGATCAAGCGTGCAC-1",4
"GTGATCACTAACGCCT-1",10
"GTGATCATAGATCTGC-1",6
"GTGATCCTTGTCATGA-1",3
"GTGATGCACAACATCT-1",12
"GTGATTCGCCGCTCAA-1",3
"GTGCAACAAATGTGGC-1",2
"GTGCACCAGCTTCAAC-1",3
"GTGCACGAAAGTGACT-1",11
"GTGCCATCACACGGTG-1",2
"GTGCCGCTTCAAAGGT-1",3
"GTGCCTCAGTGTACGG-1",12
"GTGCCTGAGACCAAAC-1",9
"GTGCGAAATCGAACAC-1",6
"GTGCGACAGGGAGTGT-1",1
"GTGCGCAGCTTGCTCC-1",3
"GTGCGGGACCATCGGC-1",3
"GTGCGGGTCTCCAAAT-1",6
"GTGCGTGTATATGAGC-1",9
"GTGCTCAAGTACTGTC-1",6
"GTGCTTACATCAGCGC-1",10
"GTGGAACCTACATGCG-1",12
"GTGGACCAACCCGATT-1",8
"GTGGACGCATTTGTCC-1",6
"GTGGACGTGCTGAGAC-1",6
"GTGGAGCGTTTACCGA-1",4
"GTGGCAAACAGCGGCA-1",12
"GTGGCCGGTTTCTCGG-1",4
"GTGGCGGGCCGTAGCT-1",3
"GTGGCGGTCCCAGCGT-1",11
"GTGGCTGTTTCTGTTC-1",3
"GTGGGAACAAACCGGG-1",4
"GTGGGAAGACTGAATC-1",12
"GTGGGCTTAGACACAC-1",11
"GTGGTCAGCGAAGTAT-1",11
"GTGGTTACTTCTTTCG-1",11
"GTGGTTTCCGCCTTTC-1",6
"GTGTACCTTGGCTACG-1",11
"GTGTATATCAGCGGGC-1",3
"GTGTATGACTTTAAAG-1",11
"GTGTCAGTGTACGTGG-1",9
"GTGTCGTATAGCGTTC-1",6
"GTGTCGTATTCACCTT-1",12
"GTGTGAATAACTTAGG-1",11
"GTGTTACTATGCGTCC-1",12
"GTTAAAGTAGGACTGG-1",8
"GTTAACATCACTTAAA-1",6
"GTTAACTATGTTGTCA-1",1
"GTTAAGGGTGCGATGT-1",3
"GTTAAGTTAGAGTGGG-1",1
"GTTACAATTGGTGACG-1",2
"GTTACCTACAACTTGC-1",12
"GTTACTTTGGGCCTAG-1",6
"GTTAGAGTGTGCCGCT-1",1
"GTTAGCCCATGACATC-1",9
"GTTAGCCGTAAATCAA-1",3
"GTTAGGCTACCCGTTT-1",11
"GTTATAATACGGTGAA-1",11
"GTTATATCAGGAGCCA-1",12
"GTTATATTATCTCCCT-1",3
"GTTATCAAGCTATCGA-1",3
"GTTATCACCTTCTGAA-1",11
"GTTATTAAATACGACC-1",11
"GTTATTAACGTGGGAG-1",12
"GTTCAATCTATGTCAA-1",11
"GTTCACAGGAGTCTAG-1",6
"GTTCAGTCGCCAAATG-1",9
"GTTCATCGTTTGGCTG-1",1
"GTTCCAAGACAGCGAC-1",3
"GTTCCAGTCTGACCAT-1",6
"GTTCCCGTAAACATAT-1",11
"GTTCCGTCCGCCTGCA-1",9
"GTTCGACAATTGTATA-1",4
"GTTCGCCATAAGTGCC-1",6
"GTTCGCTGAGACGTCT-1",10
"GTTCGGAGCACTCAAC-1",10
"GTTCGGATCGGGAACA-1",1
"GTTCGGGCGTACCATT-1",6
"GTTCGTCTAAAGAACT-1",11
"GTTCGTCTGGGTCCCT-1",12
"GTTCTTCCCTCGATGT-1",3
"GTTCTTGTAACTCAAT-1",9
"GTTGAACCGGTTCCAT-1",6
"GTTGAGTCCCGCCGGT-1",11
"GTTGCACGGAGTTTCG-1",12
"GTTGCGCTAACATTAC-1",7
"GTTGCGGACGGTCAGG-1",12
"GTTGGACCGCATCAGG-1",12
"GTTGGATTCAGTGGCT-1",12
"GTTGGATTGAGAACAC-1",12
"GTTGGATTTGCGTTGG-1",6
"GTTGGTCATGCTATCC-1",6
"GTTGTAGATTTATGAG-1",3
"GTTGTCGTGTTAGTTG-1",3
"GTTGTTACATTGCGCT-1",12
"GTTTACGTTCCATCTG-1",12
"GTTTCAAACGAGTTGT-1",11
"GTTTCATATCGTCGCT-1",3
"GTTTCCTGGAGGGTGA-1",11
"GTTTCTAGAGGCGCGG-1",3
"GTTTCTGCAGTCTCCC-1",6
"GTTTGACCAAATCCTA-1",3
"GTTTGGCCCAAGTTAT-1",3
"GTTTGGCCGCTCAGCG-1",6
"GTTTGGCGTCAGGCAC-1",3
"GTTTGGGCTTGTGAGC-1",12
"GTTTGGGTTTCGCCCG-1",3
"GTTTGGTGATCGGTGC-1",9
"TAAACGTCGTCAATGA-1",2
"TAAAGACAACCCTTTA-1",7
"TAAAGAGCCCGAAACC-1",6
"TAAAGCGGTATTTCCA-1",9
"TAAAGCGTTAGGAGAA-1",12
"TAAAGCTGCAATAGGG-1",12
"TAAAGTGCACGTCTCG-1",9
"TAAATCTTTACACCTC-1",12
"TAAATGAATCCGTTTC-1",6
"TAAATGCCGTCTCATG-1",12
"TAAATTGTGGGTAAAG-1",4
"TAAATTTAGTAACACC-1",9
"TAACAAAGGGAGAAGC-1",11
"TAACAATATTTGTTGC-1",12
"TAACAGCGTTTGTGCT-1",9
"TAACAGGTTCCCTTAG-1",9
"TAACATACAATGTGGG-1",2
"TAACATACACGCGATC-1",4
"TAACCGCCCGCAGTGC-1",3
"TAACCTACCGTCCGAG-1",10
"TAACCTAGGGAGTCCA-1",3
"TAACGCTTTGAGAGCG-1",11
"TAACTATCGAAGGTCC-1",12
"TAACTATTACGCCAAA-1",12
"TAACTCATCCGCGCGG-1",6
"TAACTCCATGGAGGCT-1",6
"TAACTGAAATACGCCT-1",4
"TAAGAGGGACAGGGAC-1",9
"TAAGCAGGCGACACGC-1",11
"TAAGCCCTTACGACCA-1",12
"TAAGCGCGAATCAAAT-1",4
"TAAGGAACTTGTGGGA-1",6
"TAAGGCAACATAAGAT-1",3
"TAAGGCCCGTCACCCT-1",3
"TAAGGCTGAATCCCTC-1",3
"TAAGGGCCTGTCCGAT-1",9
"TAAGGGCTGGGAGAGG-1",11
"TAAGTAAATGTGCCGC-1",12
"TAAGTAACATCTTGAC-1",2
"TAAGTCGCCGAGTATC-1",9
"TAAGTTGCGACGTAGG-1",9
"TAATAAACAAGGAGAT-1",12
"TAATACACAGTAGTAT-1",3
"TAATACTAGAACAGAC-1",9
"TAATAGAACAGAGTTA-1",11
"TAATAGGTCACCAGAA-1",9
"TAATAGTGACGACCAG-1",12
"TAATATTGAAATTCGC-1",6
"TAATCGATCCGTACGT-1",12
"TAATGAAAGACCCTTG-1",12
"TAATTACGTCAGTAGA-1",9
"TAATTAGATGGATATG-1",3
"TAATTAGGACATCCGT-1",1
"TAATTGCGCTGATTAC-1",9
"TAATTGGAATCGGGAA-1",12
"TACAACAGCGCATACA-1",4
"TACAACGCACAACTCA-1",2
"TACAAGCTGTTCACTG-1",11
"TACAAGGGCTTCTTTA-1",3
"TACAAGTCTCGTGCAT-1",6
"TACACAGCCGTGGTGC-1",9
"TACACCGTCGTTAGTC-1",12
"TACACCTCTTCGAATC-1",3
"TACAGAAACGGTGGGC-1",3
"TACATAGGCATACACC-1",6
"TACATCCCTATCCCTG-1",12
"TACATTTCTAACGTGC-1",6
"TACCAAATAGCCCAGA-1",6
"TACCAATAAAGTACCA-1",3
"TACCAGAAGTAGGTTC-1",11
"TACCAGCTAGGTTTAA-1",3
"TACCAGGAATCCCGTC-1",9
"TACCGAATAATTGTAA-1",9
"TACCGCGGACTTGCAG-1",11
"TACCGGCTCACTGCCC-1",12
"TACCGGTCGTTTCCAT-1",6
"TACCGTAGGTTAACTA-1",3
"TACCGTGCCTCGGACC-1",10
"TACCTACTCCCAGTAT-1",6
"TACCTCACGCTTGTAC-1",3
"TACCTCAGTTGTCTGT-1",8
"TACCTCCACACCAATG-1",9
"TACCTGCTGCACTGTG-1",11
"TACCTTAAGATTTCCC-1",12
"TACGAACACGACTTCA-1",10
"TACGACGCTTGCTGCG-1",6
"TACGACTGCCTCTTAG-1",12
"TACGAGAACTTCACGT-1",6
"TACGATGTTGATCATC-1",6
"TACGCAGTTCTTTCCT-1",6
"TACGCCATATTCTAAT-1",6
"TACGCCGAGGGTACCC-1",9
"TACGCCTCCATTCCGA-1",2
"TACGCTATAGAAACCT-1",1
"TACGCTCCTAGAACTG-1",9
"TACGCTCGGTATTGGA-1",9
"TACGCTGCACGGTCGT-1",4
"TACGCTGCTGTGTTAA-1",4
"TACGGAAGCCAAACCA-1",9
"TACGGCATGGACGCTA-1",8
"TACGGGATGCTAGCAG-1",5
"TACGGGTAATAACATA-1",3
"TACGTAAAGCGGAGTG-1",9
"TACGTACTAGTGCTGA-1",9
"TACGTGCACTATGCTG-1",12
"TACGTGGGCCCAGGGC-1",9
"TACGTTTACCGGCAAT-1",2
"TACTACGTGCAATGCG-1",9
"TACTCCTCTAGTTGAC-1",9
"TACTCGTTTGAATCAA-1",3
"TACTCTCCGAACAAAT-1",8
"TACTCTTACTTTACTG-1",1
"TACTGCAATCAATTAC-1",12
"TACTGGACAGCTCGGC-1",2
"TACTGTTTCTCTGGTA-1",10
"TACTTAAACATGTACA-1",9
"TACTTTACTGAGCCGG-1",12
"TACTTTCCGCACGCCA-1",10
"TAGAAACCACTAAGTA-1",9
"TAGAAAGGTGGCGCTA-1",11
"TAGAATAGCCGATGAA-1",9
"TAGAATTAAGGGCAAC-1",1
"TAGACGAAACGCCAAT-1",3
"TAGACGCCCGTACCGG-1",12
"TAGACTACCTAGCGTT-1",1
"TAGACTCAGTTGGCCT-1",9
"TAGAGATCATGCAACT-1",3
"TAGAGCTACGAAGAAC-1",6
"TAGAGGGAGTTTATCT-1",3
"TAGAGGTTCTACTTGT-1",9
"TAGAGTCTAAGCGAAC-1",3
"TAGAGTGTTCCGGGTA-1",3
"TAGATATGGACTGGAA-1",11
"TAGATCCGAAGTCGCA-1",1
"TAGATGGTTCCTTACT-1",11
"TAGATTCAAAGTGCGG-1",9
"TAGATTCCTGGTTATT-1",3
"TAGATTCTCTAGCAAA-1",4
"TAGCAACCTGTCACAA-1",6
"TAGCAGATACTTAGGG-1",3
"TAGCAGTATGACTAAA-1",9
"TAGCCATTTCAAAGTC-1",9
"TAGCCGGCGGTCAGCG-1",12
"TAGCGTCCCTCGATTG-1",3
"TAGCGTCCGGTGTGGT-1",11
"TAGCGTTGGGTCTTAC-1",6
"TAGCTAAGTCCGGGAG-1",3
"TAGCTAGTGATGATGG-1",9
"TAGCTCAGATCCTAGT-1",12
"TAGCTGATGTGAAGCG-1",12
"TAGGAACAGCCTCCAG-1",12
"TAGGAGGCTCGAGAAC-1",4
"TAGGCATGTTACGCCA-1",11
"TAGGCCTATATAGTCT-1",9
"TAGGCGATGAGGTCTC-1",11
"TAGGCGGCTGCAAAGA-1",4
"TAGGCTAAAGTGGCAC-1",9
"TAGGGAGCTTGGGATG-1",10
"TAGGGTGTTTCAAGAG-1",6
"TAGGTCCAAGTAAGGA-1",6
"TAGGTCGCCGGAACTG-1",10
"TAGGTGACGATAACCT-1",3
"TAGGTGAGCCCTACTC-1",11
"TAGGTGCTCGCCTAGC-1",9
"TAGGTGTTCCACAGAT-1",3
"TAGGTTCGAGTTCGTC-1",6
"TAGGTTCTGCTGAGAA-1",8
"TAGTACCACAACTTTC-1",4
"TAGTACCTTAGTGGTC-1",2
"TAGTAGCTTATACCAG-1",3
"TAGTCCCGGAGACCAC-1",9
"TAGTCCGCAGAGAATG-1",6
"TAGTCCGTATGCATAA-1",3
"TAGTCCTGCACTAAGC-1",4
"TAGTCGATCACGGGTT-1",8
"TAGTCTAACAACGAGA-1",2
"TAGTCTGCGGCACATT-1",9
"TAGTCTGTGACGTTGC-1",12
"TAGTCTTTCCGAATTG-1",11
"TAGTGCCCTCCAGAGT-1",3
"TAGTGGAACTCATACA-1",11
"TAGTGTCAGAAACGGC-1",3
"TAGTTAAGATAGGATA-1",11
"TAGTTTATTCTTGCTT-1",3
"TATAAATCCACAAGCT-1",2
"TATAAGTGAGGATAGC-1",11
"TATACACGCAAAGTAT-1",6
"TATACCGAGTGCCACA-1",11
"TATACGCGTCATCACT-1",11
"TATACTCATGCGGCAA-1",6
"TATAGAGTCGCTTGAA-1",11
"TATAGATGGTCGCAGT-1",1
"TATAGGGTACTCATGA-1",9
"TATAGTTAGGTGTACT-1",4
"TATATAGGGCTTTACG-1",9
"TATATATCGAGAAATG-1",4
"TATATCAAAGTGATCT-1",3
"TATATCCCTGGGAGGA-1",10
"TATATTACAAATGTCG-1",12
"TATATTCGCGTCGATA-1",1
"TATCACAGCACGGGCA-1",11
"TATCACCATGTAAAGT-1",12
"TATCACCCAACCGACC-1",12
"TATCACTTCGAGTAAC-1",12
"TATCCAATTGGTTATC-1",3
"TATCCATATCATGCGA-1",6
"TATCCATCTCGGTTAG-1",9
"TATCCGCACCGTCGGG-1",11
"TATCCTATCAACTGGT-1",9
"TATCCTGCATGGGAAT-1",3
"TATCGATCTATGCATA-1",12
"TATCGATGATTAAACG-1",3
"TATCTACAGAGGTAAT-1",2
"TATCTACCACAGCGGG-1",6
"TATCTGAGCCGATATT-1",4
"TATCTTGCAATACAAC-1",4
"TATGAAGAATTAAGGT-1",6
"TATGAAGACAGGTGCG-1",11
"TATGATAAATCTAACG-1",11
"TATGATCCGGCACGCC-1",12
"TATGATCTTCTCTTTA-1",9
"TATGATTCTGCTTGGT-1",11
"TATGCTCCCTACTTAC-1",3
"TATGGAGTTTCTCGTT-1",3
"TATGGATGTGCTACGC-1",11
"TATGGCCCGGCCTCGC-1",2
"TATGGGACCGAGCAGG-1",6
"TATGGGTACGTATCGT-1",3
"TATGGTCTGAGTAACA-1",3
"TATGGTTAGTGGGAGA-1",1
"TATGTAAAGTGCTTAA-1",3
"TATGTCAAGACCGACT-1",12
"TATGTCTCATTGTGCC-1",12
"TATTAACACCAAAGCA-1",9
"TATTACCATCCTGCTT-1",11
"TATTATGTTTGCCTGC-1",9
"TATTCAATTCTAATCC-1",3
"TATTCCGAGCTGTTAT-1",11
"TATTCCGGCAGTCCTA-1",11
"TATTCCTCCGCCCACT-1",11
"TATTCGTGCCAGAATA-1",3
"TATTGACATTTCTGCC-1",1
"TATTGCCGGGCTTGTA-1",9
"TATTTAGTCTAGATCG-1",3
"TATTTATACCGAGTAG-1",12
"TATTTGATTTGCACAG-1",10
"TATTTGTTACCCTTTA-1",12
"TCAAACAACCGCGTCG-1",3
"TCAAACTTAGATTGTT-1",3
"TCAAAGTCACGGCGTC-1",4
"TCAAATTGTTGTGCCG-1",9
"TCAAATTTGAGACTCA-1",3
"TCAACAAAGATAATTC-1",3
"TCAACACATTGGGTAA-1",3
"TCAACATAGCGCCCTA-1",11
"TCAACATCGACCGAGA-1",12
"TCAACCATGTTCGGGC-1",11
"TCAACGAGGAGACAAA-1",2
"TCAACGCAGGAAATAA-1",12
"TCAACGCGACCGGCAG-1",6
"TCAACTAACGTATAAC-1",11
"TCAACTGCAGAGTCAG-1",1
"TCAAGAAATACTAGCT-1",1
"TCAAGCGCGGACGGTA-1",6
"TCAAGGTTACTACACC-1",5
"TCAATACGCCGTCATG-1",6
"TCAATATACAGGAGGC-1",4
"TCAATCCGGGAAGTTT-1",9
"TCACAAACCGAGGTAC-1",9
"TCACAGATCCTCAAAC-1",11
"TCACAGGTTATTGGGC-1",2
"TCACATCTTATCTGAT-1",11
"TCACCCTCTTAAGATT-1",11
"TCACCGCTCGGCACTC-1",12
"TCACGATGTCCGTGGA-1",12
"TCACGCATTGTAGATC-1",6
"TCACGGCCCAAGAGAG-1",9
"TCACGGTCATCGCACA-1",11
"TCACGTGCCCGATTCA-1",11
"TCACTACGACCAATGC-1",12
"TCACTATCCCTTCGGT-1",3
"TCACTCGTGCAACGGC-1",12
"TCAGAACCTCCACAGG-1",12
"TCAGAACGGCGGTAAT-1",4
"TCAGAGGACGCGTTAG-1",11
"TCAGCAAATGCATCTC-1",3
"TCAGCAGTAGGCCCTG-1",3
"TCAGCCAATCCGTAAA-1",9
"TCAGCGCACGCCGTTT-1",9
"TCAGGGCGCAAACTCG-1",11
"TCAGGGTGCACGAAAC-1",12
"TCAGGGTGTAACGTAA-1",9
"TCAGGTTCTTTGAGAA-1",3
"TCAGTACTGACCCGCG-1",12
"TCAGTAGGGACTATAA-1",6
"TCAGTGTATACGTCAT-1",9
"TCAGTTACGGAATGAT-1",11
"TCATACTTACAGATCC-1",11
"TCATATGAGCTTTGTT-1",3
"TCATCACTCGAGCTCG-1",6
"TCATCCCAGAGGGTGG-1",11
"TCATCCTCAGCTGCTT-1",9
"TCATCGATGGTCCCAA-1",9
"TCATGCAGGTTCTCAT-1",12
"TCATTCGTATAATTTG-1",12
"TCATTTAAGTCTCCGA-1",10
"TCATTTAGAAGTGTGA-1",12
"TCCAACTCAGCTATCT-1",9
"TCCAACTTTAAATTCT-1",2
"TCCAAGCCTAGACACA-1",9
"TCCAATAAAGGCTACC-1",3
"TCCACAATGGTTTACG-1",10
"TCCACATCGTATATTG-1",9
"TCCACCAAGACATAGG-1",3
"TCCACCTCTAGCCTTT-1",10
"TCCACTTTATCTAGGT-1",11
"TCCAGAGCACCGGTTC-1",3
"TCCAGATGTACGCCAA-1",12
"TCCAGCGCTATAAGCG-1",10
"TCCAGGCAGGACGATC-1",4
"TCCAGGCGAGTACGGT-1",3
"TCCAGGGTATATACGA-1",3
"TCCATCAATACTAATC-1",4
"TCCATTAGTTGGATAG-1",3
"TCCATTGTGACCTCGT-1",1
"TCCCAAACAGACAACG-1",12
"TCCCAAAGACGAAGGA-1",9
"TCCCAAAGCCCTAAAT-1",1
"TCCCACTCTCTTCCGG-1",3
"TCCCAGCTTTAGTCTG-1",3
"TCCCAGGCTTAGCTAA-1",11
"TCCCGCCTATGTGCGT-1",3
"TCCCGCGTACTCCTGG-1",3
"TCCCGGGTGTGCTGCT-1",2
"TCCCGGTCAGGAATTT-1",3
"TCCCGTCAGTCCCGCA-1",12
"TCCCGTCGCGTCATAG-1",10
"TCCCTAGATCAATAGG-1",12
"TCCCTCTTCTCAAGGG-1",10
"TCCCTGGCGTATTAAC-1",9
"TCCCTGGCTCGCTGGA-1",2
"TCCCTTAGATTACTCG-1",12
"TCCCTTGTCTGAAACT-1",4
"TCCGAACTTGGCTTAC-1",11
"TCCGAAGTAGTCACCA-1",12
"TCCGAATGGTCCTGAG-1",3
"TCCGACCGCTAATCAA-1",9
"TCCGAGAAGGCTAAGC-1",11
"TCCGATAATTGCCATA-1",3
"TCCGATGACTGAGCTC-1",12
"TCCGATGGTGCGACAT-1",11
"TCCGATTACATTGCCG-1",2
"TCCGCCTGTCTACAAG-1",8
"TCCGCGGCAGCATCTG-1",11
"TCCGCGGCCCAATGAA-1",9
"TCCGCTGTCATCCCGG-1",5
"TCCGGAGGAAGGGCTG-1",12
"TCCGGCCTAGCGTACA-1",12
"TCCGGCCTGCATCGAT-1",11
"TCCGGGCTTGACGGGA-1",3
"TCCGTAACCACAATCC-1",2
"TCCGTTAAGCTAATAT-1",9
"TCCGTTTAGCCTTGAA-1",12
"TCCTAAAGATTCAGAC-1",3
"TCCTAAATTGGGAAGC-1",2
"TCCTAACCGTCGGGCA-1",9
"TCCTAGCAAAGAAGCT-1",2
"TCCTATCATAGGTAAC-1",12
"TCCTCCTAAGACATTC-1",10
"TCCTCGGGCTGGGCTT-1",11
"TCCTCTACGAGATGGC-1",12
"TCCTCTCCAGTTGTCC-1",11
"TCCTCTGGCCCATTAG-1",12
"TCCTGCCAACTGGAGA-1",12
"TCCTGCGTTGATACTC-1",2
"TCCTGGCGCTGCCTGG-1",12
"TCCTTACGACGGTCCG-1",11
"TCCTTCAGTGGTCGAA-1",11
"TCCTTGTCCTTTAATT-1",9
"TCCTTTAAATCCGCTT-1",3
"TCCTTTCTTACGCTTA-1",3
"TCGAAATTTAGGACCA-1",3
"TCGAAGAACCGAGCAC-1",1
"TCGAATATCCCGCAGG-1",9
"TCGACAACTGAACCCG-1",4
"TCGACTGACGATGGCT-1",9
"TCGAGACCAACACCGT-1",6
"TCGAGCCAGGCAGGCC-1",9
"TCGAGGGCAACAGACG-1",11
"TCGATAGGCTAGTCGC-1",3
"TCGCACCAGGAGGCAG-1",7
"TCGCATAAAGGGCGCA-1",3
"TCGCATCCCTAAGTGT-1",6
"TCGCATTCAATGACTT-1",3
"TCGCCCAACTGACTCC-1",12
"TCGCCGAAGTTGCGTC-1",6
"TCGCCGACATATTCGC-1",3
"TCGCCGGTCGATCCGT-1",3
"TCGCCTCCTTCGGCTC-1",11
"TCGCGCGTTTACATGA-1",9
"TCGCGTAGCAGTGTCC-1",12
"TCGCGTCCAGAAGGTC-1",6
"TCGCTAAACCGCTATC-1",12
"TCGCTACTGGCTTTGA-1",9
"TCGCTCGATATATTCC-1",11
"TCGCTCGGCACCAGCG-1",12
"TCGCTGCCAATGCTGT-1",9
"TCGCTGGGCGGATTGT-1",3
"TCGCTGTGCGTAAATC-1",6
"TCGCTTAATTACGAAG-1",12
"TCGCTTTAAACGTTTG-1",11
"TCGGAATGACCATCAA-1",1
"TCGGAATGCGCTCTGA-1",2
"TCGGACGCCCAGCCCA-1",6
"TCGGAGAGTATCGGGA-1",3
"TCGGAGTACATGAGTA-1",11
"TCGGCGAACCCAAACC-1",5
"TCGGCGTACTGCACAA-1",12
"TCGGCTAACTTCCCTT-1",11
"TCGGCTTGTATCGACG-1",9
"TCGGGAACGTGCCTAG-1",6
"TCGGGAGACAGCGTAC-1",3
"TCGGGATTCAAACATA-1",12
"TCGGGCCGTCGTGGTA-1",11
"TCGGGTGAAACTGCTA-1",11
"TCGGTCCCGACAATAG-1",4
"TCGGTCCCTGACTCCA-1",12
"TCGGTGACCGCTCCGG-1",12
"TCGGTTAGCCATGTAG-1",12
"TCGTAAGACGACATTG-1",3
"TCGTAAGCTCCGAGGA-1",12
"TCGTACCGACGTCAAG-1",9
"TCGTATAGTGCAATTA-1",11
"TCGTATTACCCATTGC-1",6
"TCGTATTTCGTCCGGA-1",6
"TCGTCAAGTACGCGCA-1",9
"TCGTCACACTGTTAGC-1",12
"TCGTCCGCTGGCGTCT-1",11
"TCGTCCGGGTACACTC-1",12
"TCGTCTTAGGCGTTAA-1",3
"TCGTGTATTGGTCACG-1",12
"TCGTGTCACGCTGACA-1",11
"TCGTGTTCGACCACAA-1",11
"TCGTTCGTTATTATGT-1",11
"TCGTTGGCTCGTCAAT-1",3
"TCGTTTACGCGACCCT-1",3
"TCTAAAGAACAGTCTC-1",9
"TCTAACCTAGCCTGCG-1",9
"TCTAATACTGCCTCAG-1",9
"TCTACACGTTCATGCA-1",12
"TCTACCCAATAGAGAG-1",1
"TCTACCCGCATCATTT-1",9
"TCTACCGTCCACAAGC-1",9
"TCTACGGGCTCAGTTG-1",12
"TCTAGCAATCTCCGCC-1",2
"TCTAGCATCTTCGATG-1",12
"TCTAGCATGCCCAGAA-1",12
"TCTAGGTGGCGACGCT-1",12
"TCTAGTGATATCGTGG-1",3
"TCTAGTTATCAGAAGA-1",6
"TCTATAGGTGGGTAAT-1",9
"TCTATCATGCAGTTAC-1",3
"TCTATCCGATTGCACA-1",3
"TCTATCGGTCGCAACA-1",11
"TCTATGCTATAACGAC-1",9
"TCTATTACGCTGGCGA-1",6
"TCTATTACTAGAGGAT-1",12
"TCTCAAATCAATCGGG-1",3
"TCTCAGGCTACTCGCT-1",4
"TCTCATGAGATAGGGT-1",11
"TCTCCAACGTAGGTTA-1",10
"TCTCCACAAGTTGAAT-1",9
"TCTCCCTGGGCAGCGT-1",3
"TCTCGAACGAGGTCAC-1",12
"TCTCGACGTATCGCCG-1",9
"TCTCGAGGAGGTTCGC-1",10
"TCTCGGCTCCAGGACT-1",6
"TCTCTAATAGCTGGTA-1",6
"TCTCTCGCCGCACATA-1",5
"TCTCTTACCGCGAACC-1",9
"TCTGAACCGGTCGGCT-1",8
"TCTGAACTCGTACCCG-1",12
"TCTGAAGCACGTGGTC-1",3
"TCTGAATTCCGTACAA-1",11
"TCTGACGGGCTAACCC-1",10
"TCTGACTGTAATGGTT-1",3
"TCTGAGCAATTGACTG-1",10
"TCTGATCGGGTGCTAG-1",1
"TCTGATGTATTCTGTC-1",11
"TCTGCATACCTTGCTT-1",3
"TCTGCCAGAAACTGCA-1",11
"TCTGCGAATCGTTCGC-1",12
"TCTGCGTCCGGTTTCT-1",3
"TCTGGGAACCTTTGAA-1",1
"TCTGGGTAGCGCTCAT-1",6
"TCTGTCATACAAGAGC-1",3
"TCTGTGATGGAGGTTG-1",12
"TCTGTGCCATCATAGT-1",11
"TCTGTTACCCAGCATA-1",12
"TCTTACAGAGGTACCG-1",3
"TCTTACCGGAACTCGT-1",12
"TCTTACGGCATCCGAC-1",12
"TCTTACTTATGCCTCT-1",5
"TCTTAGAGCTCCAATT-1",3
"TCTTAGAGTGAACTCT-1",6
"TCTTATGGGTAGTACC-1",12
"TCTTCCCATGGGCACA-1",12
"TCTTCGAATAGACGTT-1",6
"TCTTCGATACCAATAA-1",6
"TCTTCGCGGTGAGAGG-1",2
"TCTTCTATAACCCGCC-1",3
"TCTTGATGCGTAGCGA-1",3
"TCTTGCTCCCGATACT-1",11
"TCTTGGTAACACCAAA-1",11
"TCTTTAAGACTATGAA-1",10
"TCTTTAGAGTCTAACA-1",8
"TCTTTAGCAGGCGAAC-1",1
"TCTTTCTCTTAAGGAG-1",1
"TGAAACTTATGCAAGC-1",1
"TGAAAGGACCTGACTC-1",11
"TGAACAAGCAGGGACT-1",9
"TGAATACCGACGCGTA-1",9
"TGAATATGCTATAAAC-1",12
"TGAATGAGTGTTTCCC-1",9
"TGAATGTCAGCCGGCC-1",2
"TGACACTTCTCTTTGC-1",12
"TGACATCGAGCGGACC-1",1
"TGACATGTAACGTGAC-1",10
"TGACCAAATCTTAAAC-1",6
"TGACCAGCTTCAAAGT-1",12
"TGACCCACGTTAGACA-1",6
"TGACGAATATTTCCCT-1",4
"TGACGATGCACTAGAA-1",11
"TGACTATAATCCTTTC-1",12
"TGACTCCGAATCATAC-1",4
"TGAGAATGCTTTACCG-1",6
"TGAGAGATTTACCACG-1",11
"TGAGATCAAATACTCA-1",1
"TGAGATTAGGCCCTAA-1",12
"TGAGCAGTCGTGAAGT-1",12
"TGAGCCATACAGTCTC-1",6
"TGAGCGGAAAGTGTTC-1",2
"TGAGCTTTAATGACGC-1",12
"TGAGGAGTGCCAGCTT-1",2
"TGAGGTGTGTGGCGGA-1",9
"TGAGTAAATTAGCGTA-1",3
"TGAGTGCCTCTTAAAT-1",6
"TGAGTGGTCCGTGACG-1",12
"TGAGTGTAACAACGGG-1",2
"TGAGTTAAAGACATTC-1",8
"TGATAGCGGGATTCTA-1",12
"TGATCACCACACTGAC-1",9
"TGATCAGGGAACTGCT-1",8
"TGATCCCAGCATTAGT-1",12
"TGATCGGTTTGACCCT-1",3
"TGATCTACGCTGATCT-1",12
"TGATCTATCACACTCT-1",3
"TGATCTCCGGCGCCAG-1",3
"TGATGGCTGTTTCTGA-1",10
"TGATGTCAATTAAGTG-1",8
"TGATTATGGCACGCAG-1",12
"TGATTCCCGGTTACCT-1",3
"TGATTCGTCTATCACT-1",3
"TGATTCTGTCGCCGGT-1",10
"TGATTTATTAGCTGTG-1",6
"TGATTTCCTCCTGACG-1",6
"TGCAAAGTTCGTCTGT-1",9
"TGCAACCCATCTGCGG-1",9
"TGCAACTACTGGTTGA-1",9
"TGCAAGAATGACGTAA-1",9
"TGCAATCTAACACGGT-1",9
"TGCAATTTGGGCACGG-1",5
"TGCACAGTGAAGTTAT-1",12
"TGCACGAGTCGGCAGC-1",11
"TGCAGAACTATATCGT-1",11
"TGCAGAGTACCGAGCA-1",6
"TGCAGATCGTCCTAGG-1",12
"TGCAGCTACGTACTTC-1",12
"TGCAGGATCGGCAAAG-1",12
"TGCAGTGAGGCTCGGG-1",12
"TGCAGTGGTAGGGAAC-1",9
"TGCAGTTTCCTCCCAT-1",9
"TGCATATGTCTGTCAC-1",8
"TGCATGGATCGGATCT-1",11
"TGCATGTGACCCATAG-1",9
"TGCATGTGGTAATCTA-1",12
"TGCCAAAGTCAGACTT-1",11
"TGCCACCTGGCGAAAC-1",8
"TGCCAGTACGTGGAGA-1",11
"TGCCATTACTAAAGAA-1",11
"TGCCCGATAGTTAGAA-1",9
"TGCCGAAAGCGTATTC-1",1
"TGCCGGATGTACGAGC-1",4
"TGCCGTGGATCGTCCT-1",11
"TGCCGTGGGACCCAAT-1",8
"TGCCTAATTGAAGATT-1",1
"TGCCTGACATCGGTCA-1",10
"TGCCTGATCAAACGAT-1",11
"TGCCTTGGCCAGGCAA-1",11
"TGCGAATATGGGATTT-1",12
"TGCGACACCCTAGTGC-1",6
"TGCGACGGCCGAACGT-1",9
"TGCGAGAATATTACCC-1",12
"TGCGAGATGGCGGCCA-1",12
"TGCGAGCCCTTCCGCG-1",12
"TGCGCAAAGCATTTGG-1",6
"TGCGCGATTAACGGAG-1",3
"TGCGGACTTGACTCCG-1",9
"TGCGGAGTAAAGGTGC-1",11
"TGCGGCATAGTTCAAC-1",3
"TGCGGGTATTGGGATC-1",11
"TGCGGTGAAATTTCAT-1",11
"TGCGTAAGAACCTGAT-1",9
"TGCGTACGGCTAATTG-1",6
"TGCGTCATGACTGAGC-1",12
"TGCGTGATTGGGTGTC-1",2
"TGCGTTTGTTGACACT-1",12
"TGCTAAGTGTCTATTT-1",9
"TGCTATACAAACGGAC-1",11
"TGCTATGGCAAAGGGA-1",4
"TGCTCCACAGTTCTTA-1",10
"TGCTCGGCGAAACCCA-1",6
"TGCTCGGTGGGTCACC-1",9
"TGCTCTTGAGAGTTTG-1",3
"TGCTGGTTGGACAATT-1",6
"TGCTGTTGAAGAACTC-1",6
"TGCTTAGAGAGAATGC-1",9
"TGCTTCCCAAGCAGTA-1",3
"TGCTTGAAACCATGCA-1",6
"TGGAAACGGAGTGAAC-1",3
"TGGAACCACTGACACA-1",12
"TGGAAGAAGGGAACGT-1",2
"TGGAAGACGAACACCA-1",8
"TGGAAGGATAAAGATG-1",10
"TGGAATATCCTTGACC-1",12
"TGGAATTAGACGCTTT-1",12
"TGGACCAATCTAAGAT-1",8
"TGGACCACGGCGTTGA-1",6
"TGGACGCAATCCAGCC-1",9
"TGGACTGTTCGCTCAA-1",3
"TGGAGAATAATCGTCC-1",4
"TGGAGCTAAAGTTCCC-1",3
"TGGAGGGAAACACCTC-1",12
"TGGAGTGATGCGATGA-1",3
"TGGATAGAGTAACAGA-1",3
"TGGCAAACTAAATTAC-1",10
"TGGCAACTCGCGCGCC-1",11
"TGGCAAGCACAAGTCG-1",3
"TGGCAATGGGACGGCG-1",10
"TGGCACGAGCTCGAGT-1",12
"TGGCAGATTACGATCA-1",11
"TGGCAGCAGTAATAGT-1",3
"TGGCATGAAGTTTGGG-1",10
"TGGCCAAACTGAAGTA-1",3
"TGGCCAATTTGGTACT-1",12
"TGGCCGTATATTGACC-1",3
"TGGCGGTGTGCGATTG-1",6
"TGGCTACACTCTACCT-1",3
"TGGCTATGTGACATAC-1",3
"TGGCTCTTGTCGCGTA-1",12
"TGGCTTGTACAAGCTT-1",12
"TGGCTTTGGGTAGACA-1",3
"TGGGAAATGCCTTTCC-1",6
"TGGGATGCACTCATTC-1",12
"TGGGCAATAGTTGGGT-1",8
"TGGGCACAAACAGAAC-1",6
"TGGGCACGTTCTATGG-1",11
"TGGGCAGGCCACCGCA-1",8
"TGGGCCACAAGAGCGC-1",10
"TGGGCCCATACTAATT-1",10
"TGGGCGATACAATAAG-1",10
"TGGGTAAGGTTCCCGC-1",11
"TGGGTGCACAAGCCAT-1",3
"TGGGTGGGATGTCATT-1",12
"TGGGTGTAATAGATTT-1",3
"TGGGTGTTAAGTAGAA-1",11
"TGGGTTTCGGGCGTAC-1",4
"TGGTAAGCAGGATTGA-1",12
"TGGTAGAATATATGGG-1",10
"TGGTATCGCATCCCAA-1",1
"TGGTATCGGTCTGTAT-1",11
"TGGTCCCACGCTACGG-1",5
"TGGTCTGTTGGGCGTA-1",2
"TGGTGATCGTATTTGT-1",12
"TGGTGCCCTGCCTTAC-1",9
"TGGTTAAGGGCGCTGG-1",12
"TGGTTCAACGGGTAAT-1",11
"TGGTTCGTAGCAAAGG-1",3
"TGGTTGGAGGATCCTG-1",12
"TGGTTTAAACGTGGGT-1",12
"TGTACCCGACCCTAAT-1",4
"TGTACCTACACGAGGG-1",9
"TGTACGAACAAATCCG-1",6
"TGTACTACTCTCACGG-1",12
"TGTACTTCCGGGCATG-1",2
"TGTAGCCAATTCCGTT-1",9
"TGTAGCCATCCCATTC-1",11
"TGTAGGAGAAATTTCC-1",12
"TGTAGTGATCTATAAT-1",6
"TGTATAACAGATCCTG-1",11
"TGTATCAGACTGAAGC-1",12
"TGTATCCTTATTCCAT-1",11
"TGTATGGCGCAGACAG-1",5
"TGTATTTACCTAATGC-1",12
"TGTCATTTGTTGGGAA-1",12
"TGTCCACGGCTCAACT-1",6
"TGTCCCGACATAGCAC-1",11
"TGTCCGCAAACAATTC-1",9
"TGTCCGTGGCGCCTTT-1",12
"TGTCCTAAGTCACCGC-1",6
"TGTCGGCATGGTGGAA-1",3
"TGTCGTGGGTATAGGC-1",9
"TGTCGTTATCACATAT-1",9
"TGTCTACAGTTTCTGT-1",6
"TGTGACTACGCCAGTC-1",12
"TGTGACTAGAGTTTGC-1",6
"TGTGAGACTAGCCCAA-1",3
"TGTGCCGGTGCCGGAA-1",9
"TGTGCTTTACGTAAGA-1",10
"TGTGGAGGAAGCTTAA-1",12
"TGTGGCAAAGCGTATG-1",12
"TGTGGCGGGCTTCTGG-1",11
"TGTGGCTCCCACCAAC-1",7
"TGTGGTTGCTAAAGCT-1",9
"TGTGTAGTAGCACGTG-1",3
"TGTGTCGCGAGTTGCA-1",12
"TGTGTTCGTATCCAAG-1",6
"TGTTATTGTATGTGGC-1",3
"TGTTCCGCTTCCATGA-1",6
"TGTTCCGGCCTGAGCT-1",3
"TGTTCTCTACTCCCTA-1",12
"TGTTCTTCCATTGACT-1",6
"TGTTGTCAAGAAGTCT-1",12
"TGTTTAATACTTCATC-1",1
"TGTTTCGGTACTTCTC-1",3
"TGTTTGAGATCGTCAG-1",10
"TTAAACAGAGTCCCGC-1",3
"TTAAACCGGTAGCGAC-1",3
"TTAAACCTGGTTCCTT-1",12
"TTAAACTCGAATTCAT-1",12
"TTAAAGGCGATGCTCG-1",9
"TTAAAGTAAGTCGCCA-1",6
"TTAACACCTCGAACAT-1",12
"TTAACCAACCCTCCCT-1",6
"TTAACGAACAAGCAGT-1",12
"TTAACGTCGCAAGACC-1",3
"TTAACTCACGCGTGGA-1",12
"TTAACTTCAGGTAGGA-1",10
"TTAAGACGAACGAACC-1",12
"TTAAGATAGGATTGAC-1",1
"TTAAGCCGACAACTTC-1",3
"TTAAGCGCCTGACCCA-1",6
"TTAAGGATACGGAGGT-1",3
"TTAAGGCCCGTACTTT-1",9
"TTAAGTATTGTTATCC-1",9
"TTAATCAGTACGTCAG-1",10
"TTAATGCGAGGTAACT-1",6
"TTAATGTAGACCAGGT-1",11
"TTAATTGCTTTGGGTG-1",3
"TTAATTTCAGACGCGG-1",12
"TTACAACTACGCATCC-1",11
"TTACACGATCTGCGAC-1",11
"TTACAGACCTAAATGA-1",12
"TTACATCGTGGCCTGG-1",3
"TTACATGCCACAACTA-1",3
"TTACCATTGATTACCC-1",6
"TTACCCATTGCCGGGT-1",12
"TTACCCTAACAGTCCT-1",12
"TTACCCTAGGGATTGG-1",3
"TTACCGCCTTAGGGAA-1",6
"TTACGGATGGTTCGAG-1",12
"TTACGGTGTCACCGAG-1",3
"TTACGTATCTATGACA-1",8
"TTACTAAAGGACTTTA-1",12
"TTACTCCGGCCGGGAA-1",2
"TTACTCTGGTACGTAC-1",6
"TTACTGGGATATTTCA-1",6
"TTACTGTCTAGAGCTC-1",12
"TTACTGTTTCTCTACG-1",3
"TTAGAAGAACATGACT-1",11
"TTAGAATAAGGGTCGG-1",9
"TTAGACACGATCGTTG-1",12
"TTAGACGAGTCACCTC-1",11
"TTAGAGTTTAGAAGGA-1",11
"TTAGATAGGTCGATAC-1",3
"TTAGCAACATGGATGT-1",3
"TTAGCTAATACGATCT-1",12
"TTAGCTGATTTGCCGT-1",12
"TTAGGTCATAACCGAC-1",3
"TTAGTAAACCTGCTCT-1",9
"TTAGTAGGGCGGCGGG-1",2
"TTAGTTATTCGTGGCA-1",10
"TTAGTTCAAGTGTTCG-1",12
"TTATAGATGCACATTA-1",11
"TTATAGGTAATTGTCT-1",11
"TTATAGTCCAAGGTGC-1",12
"TTATATACGCTGTCAC-1",6
"TTATATTTGGCAATCC-1",3
"TTATCCAATCGAACTC-1",6
"TTATCCGGGATCTATA-1",11
"TTATCCTCAAGGAATA-1",12
"TTATCGCCTGCGAAGC-1",12
"TTATCTGTATCATAAC-1",3
"TTATGAATGAAAGGGA-1",6
"TTATGACAAACTGGAT-1",12
"TTATGATCTTAACGAA-1",11
"TTATGCGTCCCGGTCC-1",3
"TTATGTTTGCGATAGA-1",10
"TTATTAGGGAAGCATC-1",6
"TTCAAAGTCTCTAGCC-1",6
"TTCAACGACCCGACCG-1",3
"TTCAAGCCGAGCTGAG-1",11
"TTCAATTAGCCATAAT-1",1
"TTCACGAAAGGATCAC-1",2
"TTCACTCGAGCACCTA-1",6
"TTCACTTCCTAGAACG-1",9
"TTCAGAGTAACCTGAC-1",3
"TTCAGCCCTGGTCCAC-1",12
"TTCAGCTGGCGTGCCC-1",9
"TTCAGGCGTCAAAGCC-1",10
"TTCAGTTCAAGAGGAG-1",9
"TTCATAGCCTTGTAAC-1",11
"TTCATGGCGCAACAGG-1",10
"TTCCAATCAGAGCTAG-1",12
"TTCCAATCTGGCTATC-1",11
"TTCCAGACGAGATTTA-1",3
"TTCCATCATGCGGTGA-1",12
"TTCCATCGACAGCGTG-1",9
"TTCCCGGCGCCAATAG-1",5
"TTCCGCAGAGAAATAT-1",12
"TTCCGCGTGAGGCGAT-1",12
"TTCCGGCTCGACTTCT-1",12
"TTCCGGTATCTGTGTC-1",1
"TTCCGGTTACCCACTT-1",3
"TTCCTCGAGGGTGTCT-1",6
"TTCCTCGGACTAACCA-1",11
"TTCCTTTCTGTGTTGC-1",6
"TTCGACAGAGCCCGTG-1",11
"TTCGACGGGAAGGGCG-1",12
"TTCGAGCCGGCGCTAC-1",12
"TTCGCACTCGCGTGCT-1",11
"TTCGCACTGTACGACA-1",3
"TTCGCATCCGGAAGCA-1",6
"TTCGCGCGCCATACGA-1",11
"TTCGCTAGGAAGTTGT-1",5
"TTCGCTATCTGACGTG-1",12
"TTCGGACTGATGCCTT-1",12
"TTCGGCAACCCGCTGA-1",12
"TTCGGCTAGAGATGGT-1",6
"TTCGGGACTAATCGCG-1",2
"TTCGGGTTGCCACGGG-1",9
"TTCGGTACTGTAGAGG-1",11
"TTCGTAATCCCAGCGG-1",12
"TTCGTACTCCAGAACG-1",2
"TTCGTTCAACGAAGTT-1",12
"TTCTAACCGAAGCTTA-1",12
"TTCTACCTCAATCGGT-1",9
"TTCTACCTTTATGTTG-1",11
"TTCTACTTGCGAGGGC-1",3
"TTCTAGAAAGTCTTAT-1",9
"TTCTAGGCCAATTGTG-1",11
"TTCTATGCCTTTCGCA-1",12
"TTCTATTAAACGCAGC-1",9
"TTCTCAATTGCTACAA-1",4
"TTCTGACCGGGCTCAA-1",3
"TTCTGCCGCGCCTAGA-1",12
"TTCTGCGGGTTAGCGG-1",12
"TTCTGCTAGACTCCAA-1",12
"TTCTTAGTGAACGGTG-1",3
"TTCTTAGTGGCTCAGA-1",6
"TTCTTATCCGCTGGGT-1",5
"TTCTTCCCTTTGATAT-1",11
"TTCTTGAGCCGCGCTA-1",3
"TTCTTGCTAGCATCTC-1",3
"TTCTTGGACGATCTGC-1",12
"TTCTTGGAGTAATGAG-1",12
"TTCTTGTAACCTAATG-1",12
"TTCTTTGGTCGCGACG-1",12
"TTGAAAGGTGTAAAGG-1",12
"TTGAACGAATCCTTTG-1",6
"TTGAACGACGTGCTGA-1",9
"TTGAAGAATTCCCAGG-1",6
"TTGAAGGATGGGCGCC-1",4
"TTGAATATGGACTTTC-1",6
"TTGAATCGTTGTATAA-1",12
"TTGAATTCACGTGAGG-1",4
"TTGACAGGAGCTCCCG-1",10
"TTGACATGAACGTGGA-1",2
"TTGACCAGGAACAACT-1",9
"TTGACCATGTTCTCCG-1",12
"TTGACCGTGTTAATGA-1",12
"TTGACGATTCAGCACG-1",11
"TTGACGCTCCATGAGC-1",1
"TTGACTACCATATGGT-1",3
"TTGACTATTGTCCGGC-1",3
"TTGAGAAGTTTAGCAT-1",3
"TTGAGAGTACTGCTAA-1",6
"TTGAGCAGCCCACGGT-1",7
"TTGAGCGCCACGTGAT-1",1
"TTGAGGCATTTAACTC-1",12
"TTGAGTCCCGCTGCTG-1",7
"TTGATAGTCAATACAT-1",12
"TTGATCTAACTTTGTC-1",3
"TTGATGCCGCTCGTCG-1",9
"TTGATGTGTAGTCCCG-1",12
"TTGATTAGCTGTTTCT-1",3
"TTGATTATGCAGATGA-1",11
"TTGCAAGAAGACTCCT-1",9
"TTGCACAATTCAGAAA-1",6
"TTGCACGGAGCAGCAC-1",6
"TTGCATGCTGATCACG-1",8
"TTGCCAAGCAGAACCC-1",7
"TTGCCATAGCCCGCTC-1",11
"TTGCCCTGATCACGGG-1",6
"TTGCCGCAGACCTACA-1",9
"TTGCCGCTTTCTAGTA-1",11
"TTGCCGGTGATCCCTC-1",12
"TTGCCTAATCCAAAGT-1",9
"TTGCCTTCTCGCCGGG-1",3
"TTGCGCACAACCACGT-1",8
"TTGCGCTTGATCAATA-1",6
"TTGCGGCGACTCATGC-1",3
"TTGCGTAGTTTGAGGA-1",12
"TTGCGTGAACGCTTAG-1",12
"TTGCGTGTGTAGGCAT-1",11
"TTGCTCATAGTACGTG-1",6
"TTGCTCCCATACCGGA-1",12
"TTGCTGAAGGAACCAC-1",3
"TTGCTGATCATGTTCG-1",11
"TTGCTGCACCTATCCA-1",11
"TTGCTGGCCGGGCTTC-1",1
"TTGGAAGAATACAGTC-1",12
"TTGGACATGTGGCTTA-1",6
"TTGGACCATCTGGCAA-1",10
"TTGGACCTATAACAGT-1",9
"TTGGAGTCTCCCTTCT-1",6
"TTGGATATCGTCTACG-1",3
"TTGGATCGACTTCTGG-1",11
"TTGGATTGGGTACCAC-1",6
"TTGGCCAAATTGTATC-1",9
"TTGGCCATCTTGCGCT-1",3
"TTGGCCTAGAATTTCG-1",11
"TTGGCGATCCGAATAT-1",1
"TTGGCTCAATATGTGT-1",3
"TTGGCTCGCATGAGAC-1",12
"TTGGGAAGACGAGCCG-1",11
"TTGGGACACTGCCCGC-1",3
"TTGGGACGTAAGAGTT-1",10
"TTGGGCGGCGGTTGCC-1",9
"TTGGTATGGCTTGTGT-1",6
"TTGGTCACACTCGTAA-1",10
"TTGGTTGCGGTGCGCG-1",12
"TTGTAAGGACCTAAGT-1",2
"TTGTAAGGCCAGTTGG-1",12
"TTGTAATCCGTACTCG-1",3
"TTGTATCACACAGAAT-1",3
"TTGTCGTTCAGTTACC-1",6
"TTGTGAACCTAATCCG-1",9
"TTGTGAGGCATGACGC-1",12
"TTGTGATCTGTTCAGT-1",6
"TTGTGCAGCCACGTCA-1",3
"TTGTGGCCCTGACAGT-1",3
"TTGTGGTAGGAGGGAT-1",12
"TTGTGGTGGTACTAAG-1",3
"TTGTGTATGCCACCAA-1",3
"TTGTTAGCAAATTCGA-1",11
"TTGTTCAGTGTGCTAC-1",11
"TTGTTGTGTGTCAAGA-1",3
"TTGTTTCACATCCAGG-1",3
"TTGTTTCATTAGTCTA-1",9
"TTGTTTCCATACAACT-1",11
"TTGTTTGTGTAAATTC-1",3
