,cluster.init
AAACAAGTATCTCCCA-1,3
AAACAATCTACTAGCA-1,2
AAACACCAATAACTGC-1,5
AAACAGAGCGACTCCT-1,3
AAACAGCTTTCAGAAG-1,0
AAACAGGGTCTATATT-1,0
AAACAGTGTTCCTGGG-1,4
AAACATTTCCCGGATT-1,1
AAACCCGAACGAAATC-1,3
AAACCGGGTAGGTACC-1,0
AAACCGTTCGTCCAGG-1,5
AAACCTAAGCAGCCGG-1,6
AAACCTCATGAAGTTG-1,6
AAACGAAGAACATACC-1,3
AAACGAGACGGTTGAT-1,6
AAACGGGCGTACGGGT-1,1
AAACGGTTGCGAACTG-1,6
AAACTCGGTTCGCAAT-1,6
AAACTCGTGATATAAG-1,3
AAACTGCTGGCTCCAA-1,6
AAACTTAATTGCACGC-1,5
AAACTTGCAAACGTAT-1,0
AAAGACATGAAGTTTA-1,3
AAAGACCCAAGTCGCG-1,3
AAAGACTGGGCGCTTT-1,1
AAAGGCCCTATAATAC-1,5
AAAGGCTACGGACCAT-1,0
AAAGGCTCTCGCGCCG-1,0
AAAGGGATGTAGCAAG-1,6
AAAGGGCAGCTTGAAT-1,1
AAAGGTAAGCTGTACC-1,3
AAAGTAGCATTGCTCA-1,5
AAAGTCACTGATGTAA-1,1
AAAGTCGACCCTCAGT-1,6
AAAGTGTGATTTATCT-1,1
AAAGTTGACTCCCGTA-1,1
AAATAACCATACGGGA-1,1
AAATAAGGTAGTGCCC-1,3
AAATACCTATAAGCAT-1,6
AAATAGCTTAGACTTT-1,1
AAATAGGGTGCTATTG-1,6
AAATCCGATACACGCC-1,1
AAATCGTGTACCACAA-1,4
AAATCTAGCCCTGCTA-1,1
AAATGATTCGATCAGC-1,3
AAATGCTCGTTACGTT-1,1
AAATGGCATGTCTTGT-1,1
AAATGGCCCGTGCCCT-1,4
AAATGGTCAATGTGCC-1,0
AAATGTGGGTGCTCCT-1,2
AAATTAACGGGTAGCT-1,0
AAATTACACGACTCTG-1,1
AAATTACCTATCGATG-1,1
AAATTGATAGTCCTTT-1,5
AAATTGCGGCGGTTCT-1,2
AAATTTACCGAAATCC-1,3
AAATTTGCGGGTGTGG-1,4
AACAACTGGTAGTTGC-1,6
AACAATACATTGTCGA-1,5
AACAATTACTCTACGC-1,6
AACACACGCTCGCCGC-1,1
AACACGACTGTACTGA-1,1
AACACGAGACGCGGCC-1,0
AACACGCGGCCGCGAA-1,2
AACAGCTGTGTGGCAA-1,5
AACAGGAAATCGAATA-1,1
AACAGGATGGGCCGCG-1,6
AACAGGTAGTATGGAT-1,3
AACATATCAACTGGTG-1,1
AACATCGATACGTCTA-1,2
AACATTGAAGTTGATC-1,5
AACATTGGTCAGCCGT-1,2
AACATTGTGACTCGAG-1,0
AACCAAGACTTCTCTG-1,6
AACCAGTATCACTCTT-1,3
AACCATAGGGTTGAAC-1,5
AACCATGGGATCGCTA-1,3
AACCCAGAGACGGAGA-1,3
AACCCATCCCATGATC-1,4
AACCCGACAACCCGTG-1,4
AACCCGAGCAGAATCG-1,3
AACCCTACTGTCAATA-1,1
AACCCTGGTGGAACCA-1,3
AACCGAGCTTGGTCAT-1,6
AACCGCTAAGGGATGC-1,1
AACCGTTGTGTTTGCT-1,1
AACCTAAAGCCGTCCG-1,3
AACCTCGCTTTAGCCC-1,6
AACCTTTAAATACGGT-1,6
AACCTTTACGACGTCT-1,1
AACGAAAGTCGTCCCA-1,5
AACGATAATGCCGTAG-1,6
AACGATAGAAGGGCCG-1,1
AACGATATGTCAACTG-1,6
AACGCATGATCTGGGT-1,3
AACGCGACCTTGGGCG-1,0
AACGCGGTCTCCAGCC-1,6
AACGCTGTTGCTGAAA-1,1
AACGGACGTACGTATA-1,1
AACGGCCATCTCCGGT-1,5
AACGTACTGTGGGTAC-1,4
AACGTAGTCTACCCAT-1,2
AACGTCAGACTAGTGG-1,6
AACGTGATGAAGGACA-1,1
AACGTGCGAAAGTCTC-1,0
AACTACCCGTTTGTCA-1,3
AACTAGCGTATCGCAC-1,2
AACTAGGCTTGGGTGT-1,0
AACTCAAGTTAATTGC-1,0
AACTCCAGAGCGTGTT-1,1
AACTCCTAATCCCATG-1,3
AACTCGATAAACACGT-1,3
AACTCGATGGCGCAGT-1,2
AACTCTCAATAGAGCG-1,6
AACTCTCAGTGTGCTC-1,5
AACTGATATTAGGCCT-1,6
AACTGGGTCCCGACGT-1,6
AACTGGGTTCGAGCCG-1,3
AACTGGTGTGGGCCTT-1,3
AACTTCTGCGTCTATC-1,3
AACTTGCCCGTATGCA-1,6
AACTTGCGTTCTCGCG-1,3
AACTTTAGCTGCTGAG-1,2
AAGAAGGATCAGTTAG-1,3
AAGACATACGTGGTTT-1,6
AAGACCAAATAACTCA-1,5
AAGACCCAACTGAACA-1,0
AAGACTAACCCGTTGT-1,2
AAGACTCACGCCCACT-1,3
AAGACTGCAAGCTACT-1,0
AAGAGATGAATCGGTA-1,0
AAGAGCTCTTTATCGG-1,6
AAGAGGATGTACGCGA-1,0
AAGAGGCATGGATCGC-1,6
AAGAGGCCCTTTGGAA-1,3
AAGATGGCACCGGACC-1,5
AAGATTGGCGGAACGT-1,6
AAGCACCCTGCGTATC-1,6
AAGCATACTCTCCTGA-1,0
AAGCCGAAGCGGTTTA-1,3
AAGCCGCCGTGAAATC-1,5
AAGCGCAGGGCTTTGA-1,6
AAGCGGCGTCATGGGT-1,3
AAGCGTCCCTCATCGA-1,4
AAGCTAGATCGAGTAA-1,6
AAGCTCGTGCCAAGTC-1,6
AAGCTCTTTCATGGTG-1,6
AAGGAGAACTTATAAG-1,3
AAGGAGCGGTTGGTGC-1,6
AAGGATCGATCGCTTG-1,3
AAGGATGAGGGACCTC-1,6
AAGGCAGGCTGTCTCC-1,3
AAGGCGCGTAAAGCTT-1,1
AAGGCTGTGCTCATCG-1,0
AAGGGAACGACTGGCT-1,5
AAGGGACAGATTCTGT-1,6
AAGGGACTATGCATTC-1,5
AAGGTATCCTAATATA-1,6
AAGGTGATAAACCAGC-1,6
AAGTAAGCTTCCAAAC-1,2
AAGTAGAAGACCGGGT-1,1
AAGTAGTGACGCGAGG-1,1
AAGTCAATTGTCGTCA-1,1
AAGTGACGACCGAATT-1,0
AAGTGAGTCGGGTTTA-1,4
AAGTGCAAAGGTAGAC-1,1
AAGTGCCTTGACTGTA-1,1
AAGTGCGTTAGAATCT-1,4
AAGTGCTTCTCTATTG-1,4
AAGTGTTTGGAGACGG-1,6
AAGTTCACTCCAAGCT-1,1
AAGTTCAGTCTGCGTA-1,3
AAGTTCGGCCAACAGG-1,5
AAGTTGTGATGTTATA-1,6
AAGTTTACTAATGGCA-1,3
AAGTTTATGGGCCCAA-1,6
AATAACAACGCTCGGC-1,0
AATAACACTAGAACAA-1,5
AATAAGTCCTCGAGAC-1,1
AATACAATGTTTCAGG-1,3
AATACCGGAGGGCTGT-1,5
AATACCTGATGTGAAC-1,1
AATAGAACAGAGTGGC-1,5
AATAGAATCTGTTTCA-1,6
AATAGCTACCGCGTGC-1,3
AATAGTCCGTCCCGAC-1,0
AATATCAAGGTCGGAT-1,2
AATATCGAATCAATGC-1,3
AATATCGAGGGTTCTC-1,1
AATATTGGAGTATTGA-1,6
AATCAGACTGCAGGAC-1,2
AATCATGTAAAGACTC-1,1
AATCCAAGGGCCTGAG-1,1
AATCCATGCAAGGGTG-1,2
AATCGCCTCAGCGCCA-1,6
AATCGCGCAGAGGACT-1,3
AATCGGGACACTACGA-1,3
AATCGGTATAGCCCTC-1,1
AATCGTGAGCCGAGCA-1,1
AATCTAGGTTTACTTG-1,4
AATCTATGCCGGAGCC-1,3
AATCTCTACTGTGGTT-1,6
AATCTGCGTTGGGACG-1,1
AATCTGGCTTTCTAGT-1,5
AATCTGGGTAGACCCT-1,3
AATGACAGCAATGTCT-1,4
AATGACGTAGGATGTC-1,6
AATGACTGTCAGCCGG-1,6
AATGAGTTCGCATATG-1,3
AATGATGATACGCTAT-1,1
AATGATGCGACTCCTG-1,1
AATGCAACCGGGTACC-1,6
AATGCACCAAGCAATG-1,3
AATGGTCCACCGTTCA-1,1
AATGGTTCTCACAAGC-1,3
AATGTATGGCACTGTA-1,4
AATGTGCCCGAGGTGT-1,5
AATGTGCTAATCTGAG-1,5
AATTAAAGGTCGGCGT-1,4
AATTAACGGATTTCCA-1,6
AATTACGAGACCCATC-1,4
AATTACTCGTACGCTC-1,2
AATTAGCGCTGCAGCG-1,0
AATTCATAAGGGATCT-1,6
AATTCATTGTCATGCA-1,5
AATTCCAAGCATGTAC-1,0
AATTCGATTCGAGGAT-1,6
AATTCTAGAGTTAGGC-1,0
AATTGAACGCTCTGGT-1,6
AATTGCAGCAATCGAC-1,3
AATTGCGTGGATTACA-1,5
AATTTGGGACATAGTA-1,1
AATTTGGTTCCAAAGA-1,1
ACAAACCATGCGTCCT-1,5
ACAAACCGACAAGGCG-1,3
ACAAAGCATGACCTAG-1,1
ACAAATCGCACCGAAT-1,6
ACAAATGGTAGTGTTT-1,6
ACAAATTCAGATCTGA-1,3
ACAACAGCATGAGCTA-1,6
ACAACGGTCCCTGCGA-1,1
ACAAGCAGTGCCTAGC-1,6
ACAAGGAAATCCGCCC-1,6
ACAAGGACAAGAGGTT-1,6
ACAAGGATGCTTTAGG-1,1
ACAAGGGCAGGCTCTG-1,6
ACAATAGTCGTACGTT-1,0
ACAATCCATTTAAACC-1,0
ACAATCGATCTTTATA-1,3
ACAATGAATACGGAGA-1,5
ACAATTGTGTCTCTTT-1,6
ACAATTTGAGCAGTGG-1,6
ACACAAAGACGGGTGG-1,6
ACACACCAGGACCAGT-1,6
ACACACTTTCTACACG-1,1
ACACATGATCAAATCT-1,5
ACACATTGACGCAACA-1,3
ACACCCAGCATGCAGC-1,6
ACACCCGAGAAATCCG-1,1
ACACCGGTCTGACCGC-1,5
ACACCTTAAGTAGGGC-1,6
ACACCTTACTACTTGC-1,3
ACACGAGACTCCTTCT-1,6
ACACGGCACTATGCAT-1,1
ACACGGGAACTTAGGG-1,6
ACACGTAGGCCACAAG-1,3
ACACTCCAATGTCACT-1,3
ACACTGATCAAGGTGT-1,4
ACACTGGGACAGTCGT-1,2
ACAGAACTGAGAACAA-1,5
ACAGATTAGGTTAGTG-1,3
ACAGCATAGAGCCAGT-1,1
ACAGCGACATTCTCAT-1,1
ACAGCGCACCCGCAGC-1,1
ACAGGCTTGCCCGACT-1,1
ACAGGTGGAGGTGAGG-1,5
ACAGTAATACAACTTG-1,0
ACATAAGTCGTGGTGA-1,4
ACATAATAAGGCGGTG-1,6
ACATCAGCTGGGACGC-1,1
ACATCCCGGCCATACG-1,4
ACATCCTGGTAACTGT-1,1
ACATCGATCGTTTACC-1,0
ACATCGGTCAGCCGCG-1,0
ACATCGTATGCAATGG-1,6
ACATCGTTAACCTAGT-1,1
ACATCTCAACGCGTAA-1,3
ACATGGCGCCAAAGTA-1,1
ACATGGCTCAATTTAG-1,2
ACATTAGTTTATATCC-1,6
ACCAAACTAGAAATCC-1,3
ACCAACACCACACACT-1,3
ACCAACCGCACTCCAC-1,3
ACCAACGCTTATTTAT-1,5
ACCAAGAACGCGTGTC-1,1
ACCAATATGCAAGTTA-1,6
ACCACAACTCAGAACA-1,3
ACCACAAGTTTCTATC-1,6
ACCACCAATGTAACAA-1,1
ACCACGTGCAGCTATA-1,1
ACCACTGTTCAAGAAG-1,2
ACCAGCCCGGTCTTTG-1,3
ACCAGGAGTGTGATCT-1,2
ACCAGTGCCCGGTCAA-1,3
ACCAGTGCGGGAGACG-1,1
ACCATATCCGCAATAA-1,4
ACCATCCGCCAACTAG-1,0
ACCATCGTATATGGTA-1,4
ACCCAACGCCCGTGGC-1,6
ACCCACCTACATGCTC-1,1
ACCCATCTTGAGGGTA-1,6
ACCCATTTGTCCCTCT-1,1
ACCCGAGCGAAATTAC-1,5
ACCCGGAAACTCCCAG-1,0
ACCCGGATGACGCATC-1,1
ACCCGGTTACACTTCC-1,0
ACCCGTGTCATCAGTA-1,0
ACCCTATAGGACTGAG-1,2
ACCCTATGCCATATCG-1,5
ACCCTCCCTTGCTATT-1,6
ACCCTTCATCTGCGAA-1,1
ACCCTTTAGTTCTCCA-1,3
ACCGAAAGGGCCCTGC-1,3
ACCGAAGAGTCTGGTT-1,5
ACCGACACATCTCCCA-1,6
ACCGACTGAGTCCCAC-1,6
ACCGATGGTAGCATCG-1,1
ACCGCAATAACTGCCT-1,6
ACCGCGGTGGAAGTCG-1,1
ACCGGGCCTTTGTTGA-1,1
ACCGGTCAGGTACACC-1,5
ACCGGTCTGAGTACGG-1,3
ACCGTCCACTGGGCCC-1,5
ACCGTGACCACGTGGG-1,4
ACCGTTCCCGCTCTGA-1,3
ACCTAAGTACCTTTCA-1,5
ACCTAATCGACTTCCT-1,1
ACCTACAGTATGTGGT-1,3
ACCTACTATAAATCTA-1,4
ACCTCCGCCCTCGCTG-1,3
ACCTCCGTTATTCACC-1,3
ACCTCGAACTTATGCT-1,5
ACCTGCGTGTCATGTT-1,0
ACCTTTCCTTTAGAAG-1,2
ACGAAATGGGCGGCAC-1,6
ACGACTGGTCATACTC-1,5
ACGAGAACCCATCACG-1,2
ACGAGATATTTGCTTA-1,3
ACGAGGATACCACTCT-1,5
ACGAGGTTTACAACGT-1,5
ACGAGTACGGATGCCC-1,1
ACGATACATAGAACTA-1,6
ACGATCATACATAGAG-1,6
ACGATCATCTTGTAAA-1,1
ACGATGCATATGTTAT-1,0
ACGATGGATCCGATGC-1,1
ACGCAAACTAATAGAT-1,4
ACGCAATCACTACAGC-1,3
ACGCATACGTTTACTA-1,3
ACGCATTCGTGAGTAC-1,0
ACGCCAGATGATTTCT-1,6
ACGCCCAGCTGTCGAT-1,3
ACGCCGCTAGACGACC-1,0
ACGCGAAGTCAGACGA-1,0
ACGCGCTACACAGGGT-1,0
ACGCGGGCCAAGGACA-1,0
ACGCTAGTGATACACT-1,1
ACGCTGTGAGGCGTAG-1,6
ACGCTTAGTGTCTCTC-1,3
ACGGAATTTAGCAAAT-1,3
ACGGACTCTCAAAGCG-1,6
ACGGAGCGCAAATTAC-1,3
ACGGATGGTGCGGATA-1,6
ACGGCACTTGCTTGGG-1,0
ACGGCCAACATGGACT-1,4
ACGGCGACGATGGGAA-1,6
ACGGCGGGTTGCCCTG-1,2
ACGGCTGGATGTAGAA-1,5
ACGGGAGTGTCGGCCC-1,5
ACGGGTCATGTGACTT-1,3
ACGTACAGATTTCTCT-1,1
ACGTAGATTGCTGATG-1,0
ACGTATTACTCCGATC-1,1
ACGTCCTAAACGAGAT-1,3
ACGTGCGCCTCGTGCA-1,6
ACGTGGTCGAATGTGC-1,3
ACGTTAATGTCGAAGA-1,0
ACGTTAGATTTGCCCG-1,0
ACGTTCCGCGCTCCGT-1,3
ACGTTCGCAATCAATT-1,3
ACGTTCGTTCAGGAAA-1,4
ACGTTCTGTACAAGTC-1,3
ACGTTTAGTTGTGATC-1,1
ACTAATACGTCAGGCG-1,3
ACTACATCCCGACAAG-1,5
ACTACCAGCTCTCTGG-1,6
ACTACGCGTTAGAATT-1,0
ACTAGTTGCGATCGTC-1,3
ACTATATGCTGTGTTC-1,3
ACTATCCAGGGCATGG-1,1
ACTATCTGCCCGCGTA-1,3
ACTATGTCCAGCTGCC-1,5
ACTATTCGTCCGTGGT-1,1
ACTATTTCCGGGCCCA-1,5
ACTCAACGAATGTATT-1,2
ACTCAAGTGCAAGGCT-1,1
ACTCAATAAAGGCACG-1,6
ACTCAGACCTGCTTCT-1,3
ACTCATGGCAGCCTTC-1,5
ACTCCAATATCATCAT-1,5
ACTCCCATTCCTAAAG-1,3
ACTCCCGAATTCGTTT-1,1
ACTCCCTAATGCTAAA-1,6
ACTCCCTAGAATAGTA-1,6
ACTCGCCGTTCGATAA-1,3
ACTCGTAACCCGTCCT-1,4
ACTCGTCAGTAATCCC-1,6
ACTCTCTGACTTAGGT-1,6
ACTCTCTTATACACGA-1,1
ACTCTTGTATAGTAAC-1,6
ACTGAAACGCCGTTAG-1,1
ACTGAATGGCGAAAGT-1,6
ACTGATTTAGTGATTC-1,3
ACTGCCCGCCATTCTC-1,4
ACTGCCGTCGTAACTC-1,1
ACTGCTCGGAAGGATG-1,4
ACTGTACGATACACAT-1,6
ACTGTAGCACTTTGGA-1,6
ACTGTATACGCGAGCA-1,3
ACTGTCCAGGATTATA-1,0
ACTGTCTTCTTTAGAA-1,0
ACTGTGCTAGTAGATC-1,3
ACTGTTTAGTGTAGGC-1,2
ACTTACCGGGCGCGCA-1,3
ACTTACGCATCCACGC-1,6
ACTTAGTACGACAAGA-1,3
ACTTATACTTACCCGG-1,1
ACTTATCTGATCTATA-1,3
ACTTATTAGGATCGGT-1,0
ACTTATTTATGTGCCA-1,1
ACTTCAGGCTGATCCC-1,6
ACTTCCATGCGGGACA-1,1
ACTTCGCCATACGCAC-1,6
ACTTGACTCCCTCTTT-1,0
ACTTGCCATATTGTAC-1,3
ACTTGGGACCCGGTGG-1,6
ACTTGTAGTCCCTTCA-1,0
ACTTGTGGATGGAACG-1,3
ACTTTACCCTCATGAA-1,1
ACTTTCCTATAGCTTC-1,0
ACTTTGACTGCATCCT-1,6
ACTTTGGTCGTGCTCC-1,5
AGAAATTATGACTCGC-1,3
AGAACCCTCAATTGGG-1,4
AGAACGTGGTACATTC-1,6
AGAAGAGCGCCGTTCC-1,6
AGAAGGTACACTTCAC-1,4
AGAAGGTTGCCGAATT-1,4
AGAAGGTTGTAGGTCG-1,6
AGAAGTGATTCGTGAT-1,4
AGAATAAATCTTCAGG-1,6
AGAATGCGGGTTCGGA-1,3
AGAATTATGGATTCGA-1,1
AGAATTGTTTGACATA-1,3
AGACATAGATCCTTCC-1,3
AGACCAAACCACACCT-1,4
AGACCATGGGATACAA-1,3
AGACCCACCGCTGATC-1,6
AGACCCGCCCTCCTCG-1,6
AGACCGCTCCGCGGTT-1,3
AGACCGGGAAACCCTG-1,6
AGACGAAGTGCCGGTC-1,1
AGACGACGATGCCGCT-1,5
AGACGGGATTGGTATA-1,3
AGACGGGCCGATTTAA-1,3
AGACTAGCCTTCCAGA-1,6
AGACTGTTACCGGGTC-1,5
AGAGAAACACCAGAAA-1,5
AGAGAACCGTCTAGGA-1,6
AGAGAAGGAGTACAAT-1,5
AGAGATCTCTAAAGCG-1,0
AGAGCAGTTATGAGAC-1,6
AGAGCCGCCGAGATTT-1,3
AGAGCGGGCTAATCAT-1,1
AGAGCGTACAAGCTCG-1,1
AGAGGCTTCGGAAACC-1,1
AGAGGTATCTCGGTCC-1,2
AGAGTAAACTTCACTA-1,3
AGAGTTAGAGACCGAT-1,3
AGATAACTTCAGGGCC-1,6
AGATACCGGTGTTCAC-1,0
AGATACGACTTCATAT-1,3
AGATACTCAAGATCGA-1,6
AGATATAATACGACTA-1,6
AGATCGTGCATAAGAT-1,1
AGATCTCAGGTGTGAT-1,0
AGATGACTCGCCCACG-1,6
AGATGAGGGTTGCGAT-1,1
AGATGATGGAGTCTGG-1,1
AGATGCAAGACGTGCA-1,5
AGATGCTATAACGAGC-1,2
AGATTATAGGACGTTT-1,0
AGATTCACAACCGATA-1,4
AGCAAAGGCCGCTAGT-1,6
AGCAACATATCTTATT-1,6
AGCAACCGAAAGTAAT-1,5
AGCACACGTTTAGACT-1,5
AGCACCAGTACTCACG-1,6
AGCACTACCGGCCTGT-1,6
AGCACTACCTCACCAG-1,6
AGCACTTAAGGACGCC-1,6
AGCAGAAGGAGAAAGA-1,6
AGCAGCCAGATGAATA-1,0
AGCATATCAATATGCT-1,1
AGCATCATTTCGAAAG-1,5
AGCATCGTCGATAATT-1,6
AGCATTACGAGGCAAG-1,1
AGCCAAGCTTTGTGTC-1,0
AGCCACAGGTTACCCG-1,1
AGCCACTCCCGTGCTT-1,6
AGCCCATACATGTAAG-1,0
AGCCCGGCATTAGAGG-1,5
AGCCCGGTAGCCTGTA-1,5
AGCCCTAAGCGAAGTT-1,1
AGCCCTCCCTGGTGGC-1,5
AGCCCTTCTAATCCGA-1,3
AGCCGTGGCTAAATGT-1,5
AGCCTAATACCCACGT-1,5
AGCCTTAAAGCGGAAG-1,3
AGCGACAGGAACGGTC-1,5
AGCGACATCCCATTCA-1,1
AGCGACCAACGATATT-1,6
AGCGAGACGTGAAGGC-1,5
AGCGATGCGCCTAATA-1,3
AGCGCATAATGAATCG-1,4
AGCGCGGGTGCCAATG-1,1
AGCGCTTATGGGCAAG-1,3
AGCGGACACTTCGTAG-1,0
AGCGGCGGTTAGCGGT-1,5
AGCGGGAAGGGTCCAT-1,3
AGCGGGTCTGACACTC-1,6
AGCGGTTGAGATGTAC-1,3
AGCGTAGCGCTAGACC-1,3
AGCGTCTGAACCCGCA-1,2
AGCGTGGTATTCTACT-1,6
AGCGTTCCGATTTAAA-1,3
AGCTAACAAGCAATGT-1,4
AGCTAAGTACGCAGGC-1,1
AGCTAGAAGCAGAAGT-1,1
AGCTATTTAATCCAAC-1,1
AGCTCCATATATGTTC-1,3
AGCTCCTTCGCACATC-1,6
AGCTCTAGACGTTCCA-1,1
AGCTCTTCCCAGTGCA-1,1
AGCTCTTCGTAACCTT-1,1
AGCTCTTTACTCAGTT-1,4
AGCTGAAGTAAACCAA-1,6
AGCTGTAACCTCAATC-1,5
AGCTTATAGAGACCTG-1,6
AGCTTCAATACTTTGA-1,3
AGCTTGATCTTAACTT-1,6
AGGAAAGCCTCTGATG-1,3
AGGAAGCTGTCCGCCG-1,6
AGGACAGTCGAATCCC-1,6
AGGACATCGCACGTCG-1,1
AGGACGACCCATTAGA-1,5
AGGACGCTCGATGTTG-1,1
AGGAGGCCTTCGCGCG-1,1
AGGATAAAGTCGGGAT-1,0
AGGATATAGGGATTTA-1,1
AGGATCACGCGATCTG-1,4
AGGCAAAGAGGAATCA-1,3
AGGCACGTGACTGTCC-1,2
AGGCAGATGCGTAAAC-1,6
AGGCAGGGAGCGTACT-1,4
AGGCATTGTCGTAGGG-1,1
AGGCCACCCGTTATGA-1,6
AGGCCCATTGTACAGG-1,1
AGGCCCTAGAACGCCA-1,4
AGGCCTGAGAATCTCG-1,1
AGGCGGTTTGTCCCGC-1,5
AGGCGTCTATGGACGG-1,2
AGGCTATGGTTAGCTT-1,6
AGGCTTCCCGAAGAAG-1,5
AGGCTTGCTAGACACC-1,1
AGGGAAACGAGGTACT-1,1
AGGGACAGCACGGCGG-1,2
AGGGACCGGCTGCGTT-1,3
AGGGACTCTACGCGAC-1,0
AGGGAGACATACTTCG-1,3
AGGGCAGCGGCGTGGT-1,1
AGGGCGAGCAGCTGAT-1,0
AGGGCGTGATCGGCTA-1,1
AGGGCTGCAGTTACAG-1,0
AGGGTCAGAGCACTCG-1,5
AGGGTCGATGCGAACT-1,1
AGGGTGCCGTTCTTTA-1,4
AGGGTGCTCTCGAGGG-1,6
AGGGTGGATAGTGCAT-1,1
AGGGTTCCCTTTGGTT-1,6
AGGGTTTAGTTCGGGA-1,3
AGGTAACCTCCTATTC-1,3
AGGTACGATATTGCCA-1,1
AGGTAGATCGAGATAT-1,5
AGGTAGGTACAAAGCT-1,6
AGGTATAATTGATAGT-1,1
AGGTCAGGTGAGAGTG-1,0
AGGTCGCCACTTCGGT-1,2
AGGTCGCGGAGTTACT-1,1
AGGTGGTGACCTTCGC-1,0
AGGTGTATCGCCATGA-1,6
AGGTTACACCATGCCG-1,3
AGGTTCTCCTTTCCGG-1,5
AGGTTGAGGCACGCTT-1,6
AGGTTTCACACACCTT-1,0
AGTAACGTTCATCCTG-1,3
AGTAACTATAGCAGCC-1,6
AGTAATGTCTTGCCGC-1,6
AGTAATTTGCAAGCGT-1,5
AGTACATCATTTATCA-1,3
AGTACCTTCGAGTGCT-1,2
AGTACGGCCCGTATCG-1,6
AGTACGGGCACCTGGC-1,6
AGTACGTGGCCTGTCT-1,3
AGTACTCTTATGCCCA-1,1
AGTAGAAGGCGCCTCA-1,4
AGTAGCGTGAACGAAC-1,3
AGTAGCTAGACGCCGA-1,2
AGTAGGAAGGAAGTTG-1,1
AGTAGGTAACATACAT-1,1
AGTATAATACTAGGCA-1,1
AGTATACACAGCGACA-1,4
AGTATCCATAATAACG-1,2
AGTATGCTGGAGACCA-1,5
AGTATTTGGCACGACC-1,4
AGTCAAATGATGTGAT-1,5
AGTCAACACCACCATC-1,4
AGTCAAGATGACACTT-1,1
AGTCACTAGCTCTCGA-1,1
AGTCACTCCGCCTCAT-1,2
AGTCAGCCACCGCCTG-1,3
AGTCCAGCGGGTACGT-1,3
AGTCCATTGGCTGATG-1,1
AGTCCCGCCTTTAATT-1,1
AGTCGACGGTCTCAAG-1,6
AGTCGGCCCAAACGAC-1,6
AGTCGGCTCAACTTTA-1,4
AGTCGGTTGCGTGAGA-1,3
AGTCGTATAAAGCAGA-1,6
AGTCGTCGACCACCAA-1,1
AGTCGTGGGCATTACG-1,5
AGTCTAAAGTATACTC-1,3
AGTCTCACAAGACTAC-1,5
AGTCTGGACATCCTTG-1,3
AGTCTTCTCCTCAAAT-1,6
AGTCTTTAAAGTGTCC-1,6
AGTGAACAAACTTCTC-1,1
AGTGACCTACTTTACG-1,5
AGTGACTGTGACACAA-1,4
AGTGAGACTTCCAGTA-1,6
AGTGAGCCTCGCCGCC-1,1
AGTGAGGGTTTCTGAC-1,1
AGTGATAACCTGCGCG-1,1
AGTGATATGAGTAGTT-1,4
AGTGATTCAAGCAGGA-1,6
AGTGCACGCTTAAGAA-1,1
AGTGCGTAGCTCGTAA-1,4
AGTGCTAAACACAGCA-1,1
AGTGCTTGCACGAATA-1,6
AGTGGCGGCAATTTGA-1,1
AGTGGCGTCTGAAGGT-1,1
AGTGGCTCCGTCGGCC-1,6
AGTGGTGTTACCCGTG-1,0
AGTGTATTGCGCATTG-1,1
AGTGTGCTAAGATCGC-1,3
AGTGTGGTCTATTGTG-1,1
AGTTAAACACTTGCGA-1,0
AGTTAAGCGGTCCCGG-1,1
AGTTAAGTCAACCGCT-1,5
AGTTACCGCACATGGT-1,1
AGTTACTCTATCGTGG-1,3
AGTTATTGAAAGGTAA-1,3
AGTTCCTACAGAATTA-1,1
AGTTCCTATTTATGTT-1,0
AGTTCTGCGTTGTATC-1,2
AGTTGACATCGGCTGG-1,2
AGTTGACGGTCCTTGC-1,6
AGTTGCTGACTGATAT-1,3
AGTTTCGCAGGTCGGA-1,1
AGTTTGCACCTGCCTC-1,6
AGTTTGGCACGGGTTG-1,1
AGTTTGGCCAGACCTA-1,4
ATAAACCATTGGACGG-1,2
ATAAACGGACCCGTAA-1,0
ATAAACGTTGCACCAC-1,3
ATAAAGGCTCGGTCGT-1,0
ATAAAGGTCAAGTACG-1,3
ATAAATATTAGCAGCT-1,0
ATAACGCCGGAGGGTC-1,6
ATAACGGAGTCCAACG-1,0
ATAAGGTGGAGAACAT-1,6
ATAAGTAGGATTCAGA-1,1
ATAAGTAGGGCGACTC-1,3
ATAAGTTACCGCGACG-1,4
ATAATACCGTTAGCCG-1,3
ATAATAGCTGTTGAAT-1,6
ATAATAGTGTAGGGAC-1,1
ATAATCTTGGAGAACC-1,6
ATAATTAGCTAAGTAG-1,6
ATACAGGCCCTCCAAT-1,6
ATACCACGGGCAACTT-1,0
ATACCAGCAAATTGCT-1,3
ATACCAGGCTAATAGA-1,3
ATACCAGGTGAGCGAT-1,2
ATACCTAACCAAGAAA-1,6
ATACGCCGATCTACCG-1,2
ATACGCCGGCGAAACC-1,6
ATACGGAACGTCGTTT-1,4
ATACGGGTTTCGATTG-1,6
ATACGGTGAAGATGCA-1,1
ATACGTACTTAGCCAC-1,1
ATACGTCCACTCCTGT-1,1
ATACGTTATGCACGGA-1,0
ATACTACCCGTACCAC-1,3
ATACTAGCATGACCCT-1,6
ATACTCTCGCCACTCT-1,2
ATACTGCCTTACACCG-1,6
ATACTTGTTCTCGAGC-1,3
ATAGACAACGGGACCT-1,1
ATAGACGAAGAGAAAG-1,0
ATAGAGTACTGGGACA-1,6
ATAGAGTTATCAACTT-1,6
ATAGATTTGCAGTCGG-1,3
ATAGCAACTAGGGAAG-1,1
ATAGCCTCAGTACCCA-1,3
ATAGCTGCTCTTGTTA-1,2
ATAGGAATCTAAGCTT-1,2
ATAGGCGGCTATAGAA-1,0
ATAGGCTAGCTTCGCA-1,1
ATAGGGATATCCTTGA-1,6
ATAGGTTGGGCAGATG-1,0
ATAGTCTTTGACGTGC-1,3
ATAGTGAAGCGTTCTC-1,4
ATAGTTCCACCCACTC-1,1
ATATAAAGCGCTCGTG-1,6
ATATAAATGTAGCTGC-1,6
ATATAACACGGGCGCA-1,3
ATATACGCTCGTGACG-1,3
ATATAGAGTATTGGTC-1,5
ATATCAACCTACAGAG-1,1
ATATCAATTCCAGCCT-1,4
ATATCGGTAGGGAGAT-1,3
ATATCGTGCCAGACCC-1,3
ATATCGTTCCTCGAAC-1,1
ATATCTCCCTCGTTAA-1,1
ATATCTTAGGGCCTTC-1,0
ATATGTCTCCCTAGCC-1,6
ATATTCAGTTAAACCT-1,4
ATATTCCACATAGTGA-1,6
ATATTCCCACAGGTCA-1,1
ATATTGCTGTCAAAGT-1,1
ATATTTAACCCTCAAG-1,6
ATCAAACACTGTTCCA-1,1
ATCAAACGAAGGTTTG-1,5
ATCAATCTGGGCTGCA-1,0
ATCAATGCCGTGGCTG-1,5
ATCACATTAGAATATC-1,6
ATCACGTGCTAATTAA-1,4
ATCACTTCATCCTCGC-1,6
ATCAGACGGCACGCCG-1,5
ATCAGCCTCATGCTGC-1,6
ATCAGCTCGTCCACTA-1,4
ATCAGGTCGCCATTGC-1,3
ATCAGTAGGCAGGGAT-1,6
ATCATAGCCCTATGTA-1,3
ATCATCCAATATTTGT-1,0
ATCATCTGCCCAGTGT-1,3
ATCCAACGCAGTCATA-1,6
ATCCAATGGAGGGTCC-1,0
ATCCACATCGACAGAA-1,0
ATCCACGCTAAATGTT-1,3
ATCCAGAGCAACAACC-1,4
ATCCAGGATTCGTGAA-1,4
ATCCCATCCACAGCGC-1,5
ATCCTACCTAAGCTCT-1,4
ATCCTGAATCGCTGCG-1,0
ATCCTGCGTGGAATGG-1,4
ATCCTGCTGCAGATAG-1,2
ATCGACCCAATACAGA-1,0
ATCGACTCTTTCCGTT-1,6
ATCGCACGATTGTTCA-1,2
ATCGCACGCCGGGAGA-1,6
ATCGCCAGTCAACATT-1,3
ATCGCTGCGTGCAGCA-1,3
ATCGGAGACAGACGGC-1,1
ATCGGCAAGCAGTCCA-1,1
ATCGTGGAAAGTCTGG-1,5
ATCGTTAGCTAGCGGA-1,1
ATCGTTCACTTTCGCC-1,3
ATCTAATATCCTACGG-1,6
ATCTAGCTTGTGAGGG-1,6
ATCTCCCACGGAATAT-1,3
ATCTCCCTGCAATCTA-1,6
ATCTCGTGAGCGAAAC-1,3
ATCTGACATGGAAGGA-1,4
ATCTGATAGTGTCTTA-1,3
ATCTGCACCTCTGCGA-1,3
ATCTGCTGTTATCGCC-1,0
ATCTGGGCTGTTCTTG-1,6
ATCTGGTTAAGACTGT-1,6
ATCTGTAATTGTACCC-1,1
ATCTTAGGGCATTAAT-1,5
ATCTTATCGCACACCC-1,3
ATCTTGACCTGCAACG-1,6
ATCTTGACTTGTCCAA-1,3
ATGAAGCCAAGGAGCC-1,1
ATGACGCCGGCTCTAA-1,1
ATGACGCGTTCTATCC-1,5
ATGACTATCAGCTGTG-1,4
ATGACTATGCGACATT-1,6
ATGAGGAGTGTTAATC-1,6
ATGATCGGGAATAGAC-1,1
ATGATGCAATGGTACA-1,4
ATGCACGCGCTGTTCA-1,5
ATGCACTACCGCATTG-1,6
ATGCATGATCCAGGAT-1,6
ATGCATTCCGTGATGG-1,3
ATGCCAATCGCTCTGC-1,3
ATGCCATTTGCGACCA-1,1
ATGCCGGTCTTGCATA-1,6
ATGCCGGTTGATGGGA-1,1
ATGCGACAATTGGTCC-1,3
ATGCGACAGTCCCATT-1,0
ATGCGAGTCCCACCAC-1,1
ATGCTCAGTGTTGCAT-1,1
ATGCTCTGGCGCGGTA-1,6
ATGCTTAGGAGTTGAT-1,3
ATGGAAATTTAAGGAG-1,4
ATGGAGCAGGCCGTGA-1,0
ATGGATCCGGCGTCCG-1,6
ATGGATTGACCAAACG-1,0
ATGGCAGCATTACGAT-1,5
ATGGCTGGAAATGGCC-1,3
ATGGGAACGGAAGCGG-1,3
ATGGGACCTGCTGAAC-1,5
ATGGGCCTCGGCCTCT-1,6
ATGGGTGTATACCTCC-1,5
ATGGTATTTACTGATT-1,5
ATGGTCGCGTGGTTTC-1,6
ATGGTGCTCAAAGCCA-1,2
ATGTAAGGCTGCTCTT-1,3
ATGTACATGCGGTGAG-1,2
ATGTACGATGACGTCG-1,6
ATGTAGCGCGCGTAGG-1,6
ATGTGAAAGCCTAATG-1,4
ATGTGCATCCGACGCA-1,6
ATGTGGACATCTTGAT-1,6
ATGTGTAGTTTAGTCA-1,3
ATGTTACGAGCAATAC-1,3
ATGTTCGTCGACCCAC-1,6
ATGTTGTAGTCTGTTT-1,4
ATTAAACATGCGGACC-1,0
ATTAATACTACGCGGG-1,6
ATTAATGAACCAGTCG-1,6
ATTAATTCGGTCACTC-1,1
ATTACAACTACCGGCC-1,1
ATTACATGTCAGTCTT-1,3
ATTACCACACTGCCTG-1,3
ATTACGCGCTGGCAGG-1,0
ATTACTAGCCTCTTGC-1,1
ATTACTTACTGGGCAT-1,1
ATTAGATTCCTCAGCA-1,3
ATTAGATTGATAGCGG-1,1
ATTAGGCGATGCTTTC-1,6
ATTATACTTTGCTCGT-1,6
ATTATAGCTACTTTAC-1,3
ATTATCTCGACAGATC-1,3
ATTATGAGACCCAATT-1,5
ATTATGCCATAGGGAG-1,6
ATTATTATGTCCGTCA-1,4
ATTCAAAGTACCTGTT-1,3
ATTCAACCATTTAAGG-1,3
ATTCACTGATGTTGGA-1,1
ATTCAGGACCTATTTC-1,1
ATTCAGGATCGCCTCT-1,3
ATTCAGTAGCAGGGTC-1,1
ATTCATATACTGTCCA-1,0
ATTCATCGTTGAGGCA-1,1
ATTCCCACATAAACAA-1,1
ATTCCTAAGACGTGGA-1,3
ATTCCTCCGCCAGTGC-1,1
ATTCCTTCCAGGCGGT-1,2
ATTCGACGCCGGGCCT-1,0
ATTCGTGCTATCTCTT-1,3
ATTCTCGTCTCTTTAG-1,3
ATTCTGAGTATGAACT-1,1
ATTCTTCGTACTTATG-1,3
ATTGAAGATCTTAGTG-1,0
ATTGACGTAACTCGGT-1,3
ATTGATAGCAACGAGA-1,2
ATTGATCACCACATTT-1,4
ATTGATGAGTCCTAAC-1,1
ATTGCCTATTAGACCG-1,5
ATTGCCTTTATGTTTG-1,1
ATTGCGATCAGTAACT-1,1
ATTGCTGCTCCTCCAT-1,0
ATTGGATTACAGCGTA-1,3
ATTGGGAATATCTTGG-1,1
ATTGGTTGTGCATTAC-1,1
ATTGTACAACTCGGCT-1,1
ATTGTCGCAATACCTT-1,1
ATTGTGACTTCGCTGC-1,2
ATTTAACTCGTATTAC-1,1
ATTTACAGTTTACTGG-1,6
ATTTACTAAGTCCATT-1,3
ATTTCATTATTTCGCG-1,1
ATTTCCGGGTTCTGCG-1,5
ATTTGCCTAGTTACGA-1,2
ATTTGCGCGAGTAGCT-1,4
ATTTGTCTTGGGAGCT-1,6
ATTTGTTCCAGGGCTC-1,6
CAAACGAGTATCGCAG-1,4
CAAACGGTCGCACTTT-1,6
CAAACGTGGTCTTGCG-1,1
CAAACTACGATAGAGA-1,1
CAAACTATTGAGCTTC-1,1
CAAACTCGCGACGCCG-1,3
CAAAGATTATTGGGCC-1,5
CAAATCTCTCACAAGG-1,4
CAAATGCGGAGTGTTC-1,1
CAAATGTCCTTCCGTG-1,4
CAAATTGTCAGCAAGC-1,1
CAACAGAATAACGCTA-1,3
CAACAGTGCCAAACGG-1,3
CAACATGGCCTGATAA-1,2
CAACCTACCGAGCAGT-1,3
CAACGACCCGTTTACA-1,6
CAACGGTTCTTGATAC-1,1
CAACGTGGTGGAGTCT-1,3
CAACTATATCGAATGC-1,1
CAACTCCAACGTTTAG-1,1
CAACTCCGTAACTTGC-1,4
CAACTCCTTGATCCCG-1,1
CAACTGCTCATCCGAT-1,0
CAACTTGTAGTGGGCA-1,3
CAAGAGGGCGGAGTAC-1,6
CAAGATATTATAACGT-1,1
CAAGCAACGTCGGAGT-1,6
CAAGCACCAAATGCCT-1,6
CAAGCGGCACATAATT-1,6
CAAGGATCGCATGTTC-1,0
CAAGGTCCTATAGGCT-1,3
CAAGTGAACTTTGGTT-1,3
CAAGTGTGGTTGCAAA-1,1
CAATAAACCTTGGCCC-1,6
CAATACGCTCTGAGGC-1,6
CAATATGTAGATTTAC-1,2
CAATATTCTTGACCTA-1,5
CAATCCATTATCCGTT-1,2
CAATCCCTATACCAGC-1,1
CAATCCTGCCGTGGAG-1,3
CAATGCGAGAAGTATC-1,6
CAATGGAATCTACATA-1,1
CAATGGATCTCTACCA-1,6
CAATGGTCGGCCTGGG-1,3
CAATGTGCCAACCCTT-1,3
CAATTAAGGGTGATGA-1,6
CAATTTCGTATAAGGG-1,0
CAATTTGACCGGGAAG-1,2
CACAAGAAAGATATTA-1,2
CACAAGCTAAGAAAGG-1,5
CACAATGAGCTGCTAT-1,4
CACACACGCTAACGAG-1,3
CACACAGCTTGCGCTC-1,3
CACACAGGGATAGATT-1,1
CACACGCGCTGTCTTA-1,1
CACACGTTTCAATGGG-1,3
CACACTTGTATTGCGA-1,2
CACAGAGACGAGGACG-1,5
CACAGCACCCACGGCA-1,6
CACAGCTAGGGAGTGA-1,6
CACAGGGCCATATAGT-1,1
CACAGGGCCGTTGTCA-1,0
CACAGTCCCGCTTCGC-1,3
CACAGTTCGCTTCCCA-1,3
CACATAAGGCGACCGT-1,2
CACATATTAGCAGGAT-1,6
CACATCGTGCACGCGC-1,5
CACATCTCACCGACGA-1,6
CACATGATTCAGCAAC-1,0
CACATGTTTGGACATG-1,2
CACATTCTTTCGATGG-1,1
CACATTTCTTGTCAGA-1,3
CACCAGTCAGCATGCA-1,5
CACCATCGGAGGAGAC-1,1
CACCCAAATCTTATGT-1,1
CACCCACACGTCACCC-1,1
CACCCACGAGGCAATT-1,1
CACCCGGTTTGTGACT-1,5
CACCCTAACAAGATCT-1,6
CACCCTTGGTGAGACC-1,5
CACCCTTTCCTCGCTC-1,3
CACCGATACACCGAGC-1,1
CACCGCCAGAAGGTTT-1,6
CACCGCCGACCAGCGA-1,3
CACCGCGTCCACTCTA-1,3
CACCGGAGATATCTCC-1,3
CACCGGTAGAGACATT-1,5
CACCGTATCCCATCCG-1,1
CACCGTTAGGGATCAC-1,5
CACCGTTGCGCGATAT-1,4
CACCTAATAGAGTCGT-1,3
CACCTAATCAGTTTAC-1,6
CACCTCGATGGTGGAC-1,6
CACCTTGCGAAACTCG-1,6
CACCTTGGCGCCTTTG-1,1
CACGAAAGTTAGTCCC-1,6
CACGACCACAGACTTT-1,3
CACGACGTAATAGTAA-1,2
CACGACTAAAGTTCTG-1,2
CACGATTGGTCGTTAA-1,2
CACGCACAGCGCAGCT-1,6
CACGCAGCGAGGCTTT-1,0
CACGCGGAACTGTTGC-1,1
CACGGCGCGCCAAAGG-1,3
CACGGGATTGAGGGTT-1,1
CACGTCGGCAACCTCT-1,4
CACGTCTATGATGTGG-1,3
CACGTTCGTGCTCTAG-1,6
CACGTTTCGTACACAC-1,1
CACTAAAGTTGCCTAT-1,0
CACTACGGGAGCTGCC-1,3
CACTACTCAGTTCTGT-1,3
CACTCAAGAGCTATGG-1,0
CACTCAGCTCTTGAGG-1,1
CACTCCTATGTAAGAT-1,5
CACTCCTCTCGGTCGG-1,1
CACTCGAGCTGAACAA-1,6
CACTCGGTTAGGAGGA-1,6
CACTCTTCTGCTAGCC-1,3
CACTGACGATTGTGGA-1,0
CACTGTCCAAGTGAGA-1,1
CACTTAATCAGACGGA-1,0
CACTTCGCCACAGGCT-1,1
CACTTCGTCTTATCTC-1,3
CAGAACTTAGCCCTCT-1,6
CAGAATAACACACGGA-1,3
CAGACACCGATCGCTG-1,4
CAGACCTGTAAGTGTT-1,1
CAGACGAACCTGATAC-1,4
CAGAGACGGTCACCCA-1,0
CAGAGCATGAGCTTGC-1,1
CAGAGGCGATGCATGA-1,4
CAGAGTGATTTAACGT-1,1
CAGATACTAACATAGT-1,6
CAGATATGAAGATGAC-1,4
CAGATCATTTAAAGTC-1,3
CAGATCCTGGTTTGAA-1,5
CAGCAGCCCGTTCCTT-1,6
CAGCAGTCCAGACTAT-1,1
CAGCAGTCTGTGCTGC-1,6
CAGCCCTCACAGGCAG-1,3
CAGCCGGGCCCTCTAT-1,1
CAGCCTCCTGCAGAGG-1,6
CAGCCTCTCCTCAAGA-1,3
CAGCGATTCCCTTCAA-1,4
CAGCTCACTGAGACAT-1,0
CAGCTCGACAAGTTAA-1,6
CAGCTCGTGCTTGTGT-1,3
CAGCTGGCGTAACCGT-1,4
CAGCTTAGTAGGTAGC-1,6
CAGGAAGACTTTATAT-1,1
CAGGATATATCGTTGT-1,0
CAGGATCCGCCCGACC-1,2
CAGGCAGTCTTACCAG-1,6
CAGGCCGTTTGGGTGT-1,4
CAGGCGCACGGTGGTC-1,5
CAGGCGCCATGCTAGG-1,6
CAGTAACTATTTATTG-1,3
CAGTAATCCCTCCCAG-1,1
CAGTACATTCTCTAAA-1,1
CAGTACCAGTTTACGT-1,4
CAGTAGCCCACGCGGT-1,1
CAGTAGCGAGGTAGTA-1,2
CAGTCGAGGATGCAAT-1,1
CAGTCTCTCGGCTAAT-1,2
CAGTCTGTATACTGGG-1,0
CAGTGAATAAATGACT-1,6
CAGTGGTTGCACATGA-1,3
CAGTGTCCGCAGAATG-1,3
CAGTGTCGGCTGGCCC-1,1
CAGTGTTAATCTCTCA-1,4
CAGTTCAAATTGACAC-1,0
CAGTTCCGCGGGTCGA-1,6
CATAACGGACAGTCGT-1,1
CATAAGAAGCTTGGCT-1,6
CATAAGCTCTCCGTCT-1,6
CATAATGAGCGGGCGA-1,3
CATACAAAGCCGAACC-1,3
CATACACGGTTCCCAC-1,0
CATACCCGTACCCAGT-1,0
CATACGAACTAGCTGG-1,5
CATACGGCGTCTGGGC-1,0
CATACGGGTGCATGAT-1,3
CATACTATGTAATTGT-1,0
CATACTTAGGCAATAC-1,3
CATAGCCGCCCGGGAT-1,1
CATAGCGTTGCCCACC-1,5
CATAGTACATTGAGAG-1,1
CATAGTAGCATAGTAG-1,1
CATAGTCAAATACATA-1,1
CATAGTCCACAAGAAC-1,4
CATATACTACTGATAA-1,3
CATATAGGTACAGTCA-1,4
CATATGTCAGGCTACG-1,4
CATATTATTTGCCCTA-1,1
CATCATCTACCCGGAC-1,1
CATCATTACCCTGAGG-1,1
CATCCAATATAGTTTG-1,5
CATCCGCAGGCCCGAA-1,3
CATCCTCTCAAAGATC-1,1
CATCGAATGGATCTCT-1,2
CATCGCCCGCGGCCAA-1,3
CATCGGACGGGTTAAT-1,0
CATCTATCCCGTGTCT-1,1
CATCTTACACCACCTC-1,1
CATGAACCGACATTTG-1,3
CATGAACCTCTTATCA-1,3
CATGACTTCGCTGAAT-1,3
CATGAGATGCACTCTC-1,6
CATGATCGCTTTGAGA-1,1
CATGATGCACAATTCT-1,6
CATGATGGAAGTTAGC-1,1
CATGCACGTGTTACTG-1,3
CATGCATGGAGACCCT-1,1
CATGCCAACTCGCAAA-1,0
CATGCGACCAGTTTAA-1,1
CATGCGTTAGACAGAA-1,1
CATGCTGGCTCCAATT-1,1
CATGGAAATGGGACCA-1,2
CATGGATTGTCTTCCG-1,3
CATGGCAGGAAGATCG-1,6
CATGGGTATGCCTTAT-1,6
CATGGGTCGGGTGTGG-1,6
CATGGTAAGTAGCGTT-1,6
CATGGTATTAGTTTGT-1,4
CATGGTCTAGATACCG-1,6
CATGTAAGAGACATTT-1,1
CATGTAGGAGCGCCAA-1,2
CATGTCTCATTTATGG-1,6
CATTACGTCGGCCCGT-1,1
CATTATAACAGGGTCC-1,3
CATTATCCCATTAACG-1,4
CATTATGCTTGTTGTG-1,6
CATTCACTGACAGCTA-1,3
CATTCAGGTCAGTGCG-1,2
CATTCCCTAAGTACAA-1,2
CATTGCAAAGCATAAT-1,3
CATTGCGAAATGGGCG-1,6
CATTGTGTGCTAGATC-1,3
CATTTAGCGGACCATG-1,6
CATTTATCGTTCAAGA-1,1
CATTTCTAGCAGACTA-1,3
CATTTGAGTGGTACGT-1,5
CCAAACAGAACCCTCG-1,6
CCAAAGCAGTTGGTTG-1,2
CCAAATAACAAGATTC-1,3
CCAACCTTATGTAACT-1,5
CCAACGATGCACTGAT-1,6
CCAACGCTTGCCAGGG-1,3
CCAAGAAAGTGGGCGA-1,4
CCAAGACTTCTGCGAA-1,6
CCAAGCGTAACTCGTA-1,0
CCAAGGAACAGAGAGG-1,1
CCAATAGTGCCGTCGA-1,0
CCAATCGGTAGATCGA-1,1
CCAATGTCACAGCAAG-1,0
CCAATTACGGGTCGAG-1,1
CCAATTGAATGTTAAT-1,6
CCACAATGTACGTCTT-1,6
CCACACTGAGATATTA-1,0
CCACAGCTGAAATCAT-1,2
CCACAGTACCCATCCT-1,1
CCACATACTGCACCCA-1,2
CCACCAACTTTACTGT-1,5
CCACCCAAGGAAAGTG-1,0
CCACGAATTTAACCTC-1,1
CCACGAGAAGAGAATC-1,6
CCACGGAGCCATAAGA-1,4
CCACGGTGCCCGGTAG-1,1
CCACTAAACTGAATCG-1,2
CCACTGGTGGCTGGTT-1,0
CCACTGTTTGGATTAA-1,3
CCAGAAAGCAACTCAT-1,5
CCAGAGACAAAGCCGG-1,3
CCAGATAGTTGAGTGA-1,6
CCAGCCTGGACCAATA-1,0
CCAGCTACGCCTCATA-1,3
CCAGCTCGAACGCATT-1,6
CCAGCTGATGGTACTT-1,6
CCAGCTTCCGCCCGCA-1,6
CCAGGGACGTGGCCTC-1,6
CCAGTAGTCTGATCCA-1,6
CCAGTCAAATCTCTTA-1,6
CCAGTCCATTATTCGA-1,2
CCAGTCTAGACGGCGC-1,1
CCAGTCTTGTCATAGA-1,0
CCATAAACAACCCGAC-1,1
CCATACCTTTACTTGT-1,1
CCATAGGTTGGCGTGG-1,6
CCATAGTCAGTAACCC-1,3
CCATATGGAAACTATA-1,1
CCATATTGGATCATGA-1,2
CCATCCATACCAAGTC-1,3
CCATCGCAGTTAAACT-1,0
CCATCTCACCAGTGAA-1,1
CCATCTTGTTCACAAT-1,2
CCATGCCCTAGATTTC-1,1
CCATGCCTGTTTAGTA-1,0
CCATGCTCTGCAGGAA-1,6
CCATGGCCCTTGTACC-1,6
CCATGTTCATCTATAT-1,5
CCATTAGCGATAATCC-1,6
CCATTCCCTGCCCACA-1,0
CCATTTCTACCTATTA-1,6
CCCAAACATGCTGCTC-1,6
CCCAACATACGTCGCG-1,4
CCCAACCACACTAACA-1,1
CCCAAGAATGCACGGT-1,3
CCCAAGACAGAGTATG-1,2
CCCAATGAGATTTGCA-1,5
CCCAATTTCACAACTT-1,0
CCCAGAGGAGGGCGTA-1,3
CCCAGGTCTGAAGGCT-1,3
CCCAGTAAACTTGGGA-1,4
CCCAGTTAAGGCGCCG-1,6
CCCATATAGGTCGATT-1,1
CCCGAAGTTTCGCGAA-1,0
CCCGACCATAGTCCGC-1,6
CCCGAGTTTCTCCGTA-1,3
CCCGCAGCGCGAACTA-1,0
CCCGCAGGGCCCAAAG-1,1
CCCGCCATGCTCCCGT-1,1
CCCGCGCAATGCACCC-1,3
CCCGCTAGAGGGTTAA-1,3
CCCGGCACGTGTCAGG-1,1
CCCGGGTCGTTCAGGG-1,0
CCCGGTGGAAGAACCT-1,1
CCCGGTGTATCGGAAT-1,5
CCCGTAAGTCTAGGCC-1,0
CCCGTAGCTGGGAAGA-1,5
CCCGTCAGCGTCTGAC-1,6
CCCGTTTCGCAGATGT-1,3
CCCTAGTGTCAGGTGT-1,2
CCCTATGTAGAGCAGA-1,5
CCCTCATTCTGGAATT-1,1
CCCTCCTCGCTCGTAT-1,3
CCCTCGGGAGCCTTGT-1,2
CCCTGAAATGAGTTGA-1,6
CCCTGACTAACAAATT-1,6
CCCTGATGTAACTCGT-1,3
CCCTGCCCAATCCGCT-1,0
CCCTGCGCTACGCATA-1,6
CCCTGGTATGGGCGGC-1,1
CCCTGTTGGCAAAGAC-1,2
CCCTTCTCGTACGCGA-1,2
CCCTTTAATGGAGTTC-1,3
CCCTTTGACAGGTCTT-1,4
CCGAAAGTGGTGAGCA-1,3
CCGAACACTGGGCCTC-1,6
CCGAACCTTCCCGGCC-1,6
CCGAAGTATATTGTTC-1,1
CCGACAAACACATGAG-1,2
CCGACAAAGGGAGTGC-1,6
CCGACAATAGGCCGCC-1,3
CCGACGGGCATGAGGT-1,5
CCGACGTAAACACAAC-1,1
CCGACTCGCATAGTCT-1,3
CCGAGAAGTCGCATAA-1,3
CCGAGCTGTGCTTGTC-1,2
CCGAGGGATGTTAGGC-1,3
CCGATCTCAACCTTAT-1,1
CCGATTCGAGGGACCC-1,6
CCGATTGGTCAATGAA-1,3
CCGCACAAAGACCAAC-1,0
CCGCACGTGACCTCGG-1,1
CCGCATGTGGTACGAT-1,0
CCGCCACCACAATCCA-1,3
CCGCCGGAACTTCTCG-1,4
CCGCCGGTCAACACAC-1,1
CCGCCGTTGAGGATAA-1,3
CCGCCTGCGAATTGGT-1,1
CCGCGATTTGGTAGGT-1,0
CCGCGGAATGCGTCAC-1,4
CCGCGGGTACGAAGAA-1,6
CCGCGTAGGTAAGGGC-1,1
CCGCTATCAGCACCAG-1,0
CCGCTCTTCCGAACTA-1,3
CCGCTGGTGCCATTCA-1,1
CCGCTTACCTCACTCT-1,4
CCGCTTCGCGGTTAAC-1,2
CCGCTTGCTGACATGG-1,3
CCGGAATGGTTTCAGT-1,6
CCGGAGCGTACTTTCT-1,0
CCGGCACGACCGTTTC-1,3
CCGGCGCATATTGGAT-1,1
CCGGCGTGAGACTCTG-1,0
CCGGGACCCGCAGAGA-1,1
CCGGGCGGTCTCGTCA-1,6
CCGGGCTAAGAATTTC-1,4
CCGGGCTGCTCCATAC-1,6
CCGGGTTCGAGGTTAC-1,0
CCGGTAATGGCTAGTC-1,3
CCGGTTTGTAATTGTG-1,4
CCGTAAGTTGGTCCCA-1,6
CCGTACCCAAGCGCCA-1,3
CCGTAGGAAATCCCTG-1,1
CCGTAGGGTTGTTTAC-1,3
CCGTATCTCGTCGTAG-1,5
CCGTATTAGCGCAGTT-1,3
CCGTCAACCTCTGGCG-1,5
CCGTGCCCATGACGGC-1,3
CCGTGGAACGATCCAA-1,3
CCGTGTTAAATTCCAT-1,4
CCGTTACGTTAGAACA-1,1
CCGTTCCGAATCTCGG-1,0
CCTAAACAGGGTCCGT-1,2
CCTAAAGGCTGACGCT-1,6
CCTAAATTAACGGTTC-1,0
CCTAAATTGTATCCTA-1,3
CCTAACCCAAACAAGT-1,6
CCTAACTAAGGCTCTA-1,1
CCTAAGTGTCTAACCG-1,2
CCTACAAGTCCGGAAT-1,3
CCTACATTCACAGACG-1,5
CCTACGCGACCTTACA-1,3
CCTACGGCTCAGTCGA-1,1
CCTACTGCTTACACTT-1,1
CCTAGGCGTAGCGATC-1,6
CCTAGGTAAAGGTAGC-1,4
CCTAGTTAGTCGCATG-1,1
CCTATAATGAGTGCCC-1,6
CCTATACCGTCCTGTC-1,4
CCTATATCGTGTCACG-1,5
CCTATATTTGTCCTGG-1,4
CCTATCTATATCGGAA-1,1
CCTATGAAGTGGTGCC-1,3
CCTATGGCTCCTAGTG-1,4
CCTATGGGTTACCGTC-1,6
CCTATGGTCAAAGCTG-1,6
CCTATGTCCACTCCAC-1,1
CCTCACCAATCTTGAC-1,3
CCTCACCTGAGGGAGC-1,1
CCTCACCTTAGCATCG-1,6
CCTCATGCAGCTACGA-1,2
CCTCCCGACAATCCCT-1,1
CCTCCGACAATTCAAG-1,6
CCTCCTAGCTAGAGTC-1,5
CCTCCTGTTGTGTCGT-1,3
CCTCGAAGTGGACGGG-1,6
CCTCGACCCACTGCCT-1,3
CCTCGCCAGCAAATTA-1,6
CCTCGCGCGATATAGG-1,1
CCTCGCGCTGTGCGAT-1,0
CCTCGGACCGGGATAG-1,6
CCTCGGATGCTACCTG-1,1
CCTCGGTTTCCTTGCC-1,4
CCTCTAATCTGCCAAG-1,6
CCTCTACAAGGATTGG-1,5
CCTCTATCGATTAGCA-1,5
CCTCTCTCCCATCTAG-1,6
CCTCTGGCCTAGACGG-1,1
CCTCTGTACTATTCTA-1,0
CCTGAACGATATATTC-1,6
CCTGAATATTTACATA-1,6
CCTGACCACCGATGGT-1,0
CCTGACGCAACCTTTA-1,3
CCTGCGTTCTACGCTT-1,1
CCTGCTATTTGAGAAG-1,6
CCTGGAAACGTTCTGC-1,3
CCTGGCTAGACCCGCC-1,1
CCTGGTCGAATGTGGG-1,1
CCTGTAAGACATGATA-1,0
CCTGTACTCACGCCCA-1,0
CCTGTCACCCGGGCTC-1,6
CCTGTCCCTCACGTTA-1,3
CCTGTCGCCCGTAAAT-1,0
CCTGTGCATAGGAGAC-1,3
CCTGTGCGGATTGTAA-1,2
CCTGTTTGAAGACACG-1,1
CCTTCAGTTAAAGTGA-1,4
CCTTCGTATAGAATCC-1,4
CCTTCTCAGCGTTCCT-1,6
CCTTCTTGATCCAGTG-1,6
CCTTGACCACTTTATT-1,3
CCTTTAAGGGAGCACT-1,4
CCTTTCAATGAAGAAA-1,1
CCTTTGAATTATGGCT-1,5
CGAAACATAGATGGCA-1,1
CGAAACGCAATTCATG-1,0
CGAACAGTATGGGCGT-1,1
CGAACCCGCATGCGTC-1,4
CGAACGCCCAGTGCCG-1,6
CGAACGGCCGGACAAC-1,4
CGAAGACTGCCCGGGA-1,2
CGAAGCTATAAATTCA-1,3
CGAAGGGTTTCAGATT-1,5
CGAAGTTGCTCTGTGT-1,6
CGAATCTGCTCGACGC-1,4
CGAATGAAGTCATTGC-1,5
CGAATGACGCATAATG-1,0
CGAATTACATGGTGTT-1,3
CGACAATTTGATCTAA-1,1
CGACACGCTCCGACAG-1,1
CGACAGTTCGCGTTAT-1,0
CGACATGCGATCTTCT-1,3
CGACCCTTAACGCCGG-1,4
CGACGCATCCGTACCT-1,4
CGACTCAGGATGTTAT-1,1
CGACTTTGTATAGCCT-1,3
CGAGACCCTAGAGTGT-1,0
CGAGAGATGTGAACCT-1,6
CGAGAGCGCGTAGATA-1,6
CGAGAGCTTTCACTAC-1,1
CGAGAGGGTAGCCGCG-1,3
CGAGATGTTGCCTATA-1,2
CGAGATTTCGCTCGGG-1,3
CGAGCACTTCAAGTTT-1,3
CGAGCGTTGATCAGCC-1,3
CGAGCTGGGCTTTAGG-1,6
CGAGGCCAGGCATTGG-1,3
CGAGGCTAAATATGGC-1,6
CGAGGGACTGCGGTCG-1,6
CGAGGGTATCCAGGTG-1,0
CGAGTACTAAAGAGGA-1,4
CGAGTGAAGGTACCAG-1,4
CGAGTGCTATAGTTCG-1,3
CGAGTTCTGTCCCACC-1,6
CGAGTTTATCGGACTG-1,6
CGATAATACTCAGGTT-1,3
CGATACCTCGCGGACA-1,4
CGATAGCGATACAGTG-1,5
CGATAGTCGTACTGCA-1,1
CGATATTAGCCGCAGG-1,2
CGATCCGACCCAGTGC-1,0
CGATCCTCGCAACATA-1,5
CGATCTGTTGGAGGAC-1,5
CGATGGACCCTACGCC-1,1
CGATGTTGTTATCTAC-1,4
CGATTAAATATCTCCT-1,6
CGATTCGCCTGGCTGC-1,6
CGCAAACACGAGTTAC-1,6
CGCAATTACTTTCGGT-1,6
CGCAATTAGGGTAATA-1,6
CGCAATTCTACAATAA-1,1
CGCACATGTCCACTAC-1,6
CGCACGTCTGTTTATG-1,4
CGCACGTGCGCTATCA-1,1
CGCAGAAACATTTGCG-1,3
CGCAGATCTTCACCCG-1,3
CGCAGGCGATCCAAAC-1,3
CGCATCATGGCTTCAG-1,1
CGCATGGTGCGATGCT-1,6
CGCATTAGCTAATAGG-1,6
CGCCAAGAAGCCGAGT-1,0
CGCCACAGGTCGCGAT-1,4
CGCCACCCGCATTAAC-1,2
CGCCATCCGATTATGA-1,6
CGCCCAGCACGCCTAG-1,4
CGCCCAGCGTTTCACG-1,1
CGCCCGCTTCCGTACA-1,6
CGCCCTAATTGTTCAA-1,5
CGCCCTTACATCCACC-1,2
CGCCCTTGAAGGCTGA-1,1
CGCCGCCCATGCCTGT-1,6
CGCCGCGTTCTGAACG-1,4
CGCCGTTCAGCATAGT-1,3
CGCCTCCCTCCTCTAT-1,6
CGCCTGGCCTACGTAA-1,0
CGCCTTTAGCATGCTC-1,3
CGCGAAGTGGCATACT-1,3
CGCGACCGCGACAGAT-1,6
CGCGAGAGGGACTTGT-1,3
CGCGAGTCTGCCGGGT-1,5
CGCGCAAATGTCCAGA-1,5
CGCGCAAGGAACTACA-1,2
CGCGCATGTTTGATTG-1,4
CGCGCCCGACTTAATA-1,6
CGCGGCAGTATTACGG-1,2
CGCGGCTCAACTTGAA-1,6
CGCGGGAATTAGGCAG-1,6
CGCGGTCACAAACCAA-1,3
CGCGTCATATTAAACC-1,3
CGCGTGCTATCAACGA-1,2
CGCGTTCATGAAATAC-1,6
CGCTACGGGACATTTA-1,0
CGCTAGAGACCGCTGC-1,6
CGCTATACCGCCCACT-1,3
CGCTATTCAATGTATG-1,6
CGCTATTCTTAGGCTC-1,0
CGCTCGACATAATGAT-1,6
CGCTCTCCGTAGATTA-1,6
CGCTGAGGACGTCCAA-1,2
CGCTGGTGACTACCCT-1,1
CGCTGTGACGCCGCAC-1,6
CGCTGTGTGGATGTTG-1,5
CGCTTAGTATTGATAC-1,0
CGCTTATTCCCGGTCG-1,0
CGCTTCCACTGAAATC-1,1
CGCTTCGGTCTAAGAC-1,1
CGCTTTCATACCGGTG-1,1
CGCTTTCTTGCATTCG-1,6
CGGAAAGAATCAAACG-1,4
CGGAAATTTCACATCC-1,3
CGGAACGTAAACATAG-1,5
CGGAGCAATTTAATCG-1,0
CGGAGCATGGCGATCC-1,6
CGGAGCTTATAACACC-1,1
CGGAGTTTGAGAGACA-1,6
CGGATAAGCGGACATG-1,3
CGGATCCTCAAGGACT-1,6
CGGCAAACATCGTGCG-1,0
CGGCAATAAGATCGCC-1,3
CGGCACCGTTAGCGCC-1,1
CGGCACTCAAGAAAGT-1,3
CGGCAGGGTCGGGTTG-1,1
CGGCCACGCACAAAGT-1,0
CGGCCAGAGCGACCAT-1,4
CGGCCCAACCTGTAGT-1,3
CGGCCCAGGTATATCC-1,3
CGGCGCCATCAATCCC-1,1
CGGCTCTAAAGCTGCA-1,1
CGGCTCTTCGTCGAAC-1,3
CGGCTGCAAGATTAAG-1,3
CGGCTTTGTATGATAA-1,3
CGGGAATATAGTATAC-1,3
CGGGAATTTATGTAAA-1,0
CGGGAGCTTCAGTGTA-1,6
CGGGAGTATACCGCCG-1,3
CGGGATCAATGTAAGA-1,0
CGGGCAGCTAAACCGC-1,0
CGGGCCATAGCCGCAC-1,3
CGGGCCTTCTTTGTAA-1,0
CGGGTGTACCCATTTA-1,6
CGGGTTCGGCACGTAT-1,2
CGGGTTGTAGCTTTGG-1,2
CGGGTTTGTTAGGGCT-1,3
CGGTACTAGAATCAAA-1,6
CGGTAGAGGTGCAGGT-1,1
CGGTATAGGTATTAGC-1,1
CGGTCAAGTGGGAACC-1,6
CGGTCCGTCGCAAGCC-1,0
CGGTCTATCAACCCGT-1,1
CGGTGAAGACTAAAGT-1,6
CGGTGCAGATAGAACG-1,0
CGGTGCGCGTTGGTCC-1,5
CGGTGGGCTCCAGCCT-1,1
CGGTGTACTTGATCCC-1,1
CGGTTATCCAACAGTG-1,1
CGGTTCAAGTAGGTGT-1,3
CGGTTCCGGCTTCTTG-1,2
CGGTTGACCTGGCATA-1,0
CGGTTGAGTATCCTTC-1,5
CGGTTGGGTTCAAGTT-1,3
CGGTTTATGAAGGAAC-1,3
CGTAAACGCTTGAGTG-1,2
CGTAACTTCGACACTT-1,4
CGTACCTGATAGGCCT-1,6
CGTAGAGAGTAATTAT-1,1
CGTAGCGAATTGTCAG-1,1
CGTAGCGCCGACGTTG-1,3
CGTATTAAGAGATCTA-1,6
CGTCAAGGCTATAAAT-1,6
CGTCAATCTTTAACAT-1,2
CGTCACGTCCATTGGT-1,4
CGTCAGTGCGCACAAG-1,3
CGTCAGTTTATCGTCT-1,3
CGTCATACCATATCCA-1,3
CGTCGCATGTGAGCCA-1,6
CGTCGCGGCGGGATTT-1,2
CGTCGCTTGGTTATAC-1,5
CGTCGGATAGTGTTGA-1,1
CGTCGGGTCTAAGCGC-1,5
CGTCGTCCTTCGCGAA-1,6
CGTCTGGAAGGGCCCG-1,6
CGTGAAGTTAATTCAC-1,4
CGTGACATTGGGTCGT-1,1
CGTGACCAGTCCTCTG-1,0
CGTGCAGACTGGGACA-1,6
CGTGCATTGTCGACGC-1,0
CGTGCCCGACATTTGT-1,2
CGTGCCCTCCCGAAGA-1,6
CGTGCTTCTACCTAAA-1,5
CGTGGCCGAATATCTA-1,1
CGTGGTACCCAAAGGC-1,5
CGTGTATGGGAGCTGA-1,0
CGTGTCCCATTCGCGA-1,6
CGTGTCTCGTTACGAC-1,5
CGTGTGTTAAACCCTG-1,3
CGTTAAACTAGTTAGG-1,3
CGTTAATGTCCCGACG-1,1
CGTTAGCTCACAACTG-1,1
CGTTCAGACCCGCGAA-1,0
CGTTCATGGTGCGCGT-1,4
CGTTCTTCGCACACCT-1,3
CGTTGAATACCGCGCT-1,6
CGTTGAGCGACCGTCG-1,6
CGTTGAGTAATTGCGT-1,3
CGTTGCCCGCGTGGGA-1,4
CGTTGTAAACGTCAGG-1,3
CGTTGTAAGATTGATT-1,3
CGTTGTCGGCAATTGA-1,6
CGTTGTTTCAATTCCC-1,6
CGTTTAAGCGGAGCAC-1,1
CGTTTCACTTCGGGCG-1,1
CGTTTCGCTCATTACA-1,0
CGTTTGTGTAGAGGGT-1,5
CTAAACGGGTGTAATC-1,2
CTAAAGAATGCCTACT-1,6
CTAAAGGGAAATAGGA-1,0
CTAAAGTCCGAAGCTA-1,3
CTAAATCCGGTGTACA-1,5
CTAAATCCTATTCCGG-1,6
CTAACCGCGCGCCCGT-1,0
CTAACGAAACTTGCTG-1,1
CTAACTGATAATCGCC-1,3
CTAACTGGTCCGGTTC-1,5
CTAAGGGAATGATTGG-1,6
CTAAGTACAGGGCTAC-1,3
CTAATTCGCACGCGCT-1,6
CTAATTCTCAGATATT-1,3
CTAATTTCAACAACAC-1,1
CTACAAGAAATAACCC-1,5
CTACACTAGCTTGTTC-1,2
CTACACTCGCAGATGG-1,3
CTACATATCGCGGGAC-1,5
CTACCCTAAGGTCATA-1,6
CTACGAACTAGGTCGA-1,3
CTACGACTAGCTATAA-1,6
CTACGATCCTATCCTA-1,5
CTACGCACGGAGTACC-1,6
CTACGCCATTTCCGAT-1,6
CTACGTGTTGCCACCA-1,2
CTACTATCATAGGTTT-1,4
CTACTATCTTTCAGAG-1,1
CTACTCAAGGTATAGT-1,4
CTACTCTAGGCCCGGC-1,6
CTACTGCCACCTGACC-1,6
CTAGACATATATGTAG-1,2
CTAGACTGCATTTCGT-1,3
CTAGATAAACTCCTCG-1,2
CTAGATGTGAGTGTAA-1,1
CTAGATTTACGACGGC-1,6
CTAGCAACTAATTTAC-1,0
CTAGCATAGTATAATG-1,0
CTAGCCGATGTTATGA-1,1
CTAGGCGCCCTATCAG-1,1
CTAGGCGGCAGAGAAT-1,2
CTAGGGATAGGGACAA-1,4
CTAGGTCTGAAGGAAT-1,3
CTAGGTTCGGACGTGA-1,6
CTAGTAGAAAGGGATT-1,6
CTAGTATTCGGAATTA-1,1
CTAGTCACGTCTTAAG-1,0
CTAGTGAAGGACAGGA-1,6
CTAGTTACAACCCGGT-1,6
CTAGTTGGGCCCGGTA-1,6
CTATAAGAGCCAATCG-1,1
CTATAGGCGTTGATGT-1,5
CTATCGACGAAATACA-1,1
CTATCGGGTCTCAACA-1,0
CTATGCCCGAATGCAA-1,0
CTATGGGAAGCGGAAT-1,3
CTATGTCACTAGCCCA-1,6
CTATGTCTATTGAAAC-1,3
CTATGTGAGTCACGGC-1,0
CTATTCATGTGTCCCA-1,0
CTATTGTGTTTGGTCA-1,3
CTATTTGCTTGGAGGA-1,4
CTATTTGGTTACGGAT-1,6
CTCAAACCACTGCCCG-1,5
CTCAACTAACCCGGAT-1,1
CTCAAGACATTAGCGC-1,3
CTCACATTTACTAAAT-1,6
CTCACTGTGATACTTA-1,6
CTCACTTGGCTGGTAA-1,0
CTCAGGACTCACCTGT-1,3
CTCAGTCACGACAAAT-1,1
CTCATAAATGTGTATA-1,2
CTCATGGCTCACAATC-1,1
CTCATGGTAATTTGCG-1,4
CTCATTGCTCTAACAA-1,6
CTCATTTGATGGGCGG-1,6
CTCCCAATGAGTCGCG-1,2
CTCCCTCCTTTCGATC-1,5
CTCCGCCCACATGAGG-1,4
CTCCGGCCTAATATGC-1,6
CTCCGGCTTGTAGACA-1,2
CTCCTAAGTTATGTCT-1,3
CTCCTCCAGCTCACAC-1,0
CTCCTGTTCAAGGCAG-1,2
CTCCTTTACGCAAGTC-1,3
CTCGAATGGAACGTAT-1,3
CTCGAGACATACGATA-1,4
CTCGAGGTCGAACAGT-1,6
CTCGATATTTGCGAGC-1,1
CTCGCACCTATATAGT-1,1
CTCGCATTGCATAGCC-1,5
CTCGCCGAATGTAGGG-1,6
CTCGGGCATCGTCGGG-1,2
CTCGGGTTCTCTGGCC-1,5
CTCGGTACCACTGCTC-1,6
CTCGGTCCGTAGCCTG-1,1
CTCGGTTGTCGGCCCT-1,5
CTCGTCGAGGGCTCAT-1,5
CTCGTTACGGCTACCA-1,4
CTCGTTTCTAATGTTT-1,1
CTCTAATGCATTGATC-1,3
CTCTACACTGGCGATT-1,0
CTCTAGCCCTCGGAAA-1,1
CTCTATTTGGCTGCAG-1,6
CTCTCACAATCGATGA-1,6
CTCTCGATGTGCGCCT-1,3
CTCTCTAACTGCCTAG-1,5
CTCTGCGAAGCAAGCA-1,2
CTCTGGACGCCTGGTG-1,0
CTCTGTGCCTGCTATG-1,2
CTCTGTTTGAGGATTC-1,6
CTCTTCTATTGACTGG-1,1
CTCTTCTGGAAGTTAG-1,5
CTCTTGTCCCGCTTGG-1,0
CTGAAAGAGATCCGAC-1,6
CTGAATCCGAGACCTC-1,0
CTGAATTTATTGCCAG-1,3
CTGACATAGAAATAGA-1,2
CTGACTGCGCAGCTCG-1,1
CTGAGAAAGTTCGGCG-1,3
CTGAGCAAGTAACAAG-1,3
CTGATAGTGTATCTCA-1,1
CTGCAAATGGGCTCCA-1,3
CTGCAAGCACGTTCCG-1,3
CTGCACAACTACATAT-1,6
CTGCACCTGGAACCGC-1,1
CTGCACTCCAGTACAG-1,6
CTGCAGAGAATCAGAG-1,3
CTGCCAAGGTTGGAAG-1,6
CTGCCATGCATCACAT-1,0
CTGCCTAGCCACCAAG-1,1
CTGCCTTTAATACCTT-1,5
CTGCCTTTCTAGTAAA-1,1
CTGCGGGTGAAATGTT-1,6
CTGCGGTAGTCACGTG-1,3
CTGCGTTACGATATAA-1,1
CTGCTGAGGCCACGAA-1,5
CTGCTGTCTAACGAGC-1,2
CTGCTTGGCGATAGCT-1,6
CTGCTTTATGTCCGCG-1,3
CTGGAAATGGATGCTT-1,0
CTGGAAGACACGGTGG-1,1
CTGGACGCAGTCCGGC-1,4
CTGGATTTACACTTGA-1,4
CTGGCATCCGAATGAG-1,5
CTGGCGACATAAGTCC-1,1
CTGGCGATTTACATGT-1,1
CTGGCGCACAGGTCTG-1,6
CTGGCGGGAATAAGTA-1,1
CTGGCTCCTGCGGGAT-1,2
CTGGCTGATTCATCCT-1,1
CTGGCTGCTAACGTAA-1,2
CTGGCTGGTTGTCAGT-1,0
CTGGGATAAATAATGG-1,6
CTGGGATACGCTACCC-1,3
CTGGGATCGCCCAGAT-1,3
CTGGGCACTAGTCGGA-1,3
CTGGGCCTGCTATATC-1,0
CTGGGCGGCCAAATGT-1,3
CTGGGTAGGCAGTTAA-1,6
CTGGGTTGAGTTAAAG-1,4
CTGGTAAAGTGTGGGC-1,3
CTGGTAACACATAGAA-1,6
CTGGTAACGAGCTCTT-1,6
CTGGTCATTCCAATCC-1,3
CTGGTCCTAACTTGGC-1,3
CTGGTGAATGGGCCTA-1,5
CTGGTTCAACGCATCA-1,2
CTGGTTTCGAGCAAGA-1,6
CTGTACTTCTTAGCAT-1,0
CTGTAGCCATCTCACT-1,5
CTGTAGTGAGGATCGA-1,4
CTGTATGGTGTAGAAA-1,1
CTGTCAAATGGCTCGG-1,1
CTGTCACGCCAGGCGC-1,3
CTGTGCAGGGTAGGTC-1,6
CTGTGGTCGGGAGATA-1,1
CTGTTACCCAATCTAG-1,4
CTGTTCACTGCCTGTG-1,6
CTGTTCATCTCACGGG-1,6
CTGTTGTTCAGTCGTA-1,5
CTTAACTTCGAAGTAC-1,1
CTTACACGGTATTCCA-1,6
CTTACACTGGGAAATA-1,1
CTTAGCCTTCCACATG-1,6
CTTAGGTATAGACCAG-1,5
CTTAGTAGGCCTACAG-1,1
CTTAGTGTAGTAGCAT-1,6
CTTAGTTGAGGAATCG-1,4
CTTATGCGCTCAGGGC-1,6
CTTATGTTGACTACCA-1,2
CTTCAACTCCACTTGG-1,6
CTTCAGTGGTCGCCTA-1,4
CTTCATAGCTCAAGAA-1,1
CTTCATTGTCAGTGGA-1,0
CTTCCGCTCCGTGAAG-1,4
CTTCCTGCATATTTAC-1,2
CTTCGGCCAATTGTTT-1,3
CTTCGTAGATAGGTGA-1,0
CTTCGTGCCCGCATCG-1,2
CTTCTATGTTGAAGTA-1,4
CTTCTATTAATGCTAG-1,5
CTTCTGGGCGTACCTA-1,5
CTTCTTACGTCGTATA-1,1
CTTGACCCGAAAGATA-1,3
CTTGAGGTTATCCCGA-1,2
CTTGAGTTAGGGTAAT-1,6
CTTGCAACCGCCTCCT-1,0
CTTGCCCAGGCTCTAC-1,0
CTTGGCCAAGCTGGGA-1,6
CTTGTACTTGTTGACT-1,6
CTTGTCAACATTCGAG-1,6
CTTGTCGTACGTGTCA-1,2
CTTGTGAGGACAGCGG-1,2
CTTGTGAGTCTTTGAC-1,3
CTTGTGCTCACCGATT-1,1
CTTGTTGCTGAGTCAA-1,6
CTTGTTTATGTAGCCA-1,3
CTTTAACTTTCAAAGG-1,6
CTTTAATATTGGTCGA-1,6
CTTTACCGAATAGTAG-1,6
CTTTAGGAACACTGTT-1,6
CTTTAGTGCTATTATT-1,0
CTTTCTGTGCGGGCTT-1,6
CTTTGAAACATATTCC-1,3
CTTTGCATCGCTCTTG-1,1
CTTTGGCGCTTTATAC-1,6
CTTTGGCTTTAGTAAA-1,6
CTTTGGGATTGTTGCA-1,4
CTTTGTCGAATGCTCC-1,4
GAAACAGATGACCACC-1,1
GAAACAGCCATGCAGT-1,1
GAAACATAGGAAACAG-1,5
GAAACCATGGTGCGCT-1,3
GAAACCGAATTACCTT-1,4
GAAACCTATACAAATG-1,4
GAAACTCGTGCGATGC-1,6
GAAACTCTAATGAAGG-1,1
GAAAGAACAGCGTTAT-1,1
GAAAGCAGTGCACTTT-1,4
GAAAGCCCTTTGGACC-1,6
GAAAGTGACTAACTGC-1,6
GAAATACCTGCTGGCT-1,3
GAAATACTAAACGTTT-1,3
GAAATATCACCATCAG-1,6
GAAATATGCTTGAATG-1,3
GAAATCGCGCGCAACT-1,6
GAAATGGCGGTGTTAG-1,6
GAAATGGGATGTAAAC-1,2
GAAATTAGCACGGATA-1,1
GAAATTCACATCGCTG-1,1
GAAATTGTCTCTATAA-1,4
GAACAACTGGGATGAA-1,1
GAACACACATCAACCA-1,6
GAACAGATTACTAAAT-1,6
GAACCATCTGGGAGAC-1,2
GAACCCTCTGTGTTCT-1,6
GAACCTCGACCTACAC-1,6
GAACCTTTAACGATCC-1,6
GAACGACCGAATGATA-1,6
GAACGCGGGTCACACG-1,3
GAACGTCTCATGGTCG-1,6
GAACGTTAGGAAGACG-1,6
GAACTGTGGAGAGACA-1,0
GAACTTAGCGCCCGGT-1,3
GAAGAAACGATATTGT-1,5
GAAGAACGGTGCAGGT-1,3
GAAGACTTCAATGCCG-1,3
GAAGCAAGGCAATGTT-1,2
GAAGCCACTGATTATG-1,6
GAAGCCTGCACATTCC-1,0
GAAGCGTGAGGAATTT-1,0
GAAGCTCGGACCCGTC-1,5
GAAGCTTGCTGACCGC-1,0
GAAGGACTAAATTGAA-1,2
GAAGGAGTCGAGTGCG-1,6
GAAGGGCATAACCATG-1,0
GAAGTCAGTTGCACTA-1,2
GAAGTCTCCCTAGCGA-1,6
GAAGTGATTTATCGTG-1,4
GAAGTGCTGGATAGCT-1,1
GAAGTTTCCACTCAAT-1,0
GAATAGACGCGACCCA-1,1
GAATAGCATTTAGGGT-1,3
GAATAGCCCTGCGGTC-1,3
GAATAGTGCTCGATTA-1,5
GAATATTCGGAGTCCC-1,1
GAATCGACATGGTCAC-1,6
GAATCGCCGGACACGG-1,3
GAATCTATACTCGGAC-1,3
GAATCTGAACATTCTC-1,0
GAATGCCGAAATGACC-1,6
GAATGCGAATCGGTTC-1,6
GAATGTATGGCAGGTC-1,1
GAATGTGGTCCGGATT-1,6
GAATGTTGGGTAATCT-1,6
GAATTATAGTGAAAGG-1,0
GAATTCACCCGGGTGT-1,4
GAATTTCTCGCTGCAG-1,6
GACAAACATATGCAGG-1,1
GACAACGACCATTGAA-1,6
GACAACGCAGCTTACG-1,6
GACAAGAGATGAGATT-1,2
GACACAAGGGAAGAAA-1,0
GACACGAGTTAGAGGA-1,1
GACACTGAGTTCAGTG-1,4
GACACTGGAACCCGAT-1,3
GACAGATTTCTGGCTC-1,6
GACAGCCAGACCTGAC-1,6
GACAGGCACACACTAT-1,0
GACATCCGTCGAACTG-1,6
GACATCGATTTATAAC-1,5
GACCAAACGTTGACTG-1,3
GACCAGAGCCCTGTAG-1,0
GACCAGGTCATTCATA-1,3
GACCCAATTATGATAC-1,5
GACCCGTCGCCGGCTA-1,3
GACCGACGTGAAAGCA-1,3
GACCGACTGAAGCGTC-1,6
GACCGATTAAATATGT-1,5
GACCGCGTCTGACGTG-1,3
GACCGTCAGGTCGTGA-1,1
GACCGTGCTGACGGTG-1,4
GACCTTCCACGTCTAC-1,6
GACGACGATCCGCGTT-1,6
GACGAGGCTAATAAAC-1,1
GACGCATACCCGTCGG-1,5
GACGCCGTAAAGGCTA-1,4
GACGCCTGTTGCAGGG-1,3
GACGCTTGCTTCTAAA-1,0
GACGGACCGCGTTCCT-1,3
GACGGGATGTCTTATG-1,3
GACGGGTTGGCCCGTA-1,4
GACGGTCAATAGAAGC-1,1
GACGTGAGACTCCATG-1,2
GACGTGTAGGGATTAT-1,2
GACTAACACAGCACCT-1,3
GACTAAGATCATGCAC-1,6
GACTAAGTAGGCTCAC-1,6
GACTACAAAGCGGTGG-1,5
GACTACAATTGCTCGT-1,3
GACTAGGCCGTTAGGT-1,6
GACTCACCCACGTGAG-1,1
GACTCCCAGAATAAGG-1,3
GACTCCTTCCAATTGA-1,5
GACTCGCGGGAATGAC-1,1
GACTCGGTCGGCGGAT-1,2
GACTGATTGGTCACAA-1,3
GACTGCAAATCGAGCT-1,6
GACTGCACCAGCCCAG-1,6
GACTGCGGCACGTGTA-1,1
GACTGCTGGTGAGAAA-1,5
GACTGGGCGCCGCAAC-1,3
GAGACTGATGGGTAGA-1,0
GAGACTTCGCGACCGA-1,0
GAGAGGGCGCGAGGTT-1,0
GAGAGGTGCATTCTGG-1,4
GAGAGTCTCGGGAGAG-1,4
GAGATCTGCTTGGCAT-1,6
GAGATCTGTCACTCCG-1,6
GAGATCTTCCATGACA-1,6
GAGATGGGAGTCGACA-1,6
GAGCACCTGTGTCCAG-1,6
GAGCATCAACAACTTG-1,5
GAGCATCATCCCTGGG-1,3
GAGCCACGGTAGTAGG-1,3
GAGCCAGCTACCTGTG-1,6
GAGCCGAGCGTTTATT-1,3
GAGCGAGGGAGTACCG-1,1
GAGCGCAAATACTCCG-1,3
GAGCGCGCACGAGTAG-1,1
GAGCGCTATGTCAGGC-1,2
GAGCGCTGTTAGGTAA-1,5
GAGCGGAATGCGGTGT-1,0
GAGCTAAGGGCATATC-1,6
GAGCTCTCGGACCTAA-1,3
GAGCTGTCGTCTCGGA-1,3
GAGGAATGGAGAGGTT-1,6
GAGGAGATCCTCATGC-1,2
GAGGAGTAATTCCTAC-1,0
GAGGATAAACAGTGCT-1,3
GAGGCCCGACTCCGCA-1,5
GAGGCCTGTTGATACA-1,3
GAGGCTATCAAAGTCG-1,6
GAGGGAGTCAGATCGC-1,4
GAGGGCATCGCGTATC-1,3
GAGGGCGCAGCTCTGC-1,6
GAGGGTAGTAACAAAG-1,5
GAGGTACATCCATCTT-1,1
GAGGTACGCGTGTCCC-1,6
GAGGTCCCAAAGATCT-1,1
GAGGTCTTAGTGGGTC-1,3
GAGTAAACCGGAAAGT-1,3
GAGTAAGGCCACGGGA-1,4
GAGTACGGGTATACAA-1,1
GAGTAGATACTAGTTG-1,6
GAGTATGCCCGCCTTG-1,5
GAGTATGCGCGTGCAT-1,6
GAGTCAGACCAGAATC-1,4
GAGTCCGCTTACCGGA-1,0
GAGTGTCAACCAGAAA-1,6
GAGTGTGCGGTACCCA-1,6
GAGTTGATGGCAATTT-1,4
GAGTTGTCACCAGTCT-1,5
GATAAATCGGTGGATG-1,3
GATAACTCGCACTGTG-1,6
GATAAGGCAGATGCAA-1,2
GATACGATGGGAGTCA-1,4
GATAGGTAACGTTGAC-1,4
GATAGTGCGAGTAAGT-1,4
GATATCTCATGCAATA-1,1
GATATGAGACACTAAC-1,6
GATATGCGGTAGCCAA-1,1
GATATGGATTACGCGG-1,1
GATATTGAGATTGGCG-1,1
GATATTTCCTACATGG-1,1
GATCAACATAAAGGGA-1,5
GATCATTCCAAACATT-1,6
GATCCCTTTATACTGC-1,6
GATCCGGGAATTAACA-1,6
GATCCTAAATCGGGAC-1,1
GATCCTCGACACTGGC-1,5
GATCCTCTTGCGCTTA-1,1
GATCGACACTATCTGA-1,6
GATCGCGGGCTCTCCA-1,0
GATCGCTACCCGATTT-1,1
GATCGCTATATCTCAG-1,4
GATCGGATAGAACCAT-1,6
GATCGGCGATAAGTCG-1,3
GATCGGTGGCCATAAC-1,6
GATCGTGACTGATATC-1,6
GATCTCGACGCTGTGG-1,2
GATCTGCTATCTAAGG-1,0
GATCTTGGAGGGCATA-1,0
GATCTTTGCAGGGTAT-1,0
GATGACAAGTAGGGCA-1,4
GATGACGATGATCGCG-1,2
GATGAGGAACCTTCGG-1,1
GATGATTTGAAACTGG-1,2
GATGCCACACTACAGC-1,3
GATGCCAGCAGAAGGC-1,2
GATGCCTTCTGCGGCA-1,5
GATGCGTCCTGCATTC-1,0
GATGCTACAAGCGCCT-1,1
GATGCTGTATTTCATC-1,6
GATGGCGCACACATTA-1,3
GATGGTGCCCTAGGCA-1,1
GATGTAACGAACCACC-1,5
GATGTCCGGATCACAT-1,2
GATGTCGGTCAACTGC-1,1
GATGTGTTGTCACAAG-1,3
GATGTTCAATCCACGA-1,4
GATGTTTGTGCGAGAT-1,6
GATTAACCGAAAGCCC-1,1
GATTAATCCTGGCTCA-1,2
GATTACTGAATTTGGG-1,0
GATTCCCTTGTCGCAG-1,6
GATTCCGCGTTTCCGT-1,1
GATTCCTATACGGCGC-1,1
GATTCGACGGTTCACG-1,6
GATTGACACTCTGCTC-1,3
GATTGCTCCAGTTGCA-1,5
GATTGGGAAAGGTTGT-1,6
GCAAACCCTACATTAT-1,1
GCAAACCTTGGCCATA-1,0
GCAAACGTAAGCGACC-1,5
GCAAACGTCGCCAGGT-1,3
GCAAAGGGCGTTAGCC-1,5
GCAAATATTACGCTTT-1,0
GCAACACACTAGAACT-1,0
GCAACAGCAGTATGCG-1,3
GCAACCACCAGACCGG-1,1
GCAACCACGGCCGCGT-1,0
GCAACGGCTAGTTATG-1,3
GCAAGAATTCCTTGGC-1,5
GCAAGATGTGTTCGCG-1,3
GCAAGTGCACAGAGAA-1,6
GCAAGTGTAAAGCATG-1,4
GCACAAACCCTAGATG-1,5
GCACAAACGAGGCGTG-1,3
GCACAACCTCGGGCGT-1,5
GCACAAGTGTCGGAAG-1,1
GCACACACTGGTAGCC-1,1
GCACACGCCCATGGTC-1,1
GCACAGCACGGGCCGA-1,4
GCACGCCTACTTAGAT-1,5
GCACGTGGTTTACTTA-1,3
GCACTAGTCGCGCTAT-1,1
GCACTGCCTACCTTTA-1,6
GCACTGTGCAAATGTA-1,2
GCAGACCCAGCACGTA-1,1
GCAGATCCATAAGACT-1,6
GCAGATCCTCGCAAAT-1,1
GCAGATTAGGGATATC-1,6
GCAGCACACAGCCCAG-1,0
GCAGCCTATATCACAT-1,3
GCAGCGGTGGGCATTA-1,2
GCAGGAACTTAGATCT-1,4
GCAGGACTATAGAATA-1,0
GCAGGTAGAGTATGGT-1,1
GCAGTGTGGCTATAGG-1,1
GCATACGAGGTCTTTA-1,6
GCATAGAGCACTCAGG-1,0
GCATCCCTAACTTTGA-1,1
GCATCGGCCGTGTAGG-1,6
GCATGAGGGACGCGGC-1,6
GCATTCAAGGCAACGC-1,3
GCATTCGAAATGAACA-1,1
GCATTGTAATTCATAT-1,0
GCATTTCCAAGGCTCC-1,3
GCCAACCATTTCCGGA-1,3
GCCAAGAATACTTCTG-1,0
GCCAATAGGGCATCTC-1,1
GCCACAATTTAAGGAC-1,4
GCCACTCAGAGCGCGA-1,1
GCCAGGAAAGAACACT-1,4
GCCAGGAGTAACCGAT-1,1
GCCAGGCGTTCGCATG-1,1
GCCATATTGCACACAG-1,1
GCCATCGAGCTGCGTG-1,4
GCCATCGATGCTGCAT-1,3
GCCATTAGCCTCAAAC-1,4
GCCCACCAAGGCTGTC-1,3
GCCCAGTTGGTATGCC-1,1
GCCCATGGGTGCAATG-1,3
GCCCGACTTCTTCCCG-1,4
GCCCGAGAGTCTAAAT-1,5
GCCCGATCTGTGGTCG-1,0
GCCCGCGCGTAAACGG-1,5
GCCCGCGCGTTTGACA-1,6
GCCCGTAATACCTTCT-1,6
GCCCTAGCCGTCGCGA-1,5
GCCCTGAGGATGGGCT-1,6
GCCGAAATTCCTACGT-1,0
GCCGACCCACGACTGC-1,5
GCCGATTGGCCAAGCT-1,0
GCCGCATTAGTCCGGC-1,6
GCCGCTAGATACGCAG-1,3
GCCGCTTGTGAGAAAC-1,0
GCCGGAAACACATCTT-1,2
GCCGGGTTAGGGTCGC-1,0
GCCGGTTTGGGCGGAT-1,1
GCCGTCGGTTTCGGGC-1,4
GCCGTGGAAGAAATGT-1,3
GCCTAGCGATCTGACC-1,1
GCCTATAGTGTCAGGG-1,6
GCCTATTCCGATATAG-1,1
GCCTATTTGCTACACA-1,3
GCCTCATCTGGAAATA-1,1
GCCTCCGACAATTCAC-1,1
GCCTCTATACATAGCA-1,6
GCCTGCTACACTGAGA-1,2
GCCTTCAGCCCTACCG-1,1
GCCTTGTATATGCAGT-1,3
GCCTTTGTCAGTGGAC-1,5
GCGAAACGATCGGGAG-1,1
GCGAAACTTAACTGGA-1,6
GCGAAGAATCTGACGG-1,1
GCGAAGCCATACCCGT-1,0
GCGACATGTAAACATC-1,3
GCGACCCAACCATCTG-1,4
GCGACGATAGTTGTAC-1,4
GCGAGAAACGGGAGTT-1,2
GCGAGAGGCCATGTAA-1,3
GCGAGAGTTGCGTCCA-1,1
GCGAGCGCATGCTCCC-1,3
GCGAGGCCCGAGCAGA-1,0
GCGAGTTCTGCAAAGA-1,0
GCGATTCTGGAAGCAG-1,1
GCGATTGTTAACGTTA-1,6
GCGCAAATATATTCAA-1,5
GCGCAAGAGCGCGCTG-1,1
GCGCATCCAGTCAGCA-1,1
GCGCCGTTCCACGATA-1,0
GCGCCTCCCACTCCGA-1,3
GCGCGGTCTAGTAACT-1,4
GCGCGTCATTGGTACA-1,6
GCGCTAAGTATGCATG-1,3
GCGCTAATTGAATAGA-1,0
GCGCTATGCCGAGGCA-1,4
GCGCTGATCCAGACTC-1,1
GCGCTGCTTTGCATTT-1,1
GCGCTTAAATAATTGG-1,1
GCGGACCGCGTTGTGG-1,5
GCGGAGAAACTTCGCA-1,5
GCGGAGAGGGAGAACG-1,6
GCGGCAAAGTATTGCC-1,4
GCGGCTCTGACGTACC-1,0
GCGGGAACCAGGCCCT-1,6
GCGGGCGAGCCTTACC-1,4
GCGGTCCCTAGACGCA-1,3
GCGGTGAACTGCGCTC-1,1
GCGGTTCCCTATCATG-1,4
GCGTAAATGGCCATAA-1,1
GCGTCCCTAAGACATA-1,4
GCGTCGAAATGTCGGT-1,6
GCGTCGCCAGGGTGAT-1,0
GCGTCTCTGCATTGGG-1,0
GCGTGGTACTGGGTTA-1,1
GCGTGTATGTCGTATT-1,3
GCGTTATATTTGGAAC-1,1
GCGTTCGGAGACCGGG-1,3
GCTAAACCTGAGGTGA-1,3
GCTAACTGAAGTCTGA-1,1
GCTAAGTAAAGGCGAT-1,3
GCTAAGTAGTTTCTCT-1,6
GCTAATACCGAATGCC-1,6
GCTACAATCGAGGATA-1,3
GCTACAGTACGGACCG-1,6
GCTACGACTTATTGGG-1,6
GCTACTATAGTAGAGT-1,1
GCTAGACCGTCTACTG-1,3
GCTAGAGTAGAGATGT-1,1
GCTAGCAGGGAGTGGG-1,3
GCTAGCGATAGGTCTT-1,5
GCTAGCTTGAATAGCT-1,5
GCTAGGCACCACGGAG-1,6
GCTAGTAGAGCTTGTA-1,0
GCTAGTTTCATTGAGG-1,1
GCTATACGTCTCGGAC-1,1
GCTATCATACTCATGG-1,6
GCTATCGCGGCGCAAC-1,3
GCTCAATCCGTTTATT-1,5
GCTCAATGTAATACCG-1,0
GCTCATTACTGCATGT-1,1
GCTCCCAGTCGGTCCA-1,3
GCTCCGCTCGCTTCAG-1,3
GCTCCGGACGTTGATA-1,2
GCTCCTGACATACTGG-1,5
GCTCGCGGTTCCGCTC-1,1
GCTCGCTCATGTCCAA-1,1
GCTCGGAATTTAAAGC-1,1
GCTCTAAACCCTGACG-1,0
GCTCTATGTTACGTGC-1,6
GCTCTCGGGTACCGAA-1,6
GCTCTTTCCGCTAGTG-1,4
GCTGAATCTTCCAATC-1,5
GCTGAGGCGTGAGTAT-1,0
GCTGCACGGTTTCTTA-1,6
GCTGCTAAGTAGTCGA-1,0
GCTGCTACTGCGTAGC-1,6
GCTGCTCTCCGGACAC-1,0
GCTGGACCCAAAGTGG-1,3
GCTGGCATATTCACCT-1,6
GCTGGCGGCGCATGCT-1,0
GCTGGGTCCGCTGTTA-1,0
GCTGGTTTAGGCCATA-1,5
GCTGTATTACTGGCCC-1,5
GCTGTCTGTGATCGAC-1,3
GCTGTTGCTACCGAAC-1,1
GCTTAATGTAACTAAC-1,1
GCTTACGTAGTTAGTA-1,3
GCTTATGAAGCAGGAA-1,6
GCTTCCATGTAACCGC-1,1
GCTTCCGTCCCTAGAC-1,1
GCTTCGACGTTCAATC-1,5
GCTTGATGATAATCAG-1,1
GCTTGGATCGATTAGG-1,1
GCTTTCAGAGGAGGTG-1,1
GGAAACCTTGTTGAAT-1,3
GGAAACTAAATGGGCC-1,3
GGAAAGTGCCCATGCC-1,1
GGAACCGTGTAAATTG-1,4
GGAACCTTGACTCTGC-1,5
GGAACGGCCTGCAGCC-1,1
GGAACTTTGGCGATTA-1,3
GGAAGCTCGCTTACAG-1,1
GGAATAACCTCAAGAA-1,3
GGAATGCGCTAGCGTG-1,6
GGACACAAGTTTACAC-1,3
GGACCAACAGGATAAC-1,6
GGACCTACGGTAACGT-1,3
GGACCTCTAGGCCGCC-1,5
GGACGGCTTGCGCAAC-1,3
GGACTCGACAGCGCAT-1,4
GGACTCGTGAGTGGTC-1,5
GGAGAAGTCATTGGCA-1,6
GGAGACCATCTACATA-1,4
GGAGACGACACCTTTG-1,0
GGAGCAACATTTCAAG-1,3
GGAGCACCAAGAACTA-1,6
GGAGCGAGGCCTACTT-1,6
GGAGGATTGAAAGGAG-1,1
GGAGGCCGAAGTCGTC-1,3
GGAGGCGAAGAACCGC-1,2
GGAGGGCTTGGTTGGC-1,6
GGAGGGTCAAGTAAGA-1,3
GGAGTGCCGCCCTGGA-1,1
GGAGTTGATTCTGTGT-1,3
GGATACTCATGAATTG-1,3
GGATCAAAGGACGAGG-1,3
GGATCATCCCGTACGC-1,3
GGATCCCTACCAGCTA-1,2
GGATCCGGAATATACT-1,6
GGATCTTACTGCCCTT-1,5
GGATCTTGACTCAACC-1,4
GGATGAAGATCGCTGA-1,1
GGATGACGCGAGTTTA-1,0
GGATGCTGGCGTTCCT-1,0
GGATGTCCTTACCGCA-1,6
GGATTAAGCTAAGGTC-1,3
GGATTCAGTACGGTGG-1,3
GGATTCCGCTATACCC-1,6
GGATTGAAGTAGCCTC-1,2
GGATTGCTGTGACTCC-1,1
GGATTTCACTTCTATA-1,6
GGCAAAGGCGCCAATA-1,5
GGCAAATTACTTTACT-1,4
GGCAAGCCCATAGTGG-1,0
GGCAAGGCGAAATAGC-1,0
GGCAATAGTCAATGAG-1,6
GGCACTCCACTGGGCA-1,0
GGCAGCAAACCTATGC-1,3
GGCAGCGGTAATCCTA-1,3
GGCATACAGGTAGCGG-1,0
GGCATATCGGTTCTGC-1,1
GGCATCAACGAGCACG-1,3
GGCCACAAGCGATGGC-1,2
GGCCCTCACCCACTTA-1,6
GGCCGAGACTCTGGTG-1,5
GGCCGGCGTCTGCTAT-1,6
GGCCGTTTGGGTTTCA-1,5
GGCCTGCTTCTCCCGA-1,3
GGCGAAATCTAACTTG-1,6
GGCGAGCATCGAGGAC-1,2
GGCGAGCGAAACGGCA-1,4
GGCGCAGGACATCTTC-1,0
GGCGCATGAATTGATG-1,4
GGCGCGGAGATCTTTC-1,1
GGCGCGTTCGAGTTTA-1,4
GGCGCTCCTCATCAAT-1,3
GGCGCTTCATTCCCTG-1,6
GGCGGAGTAATATTAG-1,6
GGCGGTAGGATCATTG-1,6
GGCGGTTTGCCGGTGC-1,3
GGCGTACCCTATATAA-1,2
GGCGTAGGGAAAGCTG-1,1
GGCGTCCTATCCGCTG-1,6
GGCTAAAGGGCGGGTC-1,3
GGCTACTATACACTCC-1,5
GGCTATTAAGTTGTAT-1,0
GGCTCCTCCACCTGTT-1,5
GGCTCGCGTTGAGGTA-1,6
GGCTCGTGCCACCAGC-1,1
GGCTCTGCTCCAACGC-1,6
GGCTGAAATAGCAAAG-1,6
GGCTGAGCATCGTAAG-1,3
GGCTGGCTAGCTTAAA-1,3
GGCTTTCAATAAGGGT-1,0
GGGAACCACCTGTTTC-1,2
GGGAACGGGAGGTTAG-1,0
GGGAACGGTTTCAGAT-1,5
GGGAAGACGGTCTGTC-1,6
GGGAAGGGCTTTCTCA-1,1
GGGAATGAGCCCTCAC-1,3
GGGACAGAGTTACTCC-1,5
GGGACCCGTATATCTT-1,4
GGGACTGCATAGATAG-1,6
GGGAGAACTCACAGTA-1,0
GGGAGGATGCCCGAAA-1,0
GGGAGTAATGGCTGGC-1,3
GGGAGTTAATGAGGCG-1,6
GGGATGGACCCGCGTC-1,5
GGGATGGTCGTAACCG-1,4
GGGATTTACCGCACCT-1,6
GGGCAACCGCACGTGC-1,5
GGGCAGAGCAATCGTT-1,0
GGGCAGGATTTCTGTG-1,5
GGGCCATTCGTGCTGG-1,5
GGGCCCGTCTTAAACA-1,4
GGGCCCTACGAAAGGG-1,6
GGGCCGGCCGAAGTAC-1,6
GGGCCTAAATGGGCTA-1,0
GGGCGATATGTGTGAA-1,6
GGGCGGCAAATGAATT-1,4
GGGCGGGTTCCCTACG-1,0
GGGCGGTCCTATTGTC-1,3
GGGCGTACATTTATAT-1,6
GGGCGTCACCACGTAA-1,4
GGGCGTCCACTGGCTC-1,1
GGGCGTGGTTTCCCAG-1,6
GGGCGTTTACATTCAT-1,5
GGGCTATGATCGATGG-1,4
GGGCTCATCGAACCCA-1,6
GGGCTGCCTAGGGCGA-1,0
GGGCTGGTTAGTCGCG-1,0
GGGTAATGCTGTGTTT-1,6
GGGTACACTCTGGAGG-1,2
GGGTACCCACGGTCCT-1,3
GGGTACTTCATGAACT-1,0
GGGTATGTATGCACTT-1,1
GGGTATTCTAGCAAAC-1,5
GGGTCACCGTGACGGT-1,0
GGGTCACGTGCTTATG-1,2
GGGTCAGGAGCTAGAT-1,0
GGGTCATGCGTACCAT-1,3
GGGTCGTGGCAAGTGT-1,3
GGGTCTATCGCTTTCC-1,2
GGGTGACACCTTAACT-1,4
GGGTGCATATGAAAGC-1,3
GGGTGGTCCAGCCTGT-1,1
GGGTGTTTCAGCTATG-1,6
GGGTTAACATTTGAGT-1,4
GGGTTCAGACGAACAA-1,3
GGGTTTAGGATAGGAT-1,3
GGTAAACTCTGCGCTG-1,6
GGTAAATGTGCGTTAC-1,1
GGTAACCGGGAGGATA-1,5
GGTAACTATGTATCTG-1,3
GGTACAAACATGCTAT-1,4
GGTACATCTGGGACGA-1,6
GGTACCATTAAGACGG-1,1
GGTAGAAGACCGCCTG-1,6
GGTAGACCGTTGGGCG-1,4
GGTAGTGCTCGCACCA-1,6
GGTATAGTGACACATA-1,3
GGTATTGCCGAGTTTA-1,0
GGTCAAGACTACTTCG-1,3
GGTCACGTTAGATTCA-1,2
GGTCAGTGGGTCCCAC-1,4
GGTCATTGTAGTCATA-1,4
GGTCCTTCATACGACT-1,6
GGTCGGATAAACGGCG-1,1
GGTCGGCCAGGAGCTT-1,6
GGTCGGTAATTAGACA-1,3
GGTCGGTCGTCCACAG-1,4
GGTCGTAAGCTCGCAC-1,4
GGTCTCCGTCCAGGTT-1,1
GGTCTCTGAATGGACT-1,5
GGTCTGAGAATCTGGA-1,6
GGTCTTGAGCGCTCTT-1,6
GGTGAAACCGGGAATG-1,2
GGTGAACGGGCTAGCC-1,2
GGTGAAGTACAGGGAT-1,5
GGTGAGATGCAGATAA-1,3
GGTGATAAGGAGCAGT-1,6
GGTGATTTCATCTTGT-1,3
GGTGCAGAGCCTATCG-1,3
GGTGCATAAATGATTA-1,4
GGTGCGGATAAGTGGC-1,1
GGTGCTGATCACAAAG-1,1
GGTGCTGGTACACATT-1,4
GGTGGACCACGTGTTA-1,3
GGTGGACTGCTCTGGC-1,6
GGTGTAAATCGATTGT-1,0
GGTGTTCTGTTTCTAC-1,3
GGTTACCACCCTCGGG-1,4
GGTTAGCTATATGTCT-1,6
GGTTAGGCTTGGAGAA-1,6
GGTTAGTTACGGCGCC-1,1
GGTTCCACCCGCTTCT-1,3
GGTTCTACTCGTCTGA-1,1
GGTTGTATCGTGAAAT-1,2
GGTTGTGTAGCCTGGC-1,1
GGTTTAATTACCATCG-1,4
GGTTTACAATCTCAAT-1,6
GGTTTAGCCTTTCTTG-1,1
GGTTTCAATCGGTCAG-1,6
GGTTTGAGTGCTGGAA-1,3
GGTTTGTGACCTGAGG-1,3
GTAACATCTAAGATAA-1,3
GTAACTGCCCAAGGAG-1,4
GTAACTTGCGGCAGTC-1,3
GTAAGCGGGCAGTCAG-1,6
GTAAGGATTTGTCGGA-1,1
GTAAGTAACAGTCTGG-1,6
GTAAGTAGGGTATACC-1,6
GTAATAAAGGGCTCCC-1,1
GTAATCTGATTCTTCG-1,4
GTACACTTACCTGAAG-1,0
GTACAGAGGCAAGGGT-1,6
GTACGACGGCGCTGCG-1,3
GTACGAGATTGCGACA-1,6
GTACGCTTCATTGCAC-1,6
GTACGTCACGTATTAA-1,3
GTACGTTTGCCCGTCA-1,6
GTACTAAGATTTGGAG-1,6
GTACTCCCTTATCGCT-1,6
GTACTCCTGGGTATGC-1,1
GTACTGAGGTCGTAAC-1,3
GTACTGCATGAAGCGT-1,6
GTACTGGAGTTAGACC-1,6
GTACTTGGGCACTTCT-1,3
GTAGAAACGGGTGGAG-1,3
GTAGACAACCGATGAA-1,3
GTAGACACGCCTGACT-1,6
GTAGACGTCGTTACAT-1,3
GTAGAGGGAGACAAGT-1,5
GTAGCCAAACATGGGA-1,6
GTAGCGCTGTTGTAGT-1,3
GTAGCGGCTATACACT-1,0
GTAGCTAGTAAGCGCG-1,3
GTAGCTCCGGGAGGCT-1,5
GTAGCTTCCTCTTGTT-1,1
GTAGGTGATCCGTGTA-1,1
GTAGTCGCGGGAATCA-1,6
GTAGTCTACGATATTG-1,6
GTAGTTCGAAGGCGAA-1,4
GTATAATCTCCCGGAT-1,2
GTATAGGACTCAGTAG-1,6
GTATAGTGGCCCATGT-1,3
GTATATGTTACGGCGG-1,2
GTATCAAACGTTAGCT-1,1
GTATCAGCTTGGGTTC-1,1
GTATCCTTTGGTAACC-1,1
GTATCGGGACGAGCTG-1,2
GTATCTCAGTCTTGAC-1,5
GTATCTCCCTAACTGT-1,2
GTATCTTGTTGCTCAC-1,2
GTATCTTTCATAACCA-1,0
GTATGAAATTTCACTC-1,4
GTATGACGTGGGAAAC-1,2
GTATGTGGGTCTAGTT-1,1
GTATTAAGGCGTCTAA-1,1
GTATTCTGAGAAACGA-1,5
GTATTTAATGGCATAA-1,1
GTCAAAGAAGTGGTGT-1,5
GTCAAAGTTTACATAG-1,3
GTCAACCAGGCCTATA-1,3
GTCAAGCGGACTCGGG-1,6
GTCAATTGTACTGAAG-1,2
GTCACAAAGTTTCCAA-1,3
GTCACCTGTCTATGTC-1,3
GTCACTCTCCAAATCT-1,6
GTCAGAATAGTCTATG-1,6
GTCAGTTGTGCTCGTT-1,1
GTCAGTTTGGTAGTCG-1,1
GTCATCTCCTACAGCT-1,2
GTCATGCACCTCCGTT-1,0
GTCATGCGCGAGGGCT-1,3
GTCATGGACATGACTA-1,6
GTCATTAGAGCGAACG-1,0
GTCATTGCATTGACCC-1,6
GTCCAATATTTAGCCT-1,0
GTCCATTACTGCTACG-1,3
GTCCCAACGTAAAGTA-1,6
GTCCCGCGACGTTATG-1,6
GTCCGGACCTGAAATT-1,6
GTCCGGCTGAATTGCG-1,6
GTCCTACAGGCGGCTC-1,3
GTCCTACGAATAGTCT-1,1
GTCCTAGGATACCTTA-1,5
GTCCTTCTAGTGGGTT-1,1
GTCCTTTAATGACTTC-1,3
GTCGAATTTGGGCGCT-1,5
GTCGCCGTTGTGTGTT-1,5
GTCGCGTAACCCGTTG-1,6
GTCGGATATCTCAGAC-1,6
GTCGGATGTAGCGCGC-1,6
GTCGGGAAGCAGAAAC-1,0
GTCGTACCATCTCGGG-1,0
GTCGTATTGGCGTACA-1,1
GTCGTCAATTATAAGG-1,3
GTCGTGTCTGGTCATC-1,3
GTCGTTATTCGCTTAT-1,6
GTCTACTCAATTACAA-1,6
GTCTAGTGAGCCGCTT-1,1
GTCTATCTGAGTTTCT-1,0
GTCTATTGGTTCCGGT-1,6
GTCTCAAGGCCCGGCT-1,0
GTCTCCTGCCAGTATG-1,5
GTCTCGACTAAGTTTG-1,3
GTCTCGATCTGCTTTC-1,6
GTCTCGCCAACACGCC-1,3
GTCTGGGCGGTCGAGA-1,4
GTCTGTAGGTTGAACA-1,4
GTCTTAGTACAGCCGG-1,1
GTCTTGAGGAGCAGTG-1,3
GTCTTGTAGCTATTCA-1,3
GTGAAACGGCGCCACC-1,1
GTGAAACGTGCTCCAC-1,3
GTGAACTCCCATTCGA-1,1
GTGAAGATTTCAAGTG-1,3
GTGAAGCCGTATAGTC-1,3
GTGAAGTCACGACTCG-1,4
GTGACAGCTTCCCACT-1,6
GTGACCGCACACTACG-1,6
GTGACGAGGGTGACCC-1,3
GTGACGCAGGTTTCAT-1,6
GTGACTTCAGTAGTGC-1,4
GTGAGATAACCTTATA-1,4
GTGAGCGTGCTGCACT-1,6
GTGAGGACACTTAAGG-1,6
GTGAGGAGCGGTTGAG-1,1
GTGAGTGGTACAACGC-1,0
GTGATCAAGCGTGCAC-1,5
GTGATCACTAACGCCT-1,1
GTGATCATAGATCTGC-1,0
GTGATCCTTGTCATGA-1,6
GTGATGCACAACATCT-1,3
GTGATTCGCCGCTCAA-1,4
GTGCAACAAATGTGGC-1,1
GTGCACCAGCTTCAAC-1,0
GTGCACGAAAGTGACT-1,6
GTGCCATCACACGGTG-1,0
GTGCCCGTTCGGATTC-1,6
GTGCCGCTTCAAAGGT-1,4
GTGCCTAGCTATGCTT-1,2
GTGCCTCAGTGTACGG-1,1
GTGCGAAATCGAACAC-1,4
GTGCGACAGGGAGTGT-1,1
GTGCGCAGCTTGCTCC-1,2
GTGCGCTTACAAATGA-1,3
GTGCGGGACCATCGGC-1,2
GTGCGGGTCTCCAAAT-1,6
GTGCGTGTATATGAGC-1,6
GTGCTCAAGTACTGTC-1,0
GTGCTTACATCAGCGC-1,3
GTGGAACCTACATGCG-1,1
GTGGACCAACCCGATT-1,4
GTGGACGCATTTGTCC-1,0
GTGGACGTGCTGAGAC-1,1
GTGGAGCGTTTACCGA-1,5
GTGGAGTCGGCGGTTG-1,5
GTGGCAAACAGCGGCA-1,5
GTGGCCGGTTTCTCGG-1,5
GTGGCGGGCCGTAGCT-1,3
GTGGCGGTCCCAGCGT-1,0
GTGGCGTGCACCAGAG-1,2
GTGGGAAGACTGAATC-1,0
GTGGGCTTAGACACAC-1,6
GTGGTATAGTCTGCCG-1,5
GTGGTCAGCGAAGTAT-1,3
GTGGTGGCCAAGTGAA-1,6
GTGGTTACTTCTTTCG-1,3
GTGGTTTCCGCCTTTC-1,0
GTGTACCTTGGCTACG-1,6
GTGTATATCAGCGGGC-1,6
GTGTATGACTTTAAAG-1,2
GTGTCAGTGTACGTGG-1,4
GTGTCCGATAAGGCAT-1,3
GTGTCGTATAGCGTTC-1,1
GTGTGAATAACTTAGG-1,6
GTGTGAGCCGAGGTGC-1,3
GTGTTACTATGCGTCC-1,6
GTTAAAGTAGGACTGG-1,6
GTTAACATCACTTAAA-1,6
GTTAACTATGTTGTCA-1,3
GTTAAGGGTGCGATGT-1,6
GTTAAGTTAGAGTGGG-1,3
GTTAATGTCTATCTTA-1,6
GTTACAATTGGTGACG-1,6
GTTACCTACAACTTGC-1,0
GTTACGAAATCCACGC-1,2
GTTACTTTGGGCCTAG-1,4
GTTAGAGTGTGCCGCT-1,1
GTTAGCCCATGACATC-1,6
GTTAGCCGTAAATCAA-1,3
GTTAGGCTACCCGTTT-1,4
GTTATAATACGGTGAA-1,3
GTTATATTATCTCCCT-1,4
GTTATCACCTTCTGAA-1,3
GTTATTAAATACGACC-1,3
GTTATTAACGTGGGAG-1,1
GTTCAATCTATGTCAA-1,3
GTTCACAGGAGTCTAG-1,6
GTTCAGTCGCCAAATG-1,4
GTTCATCGTTTGGCTG-1,1
GTTCCAAGACAGCGAC-1,2
GTTCCAGTCTGACCAT-1,1
GTTCCGTCCGCCTGCA-1,4
GTTCGCCATAAGTGCC-1,0
GTTCGCTGAGACGTCT-1,3
GTTCGGATCGGGAACA-1,1
GTTCGGGCGTACCATT-1,1
GTTCGTCTAAAGAACT-1,1
GTTCGTTGCGGACCAG-1,3
GTTCTTCCCTCGATGT-1,1
GTTGAACCGGTTCCAT-1,4
GTTGAGTCCCGCCGGT-1,6
GTTGCACGGAGTTTCG-1,6
GTTGCGGACGGTCAGG-1,2
GTTGGATTCAGTGGCT-1,3
GTTGGATTGAGAACAC-1,6
GTTGGATTTGCGTTGG-1,0
GTTGGTCATGCTATCC-1,0
GTTGTCGTGTTAGTTG-1,1
GTTTACGTTCCATCTG-1,0
GTTTCAAACGAGTTGT-1,3
GTTTCATATCGTCGCT-1,0
GTTTCCTGGAGGGTGA-1,6
GTTTCTGCAGTCTCCC-1,6
GTTTGACCAAATCCTA-1,0
GTTTGAGCGGTTATGT-1,3
GTTTGGCCCAAGTTAT-1,6
GTTTGGCCGCTCAGCG-1,3
GTTTGGGCTTGTGAGC-1,0
GTTTGGGTTTCGCCCG-1,1
GTTTGGTAGGGTCAAC-1,0
GTTTGGTGATCGGTGC-1,4
TAAACCCAGGAGGGCA-1,5
TAAAGAGCCCGAAACC-1,3
TAAAGCGGTATTTCCA-1,5
TAAAGCGTTAGGAGAA-1,6
TAAAGCTGCAATAGGG-1,1
TAAAGGAGAAACTAGT-1,3
TAAATGAATCCGTTTC-1,1
TAAATGCCGTCTCATG-1,3
TAAATTTAGTAACACC-1,4
TAACAAAGGGAGAAGC-1,1
TAACAATATTTGTTGC-1,6
TAACAGCGTTTGTGCT-1,5
TAACATACAATGTGGG-1,0
TAACATACACGCGATC-1,5
TAACCGCCCGCAGTGC-1,3
TAACCTACCGTCCGAG-1,1
TAACCTAGGGAGTCCA-1,3
TAACGCTTTGAGAGCG-1,1
TAACTATCGAAGGTCC-1,1
TAACTATTACGCCAAA-1,3
TAACTCATCCGCGCGG-1,4
TAACTCCATGGAGGCT-1,3
TAAGAGGGACAGGGAC-1,5
TAAGATTTAGCGGGAG-1,2
TAAGCAGGCGACACGC-1,6
TAAGCGCGAATCAAAT-1,5
TAAGGAACTTGTGGGA-1,1
TAAGGCAACATAAGAT-1,6
TAAGGCATAACATCAA-1,4
TAAGGCCCGTCACCCT-1,6
TAAGGCTGAATCCCTC-1,1
TAAGGGCCTGTCCGAT-1,1
TAAGGGCTGGGAGAGG-1,0
TAAGTAAATGTGCCGC-1,3
TAAGTAACATCTTGAC-1,5
TAAGTCGCCGAGTATC-1,5
TAAGTTGCGACGTAGG-1,1
TAATAAACAAGGAGAT-1,1
TAATACACAGTAGTAT-1,6
TAATAGAACAGAGTTA-1,5
TAATAGGTCACCAGAA-1,5
TAATAGTGACGACCAG-1,6
TAATATTGAAATTCGC-1,1
TAATCGATCCGTACGT-1,6
TAATGAAAGACCCTTG-1,1
TAATTACGTCAGTAGA-1,3
TAATTAGATGGATATG-1,2
TAATTAGGACATCCGT-1,3
TAATTGGAATCGGGAA-1,3
TACAAATTGCGGAGGT-1,3
TACAACGCACAACTCA-1,0
TACAAGCTGTTCACTG-1,3
TACAAGTCTCGTGCAT-1,6
TACAGAAACGGTGGGC-1,1
TACATAGGCATACACC-1,0
TACATCCCTATCCCTG-1,6
TACATTTCTAACGTGC-1,0
TACCAAATAGCCCAGA-1,6
TACCAATAAAGTACCA-1,6
TACCAGAAGTAGGTTC-1,4
TACCAGCTAGGTTTAA-1,3
TACCAGGAATCCCGTC-1,5
TACCGCGGACTTGCAG-1,1
TACCGGCTCACTGCCC-1,0
TACCGGTCGTTTCCAT-1,4
TACCGTAGGTTAACTA-1,0
TACCGTGCCTCGGACC-1,0
TACCTACTCCCAGTAT-1,0
TACCTCACGCTTGTAC-1,1
TACCTCAGTTGTCTGT-1,5
TACCTCCACACCAATG-1,5
TACCTGCTGCACTGTG-1,1
TACCTTAAGATTTCCC-1,5
TACGAACACGACTTCA-1,0
TACGACGCTTGCTGCG-1,4
TACGACTGCCTCTTAG-1,0
TACGAGAACTTCACGT-1,0
TACGATGTTGATCATC-1,0
TACGCAGTTCTTTCCT-1,0
TACGCCATATTCTAAT-1,6
TACGCCGAGGGTACCC-1,4
TACGCCTCCATTCCGA-1,0
TACGCTATAGAAACCT-1,1
TACGCTCGGTATTGGA-1,3
TACGCTGCTGTGTTAA-1,5
TACGGGATGCTAGCAG-1,1
TACGTAAAGCGGAGTG-1,3
TACGTACTAGTGCTGA-1,5
TACGTGCACTATGCTG-1,6
TACGTTTACCGGCAAT-1,0
TACTATGGTTCCTCAG-1,5
TACTCCTCTAGTTGAC-1,4
TACTCGGCACGCCGGG-1,6
TACTCTCCGAACAAAT-1,6
TACTCTTACTTTACTG-1,3
TACTCTTTCGTCTTCA-1,4
TACTGAACAGATTTAG-1,5
TACTGAGGGAAGAAAG-1,5
TACTGCAATCAATTAC-1,1
TACTGGACAGCTCGGC-1,6
TACTGTTTCTCTGGTA-1,3
TACTTGTTAGTAGTCC-1,6
TACTTTACTGAGCCGG-1,1
TACTTTCCGCACGCCA-1,0
TAGAAACCACTAAGTA-1,3
TAGAAAGGTGGCGCTA-1,6
TAGAAATTCACGTATA-1,6
TAGAATAGCCGATGAA-1,1
TAGAATTAAGGGCAAC-1,1
TAGACGAAACGCCAAT-1,6
TAGACGCCCGTACCGG-1,6
TAGACTACCTAGCGTT-1,3
TAGAGATCATGCAACT-1,0
TAGAGCTACGAAGAAC-1,1
TAGAGGTTCTACTTGT-1,3
TAGAGTCTAAGCGAAC-1,6
TAGATATGGACTGGAA-1,4
TAGATCCGAAGTCGCA-1,1
TAGATGGTTCCTTACT-1,1
TAGATTCAAAGTGCGG-1,4
TAGATTCCTGGTTATT-1,6
TAGCAACCTGTCACAA-1,6
TAGCAGTATGACTAAA-1,3
TAGCCAGAGGGTCCGG-1,3
TAGCCATTTCAAAGTC-1,6
TAGCCGGCGGTCAGCG-1,1
TAGCGTCCCTCGATTG-1,3
TAGCGTCCGGTGTGGT-1,6
TAGCGTTGGGTCTTAC-1,0
TAGCTAAGTCCGGGAG-1,0
TAGCTAGAAGGCATGA-1,4
TAGCTAGTGATGATGG-1,4
TAGCTCGCCTGATAAC-1,4
TAGCTGATGTGAAGCG-1,6
TAGGAACAGCCTCCAG-1,1
TAGGCATGTTACGCCA-1,1
TAGGCCTATATAGTCT-1,1
TAGGCGATGAGGTCTC-1,4
TAGGCGGCTGCAAAGA-1,5
TAGGCTAAAGTGGCAC-1,3
TAGGGAGCTTGGGATG-1,1
TAGGGTGTTTCAAGAG-1,6
TAGGTCCAAGTAAGGA-1,1
TAGGTCGCCGGAACTG-1,1
TAGGTGACGATAACCT-1,6
TAGGTGAGCCCTACTC-1,6
TAGGTGCTCGCCTAGC-1,6
TAGGTGTTCCACAGAT-1,6
TAGGTTCGAGTTCGTC-1,0
TAGTACCACAACTTTC-1,5
TAGTACCTTAGTGGTC-1,1
TAGTAGCTTATACCAG-1,5
TAGTCCCGGAGACCAC-1,0
TAGTCCGCAGAGAATG-1,0
TAGTCCGTATGCATAA-1,3
TAGTCGATCACGGGTT-1,1
TAGTCTAACAACGAGA-1,0
TAGTCTGCGGCACATT-1,4
TAGTCTGTGACGTTGC-1,1
TAGTCTTTCCGAATTG-1,2
TAGTGCCCTCCAGAGT-1,6
TAGTGGAACTCATACA-1,3
TAGTGTCAGAAACGGC-1,3
TAGTTAAGATAGGATA-1,1
TAGTTTATTCTTGCTT-1,1
TATAAATCCACAAGCT-1,1
TATAAGTGAGGATAGC-1,1
TATACACAGACGCCTT-1,0
TATACACGCAAAGTAT-1,1
TATACCGAGTGCCACA-1,3
TATACGCGTCATCACT-1,0
TATACTCATGCGGCAA-1,1
TATAGAGTCGCTTGAA-1,4
TATAGATGGTCGCAGT-1,1
TATAGGGTACTCATGA-1,6
TATATAGGGCTTTACG-1,5
TATATATCGAGAAATG-1,5
TATATCAAAGTGATCT-1,4
TATATCCCTGGGAGGA-1,1
TATATTACAAATGTCG-1,3
TATATTCGCGTCGATA-1,3
TATCACAGCACGGGCA-1,3
TATCACCATGTAAAGT-1,3
TATCACCCAACCGACC-1,1
TATCACTTCGAGTAAC-1,3
TATCAGTGGCGTAGTC-1,4
TATCCAATTGGTTATC-1,6
TATCCATATCATGCGA-1,1
TATCCATCTCGGTTAG-1,5
TATCCGCACCGTCGGG-1,0
TATCCTATCAACTGGT-1,4
TATCCTGCATGGGAAT-1,6
TATCGATCTATGCATA-1,1
TATCGATGATTAAACG-1,6
TATCTACAGAGGTAAT-1,6
TATCTACCACAGCGGG-1,0
TATCTAGCCTAAAGGA-1,6
TATCTGAGCCGATATT-1,5
TATCTTGCAATACAAC-1,5
TATGAAGACAGGTGCG-1,1
TATGATAAATCTAACG-1,3
TATGATCCGGCACGCC-1,3
TATGATCTTCTCTTTA-1,1
TATGATTCTGCTTGGT-1,2
TATGCTCCCTACTTAC-1,6
TATGGAGTTTCTCGTT-1,2
TATGGATGTGCTACGC-1,6
TATGGCCCGGCCTCGC-1,6
TATGGGACCGAGCAGG-1,6
TATGGGTACGTATCGT-1,6
TATGGTCTGAGTAACA-1,0
TATGGTTAGTGGGAGA-1,1
TATGTAAAGTGCTTAA-1,4
TATGTAGAAACCCGGC-1,5
TATGTCAAGACCGACT-1,1
TATGTCTCATTGTGCC-1,6
TATTAACACCAAAGCA-1,4
TATTAACCTGACCGCG-1,5
TATTACCATCCTGCTT-1,1
TATTATGTTTGCCTGC-1,4
TATTCAATTCTAATCC-1,6
TATTCCACTCAGCTCG-1,0
TATTCCGAGCTGTTAT-1,1
TATTCCGGCAGTCCTA-1,3
TATTCCTCCGCCCACT-1,5
TATTCGTGCCAGAATA-1,0
TATTGCCGGGCTTGTA-1,3
TATTTAGTCTAGATCG-1,6
TATTTATACCGAGTAG-1,1
TATTTGATTTGCACAG-1,2
TATTTGTTACCCTTTA-1,6
TCAAACAACCGCGTCG-1,6
TCAAACTTAGATTGTT-1,6
TCAAATTTGAGACTCA-1,6
TCAACAAAGATAATTC-1,5
TCAACACATTGGGTAA-1,3
TCAACATAGCGCCCTA-1,4
TCAACATCGACCGAGA-1,6
TCAACCATGTTCGGGC-1,6
TCAACGAGGAGACAAA-1,0
TCAACGCAGGAAATAA-1,5
TCAACGCGACCGGCAG-1,0
TCAACTAACGTATAAC-1,6
TCAACTGCAGAGTCAG-1,3
TCAAGAAATACTAGCT-1,1
TCAAGCGCGGACGGTA-1,3
TCAAGGTTACTACACC-1,1
TCAATACGCCGTCATG-1,0
TCAATCCGGGAAGTTT-1,3
TCACAAACCGAGGTAC-1,1
TCACAGATCCTCAAAC-1,2
TCACAGCAAACTCGAA-1,4
TCACAGGAGAATAAGA-1,4
TCACAGGGAATCGCAA-1,1
TCACAGGTTATTGGGC-1,1
TCACATCTTATCTGAT-1,1
TCACCCTCTTAAGATT-1,0
TCACCGCTCGGCACTC-1,6
TCACGATGTCCGTGGA-1,5
TCACGCATTGTAGATC-1,0
TCACGGCCCAAGAGAG-1,5
TCACGGTCATCGCACA-1,6
TCACGTGCCCGATTCA-1,0
TCACTACGACCAATGC-1,1
TCACTATCGTGCAATC-1,2
TCACTCAGCGCATTAG-1,3
TCACTCGTGCAACGGC-1,1
TCAGAACCTCCACAGG-1,3
TCAGACGCTATAGAAG-1,6
TCAGCAAATGCATCTC-1,6
TCAGCAGTAGGCCCTG-1,4
TCAGCCAATCCGTAAA-1,3
TCAGGGCGCAAACTCG-1,3
TCAGGGTGCACGAAAC-1,1
TCAGGGTGTAACGTAA-1,6
TCAGGTTCTTTGAGAA-1,0
TCAGTACTGACCCGCG-1,6
TCAGTAGGGACTATAA-1,4
TCAGTGTATACGTCAT-1,5
TCAGTTACGGAATGAT-1,3
TCATACTTACAGATCC-1,1
TCATATGAGCTTTGTT-1,6
TCATCACTCGAGCTCG-1,0
TCATCCCAGAGGGTGG-1,1
TCATCGATGGTCCCAA-1,5
TCATGCAGGTTCTCAT-1,6
TCATTTAAGTCTCCGA-1,6
TCATTTAGAAGTGTGA-1,3
TCCAACTCAGCTATCT-1,1
TCCAACTTTAAATTCT-1,0
TCCAAGCCTAGACACA-1,6
TCCAATAAAGGCTACC-1,4
TCCACAATGGTTTACG-1,6
TCCACATCGTATATTG-1,0
TCCACCAAGACATAGG-1,2
TCCACCTCTAGCCTTT-1,0
TCCACTTTATCTAGGT-1,6
TCCAGAGCACCGGTTC-1,4
TCCAGCGCTATAAGCG-1,2
TCCAGGCGAGTACGGT-1,6
TCCAGGGTATATACGA-1,6
TCCATCAATACTAATC-1,5
TCCATTAGTTGGATAG-1,2
TCCATTGTGACCTCGT-1,1
TCCCAAACAGACAACG-1,3
TCCCAAAGACGAAGGA-1,6
TCCCAAAGCCCTAAAT-1,3
TCCCACGGAGGGAGCT-1,3
TCCCACTCTCTTCCGG-1,3
TCCCAGCTTTAGTCTG-1,0
TCCCAGGCTTAGCTAA-1,6
TCCCGCGTACTCCTGG-1,6
TCCCGGGTGTGCTGCT-1,0
TCCCGGTCAGGAATTT-1,2
TCCCGTCAGTCCCGCA-1,6
TCCCGTGTGCAATTTG-1,6
TCCCTAGATCAATAGG-1,3
TCCCTGGCGTATTAAC-1,5
TCCCTGGCTCGCTGGA-1,6
TCCCTTAGATTACTCG-1,1
TCCCTTGTCTGAAACT-1,1
TCCGAACTTGGCTTAC-1,6
TCCGAAGTAGTCACCA-1,2
TCCGAATGGTCCTGAG-1,3
TCCGACCGCTAATCAA-1,4
TCCGAGAAGGCTAAGC-1,2
TCCGATAATTGCCATA-1,6
TCCGATGACTGAGCTC-1,6
TCCGATGGTGCGACAT-1,6
TCCGATTACATTGCCG-1,6
TCCGCCTGTCTACAAG-1,6
TCCGCGGCAGCATCTG-1,6
TCCGCGGCCCAATGAA-1,1
TCCGCTGTCATCCCGG-1,6
TCCGCTTATCCCATTA-1,6
TCCGGAGGAAGGGCTG-1,3
TCCGGCCTAGCGTACA-1,1
TCCGGCCTGCATCGAT-1,3
TCCGGGCTTGACGGGA-1,1
TCCGGTTCGTCCGGTC-1,4
TCCGTAACCACAATCC-1,3
TCCGTTAAGCTAATAT-1,1
TCCGTTTAGCCTTGAA-1,6
TCCTAAATTGGGAAGC-1,6
TCCTAACCGTCGGGCA-1,4
TCCTACATCCACGGCC-1,6
TCCTAGCAAAGAAGCT-1,4
TCCTCCTAAGACATTC-1,4
TCCTCGGGCTGGGCTT-1,6
TCCTCTACGAGATGGC-1,1
TCCTCTCCAGTTGTCC-1,6
TCCTCTGGCCCATTAG-1,3
TCCTGCCAACTGGAGA-1,3
TCCTGCGTTGATACTC-1,6
TCCTGGCGCTGCCTGG-1,3
TCCTTACGACGGTCCG-1,1
TCCTTCAGTGGTCGAA-1,1
TCCTTGTCCTTTAATT-1,0
TCCTTTAAATCCGCTT-1,1
TCCTTTCTTACGCTTA-1,0
TCGAAATTTAGGACCA-1,0
TCGAAGAACCGAGCAC-1,1
TCGAATATCCCGCAGG-1,5
TCGACAACTGAACCCG-1,5
TCGAGACCAACACCGT-1,0
TCGAGCCAGGCAGGCC-1,4
TCGATAGGCTAGTCGC-1,3
TCGCAAAGATGCATTT-1,6
TCGCACCAGGAGGCAG-1,6
TCGCATAAAGGGCGCA-1,2
TCGCATCCCTAAGTGT-1,3
TCGCATTCAATGACTT-1,6
TCGCCCAACTGACTCC-1,2
TCGCCGAAGTTGCGTC-1,4
TCGCCGACATATTCGC-1,1
TCGCCGGTCGATCCGT-1,6
TCGCCTCGACCTGTTG-1,2
TCGCGTAGCAGTGTCC-1,2
TCGCGTCCAGAAGGTC-1,6
TCGCTAAACCGCTATC-1,1
TCGCTACTGGCTTTGA-1,6
TCGCTCGATATATTCC-1,6
TCGCTCGGCACCAGCG-1,3
TCGCTGGGCGGATTGT-1,6
TCGCTGTGCGTAAATC-1,1
TCGCTTTAAACGTTTG-1,6
TCGGAATGACCATCAA-1,3
TCGGAATGCGCTCTGA-1,6
TCGGACGCCCAGCCCA-1,6
TCGGAGAGTATCGGGA-1,4
TCGGAGTACATGAGTA-1,6
TCGGATCTGGATGACC-1,5
TCGGCGAACCCAAACC-1,1
TCGGCGTACTGCACAA-1,4
TCGGCTAACTTCCCTT-1,3
TCGGCTTGTATCGACG-1,1
TCGGGAACGTGCCTAG-1,1
TCGGGAGACAGCGTAC-1,6
TCGGGATTCAAACATA-1,6
TCGGGCACTTCTGGAT-1,2
TCGGGCCGTCGTGGTA-1,6
TCGGGTGAAACTGCTA-1,3
TCGGTCCCGACAATAG-1,5
TCGGTCCCTGACTCCA-1,1
TCGGTGACCGCTCCGG-1,3
TCGGTTAGCCATGTAG-1,3
TCGTAAGACGACATTG-1,6
TCGTAAGCTCCGAGGA-1,3
TCGTATAGTGCAATTA-1,3
TCGTATTACCCATTGC-1,6
TCGTATTTCGTCCGGA-1,1
TCGTCAAGTACGCGCA-1,4
TCGTCACACTGTTAGC-1,1
TCGTCCGCTGGCGTCT-1,1
TCGTCTTAGGCGTTAA-1,6
TCGTGTACTATGGATG-1,6
TCGTGTATTGGTCACG-1,2
TCGTGTCACGCTGACA-1,2
TCGTGTTCGACCACAA-1,2
TCGTTAGGAGTCCCTA-1,4
TCGTTCGTTATTATGT-1,3
TCGTTGCTATCCGGTC-1,5
TCGTTGGCTCGTCAAT-1,2
TCTAAAGAACAGTCTC-1,4
TCTAACTGTATGTAAA-1,1
TCTAATACTGCCTCAG-1,5
TCTACACGTTCATGCA-1,3
TCTACCCAATAGAGAG-1,3
TCTACCGTCCACAAGC-1,6
TCTAGCAATCTCCGCC-1,5
TCTAGCATCTTCGATG-1,6
TCTAGCATGCCCAGAA-1,6
TCTAGGTGGCGACGCT-1,1
TCTAGTGATATCGTGG-1,1
TCTAGTTATCAGAAGA-1,0
TCTATAGGTGGGTAAT-1,3
TCTATCATGCAGTTAC-1,1
TCTATCGGTCGCAACA-1,6
TCTATGCTATAACGAC-1,6
TCTATTACGCTGGCGA-1,3
TCTATTACTAGAGGAT-1,6
TCTCATGAGATAGGGT-1,6
TCTCCAACGTAGGTTA-1,6
TCTCCACAAGTTGAAT-1,6
TCTCCCTGGGCAGCGT-1,6
TCTCGAACGAGGTCAC-1,1
TCTCGACGTATCGCCG-1,3
TCTCGAGGAGGTTCGC-1,3
TCTCGGCTCCAGGACT-1,2
TCTCTAATAGCTGGTA-1,6
TCTCTCGCCGCACATA-1,3
TCTCTTACCGCGAACC-1,4
TCTGAACCGGTCGGCT-1,6
TCTGAACTCGTACCCG-1,1
TCTGAAGCACGTGGTC-1,6
TCTGAATTCCGTACAA-1,1
TCTGACTGTAATGGTT-1,2
TCTGAGCAATTGACTG-1,3
TCTGATGTATTCTGTC-1,6
TCTGCATACCTTGCTT-1,1
TCTGCCAGAAACTGCA-1,6
TCTGCGTCCGGTTTCT-1,3
TCTGGGAACCTTTGAA-1,1
TCTGGGTAGCGCTCAT-1,0
TCTGTCATACAAGAGC-1,3
TCTGTGACTGACCGTT-1,2
TCTGTGCCATCATAGT-1,6
TCTGTGGCTACATTTC-1,2
TCTGTTACCCAGCATA-1,5
TCTTACAGAGGTACCG-1,1
TCTTACCGGAACTCGT-1,1
TCTTACGGCATCCGAC-1,1
TCTTACTTATGCCTCT-1,1
TCTTAGAGCTCCAATT-1,1
TCTTAGAGTGAACTCT-1,1
TCTTATGGGTAGTACC-1,2
TCTTCCCATGGGCACA-1,1
TCTTCGAATAGACGTT-1,6
TCTTCGATACCAATAA-1,0
TCTTCTATAACCCGCC-1,1
TCTTGATGCGTAGCGA-1,0
TCTTGCTCCCGATACT-1,6
TCTTGGTAACACCAAA-1,6
TCTTTAAGACTATGAA-1,1
TCTTTAGAGTCTAACA-1,3
TCTTTCTCTTAAGGAG-1,3
TGAAACCTCAACTCAC-1,2
TGAAACTTATGCAAGC-1,1
TGAAAGGACCTGACTC-1,6
TGAACAAGCAGGGACT-1,4
TGAATACCGACGCGTA-1,1
TGAATGAGTGTTTCCC-1,4
TGAATGTCAGCCGGCC-1,3
TGACACTTCTCTTTGC-1,3
TGACAGGACAAGTCCA-1,4
TGACATCGAGCGGACC-1,1
TGACATGTAACGTGAC-1,4
TGACCAAATCTTAAAC-1,6
TGACCAGCTTCAAAGT-1,3
TGACCCAACTCACATT-1,2
TGACCCACGTTAGACA-1,6
TGACGAATATTTCCCT-1,0
TGACGATGCACTAGAA-1,1
TGACTATAATCCTTTC-1,0
TGACTCCGAATCATAC-1,5
TGAGAATGCTTTACCG-1,6
TGAGAGATTTACCACG-1,6
TGAGATCAAATACTCA-1,3
TGAGATTAGGCCCTAA-1,1
TGAGCAGTCGTGAAGT-1,2
TGAGCCATACAGTCTC-1,0
TGAGCGGAAAGTGTTC-1,6
TGAGCTTTAATGACGC-1,1
TGAGGAGTGCCAGCTT-1,0
TGAGGCATGTACTGTG-1,5
TGAGGTTGATCCCAAG-1,3
TGAGTAAATTAGCGTA-1,4
TGAGTGCCTCTTAAAT-1,5
TGAGTGGTCCGTGACG-1,1
TGAGTGTAACAACGGG-1,1
TGAGTTAAAGACATTC-1,3
TGATACATTTAGCCGT-1,5
TGATAGCGGGATTCTA-1,1
TGATCAGGGAACTGCT-1,0
TGATCCCAGCATTAGT-1,3
TGATCGGTTTGACCCT-1,6
TGATCTACGCTGATCT-1,3
TGATCTCCGGCGCCAG-1,6
TGATGGCTGTTTCTGA-1,3
TGATGGGACTAAGTCA-1,2
TGATGTCAATTAAGTG-1,3
TGATTATGGCACGCAG-1,2
TGATTCAGGTCCCGCG-1,0
TGATTCCCGGTTACCT-1,4
TGATTCGTCTATCACT-1,6
TGATTCTGTCGCCGGT-1,4
TGATTTATTAGCTGTG-1,0
TGATTTCCTCCTGACG-1,1
TGCAACCCATCTGCGG-1,1
TGCAAGAATGACGTAA-1,0
TGCAATCTAACACGGT-1,1
TGCAATTTGGGCACGG-1,3
TGCACAGTGAAGTTAT-1,3
TGCACGAGTCGGCAGC-1,3
TGCACTATGTGAGTGC-1,3
TGCAGAACTATATCGT-1,0
TGCAGAGTACCGAGCA-1,4
TGCAGATCGTCCTAGG-1,0
TGCAGCTACGTACTTC-1,0
TGCAGGATCGGCAAAG-1,6
TGCAGTGGTAGGGAAC-1,5
TGCAGTTTCCTCCCAT-1,6
TGCATATGTCTGTCAC-1,6
TGCATGGATCGGATCT-1,6
TGCATGTGACCCATAG-1,4
TGCATGTGGTAATCTA-1,6
TGCCAAAGTCAGACTT-1,0
TGCCAATGGGTACTCT-1,4
TGCCACCTGGCGAAAC-1,6
TGCCAGTACGTGGAGA-1,6
TGCCATGGCTTATAAG-1,3
TGCCATTACTAAAGAA-1,6
TGCCCGTACCGTTAAA-1,6
TGCCGGATGTACGAGC-1,4
TGCCGTGGATCGTCCT-1,0
TGCCTAATTGAAGATT-1,3
TGCCTGACATCGGTCA-1,3
TGCCTGATCAAACGAT-1,6
TGCCTTGGCCAGGCAA-1,6
TGCGAATATGGGATTT-1,0
TGCGACACCCTAGTGC-1,5
TGCGACGGCCGAACGT-1,5
TGCGAGAATATTACCC-1,5
TGCGAGCCCTTCCGCG-1,3
TGCGCAAAGCATTTGG-1,6
TGCGCGATTAACGGAG-1,6
TGCGGACTTGACTCCG-1,6
TGCGGAGTAAAGGTGC-1,6
TGCGGCATAGTTCAAC-1,3
TGCGGGTATTGGGATC-1,3
TGCGGTCTACGAGTAA-1,3
TGCGGTGAAATTTCAT-1,1
TGCGTAAGAACCTGAT-1,4
TGCGTCATGACTGAGC-1,5
TGCGTGATTGGGTGTC-1,2
TGCGTTTGTTGACACT-1,6
TGCTAAGTGTCTATTT-1,1
TGCTATACAAACGGAC-1,3
TGCTCCACAGTTCTTA-1,1
TGCTCGGCGAAACCCA-1,0
TGCTCGGTGGGTCACC-1,6
TGCTCTTGAGAGTTTG-1,6
TGCTGGTTGGACAATT-1,1
TGCTGTTGAAGAACTC-1,0
TGCTTAGAGAGAATGC-1,5
TGCTTCCCAAGCAGTA-1,6
TGGAAACGGAGTGAAC-1,3
TGGAACCACTGACACA-1,1
TGGAAGAAGGGAACGT-1,0
TGGAAGACGAACACCA-1,1
TGGAAGGATAAAGATG-1,6
TGGAATATCCTTGACC-1,1
TGGAATTAGACGCTTT-1,2
TGGACCAATCTAAGAT-1,6
TGGACGCAATCCAGCC-1,5
TGGACTGTTCGCTCAA-1,6
TGGAGAATAATCGTCC-1,4
TGGAGCTAAAGTTCCC-1,3
TGGAGTGATGCGATGA-1,6
TGGCAAACTAAATTAC-1,6
TGGCAACTCGCGCGCC-1,1
TGGCAAGCACAAGTCG-1,0
TGGCAATGGGACGGCG-1,3
TGGCACGAGCTCGAGT-1,3
TGGCAGATTACGATCA-1,0
TGGCAGCAGTAATAGT-1,0
TGGCATGAAGTTTGGG-1,4
TGGCCAAACTGAAGTA-1,0
TGGCCAATTTGGTACT-1,4
TGGCCGTATATTGACC-1,6
TGGCGACTGCTCCAAA-1,5
TGGCGATCAAGTTATG-1,4
TGGCGGTGTGCGATTG-1,1
TGGCTACACTCTACCT-1,3
TGGCTATGTGACATAC-1,6
TGGCTCTTGTCGCGTA-1,6
TGGCTTTGGGTAGACA-1,1
TGGGAAATGCCTTTCC-1,1
TGGGATGCACTCATTC-1,3
TGGGCAATAGTTGGGT-1,3
TGGGCACAAACAGAAC-1,3
TGGGCACGTTCTATGG-1,6
TGGGCAGGCCACCGCA-1,2
TGGGCCACAAGAGCGC-1,6
TGGGCCCATACTAATT-1,6
TGGGCCTTGCCTGCAT-1,2
TGGGCGATACAATAAG-1,4
TGGGTAAGGTTCCCGC-1,1
TGGTAAGCAGGATTGA-1,0
TGGTAGAATATATGGG-1,1
TGGTATCGCATCCCAA-1,1
TGGTATCGGTCTGTAT-1,6
TGGTCCCACGCTACGG-1,6
TGGTCTGTTGGGCGTA-1,0
TGGTGATCGTATTTGT-1,1
TGGTTAACTTACATTT-1,5
TGGTTCAACGGGTAAT-1,6
TGGTTCGTAGCAAAGG-1,6
TGGTTGGAGGATCCTG-1,1
TGGTTTAAACGTGGGT-1,3
TGTAACTTGTCAACCT-1,2
TGTAATGACCACAATA-1,6
TGTACCCGACCCTAAT-1,5
TGTACCTACACGAGGG-1,1
TGTACGAACAAATCCG-1,0
TGTACGCTATCAGCTT-1,3
TGTACTGTGCCAAAGT-1,2
TGTAGCCATCCCATTC-1,2
TGTAGGAGAAATTTCC-1,6
TGTAGTGATCTATAAT-1,6
TGTATAACAGATCCTG-1,6
TGTATCCTTATTCCAT-1,3
TGTATGGCGCAGACAG-1,1
TGTATTTACCTAATGC-1,3
TGTCATTTGTTGGGAA-1,3
TGTCCACGGCTCAACT-1,3
TGTCCCGACATAGCAC-1,1
TGTCCGTGGCGCCTTT-1,1
TGTCCTAAGTCACCGC-1,6
TGTCGGCATGGTGGAA-1,2
TGTCGTTATCACATAT-1,5
TGTCTACAGTTTCTGT-1,3
TGTGACTACGCCAGTC-1,6
TGTGAGACTAGCCCAA-1,6
TGTGATTCCAGCGCTT-1,3
TGTGCCGGTGCCGGAA-1,1
TGTGCTTTACGTAAGA-1,6
TGTGGAGGAAGCTTAA-1,3
TGTGGCAAAGCGTATG-1,6
TGTGGCGGGCTTCTGG-1,0
TGTGGCTCCCACCAAC-1,3
TGTGGTTGCTAAAGCT-1,4
TGTGTCGCGAGTTGCA-1,6
TGTGTTCGTATCCAAG-1,6
TGTTATTGTATGTGGC-1,6
TGTTCCGCTTCCATGA-1,0
TGTTCCGGCCTGAGCT-1,0
TGTTCGTATTGCGGTG-1,0
TGTTCTTCCATTGACT-1,6
TGTTGTCAAGAAGTCT-1,6
TGTTTAATACTTCATC-1,1
TGTTTCGGTACTTCTC-1,6
TGTTTCTGAAGCGTGC-1,5
TGTTTGAGATCGTCAG-1,3
TTAAACAGAGTCCCGC-1,2
TTAAACCGGTAGCGAC-1,3
TTAAACCTGGTTCCTT-1,3
TTAAACTCGAATTCAT-1,1
TTAACACCTCGAACAT-1,1
TTAACCAACCCTCCCT-1,6
TTAACGTCGCAAGACC-1,3
TTAACTCACGCGTGGA-1,1
TTAACTTCAGGTAGGA-1,4
TTAAGACGAACGAACC-1,3
TTAAGATAGGATTGAC-1,1
TTAAGCCGACAACTTC-1,1
TTAAGCGCCTGACCCA-1,6
TTAAGGATACGGAGGT-1,2
TTAAGGCCCGTACTTT-1,5
TTAAGTATTGTTATCC-1,1
TTAATCAGTACGTCAG-1,6
TTAATGCGAGGTAACT-1,3
TTAATGTAGACCAGGT-1,6
TTAATTGCTTTGGGTG-1,6
TTAATTTCAGACGCGG-1,6
TTACAACTACGCATCC-1,1
TTACACGATCTGCGAC-1,3
TTACAGACCTAAATGA-1,1
TTACATCGTGGCCTGG-1,1
TTACATGCCACAACTA-1,3
TTACCATTGATTACCC-1,6
TTACCCATTGCCGGGT-1,1
TTACCCTAACAGTCCT-1,1
TTACCCTAGGGATTGG-1,0
TTACCGCCTTAGGGAA-1,2
TTACGGATGGTTCGAG-1,1
TTACGGTGTCACCGAG-1,2
TTACGTAGCGCGTGCT-1,2
TTACTAAAGGACTTTA-1,6
TTACTATCGGCTTCTC-1,6
TTACTCCGGCCGGGAA-1,6
TTACTCTGGTACGTAC-1,0
TTACTGGGATATTTCA-1,4
TTACTGTTTCTCTACG-1,3
TTAGAAGAACATGACT-1,0
TTAGAATAAGGGTCGG-1,5
TTAGACACGATCGTTG-1,1
TTAGACGAGTCACCTC-1,6
TTAGAGTTTAGAAGGA-1,6
TTAGATAGGTCGATAC-1,2
TTAGCAACATGGATGT-1,3
TTAGCTAATACGATCT-1,1
TTAGCTCTGTAATCCG-1,1
TTAGCTGATTTGCCGT-1,6
TTAGGTCATAACCGAC-1,4
TTAGTAAACCTGCTCT-1,1
TTAGTAGGGCGGCGGG-1,6
TTAGTTATTCGTGGCA-1,1
TTAGTTCAAGTGTTCG-1,3
TTATAGATGCACATTA-1,2
TTATAGGTAATTGTCT-1,6
TTATATACGCTGTCAC-1,6
TTATATTTGGCAATCC-1,6
TTATCCAATCGAACTC-1,3
TTATCCGGGATCTATA-1,6
TTATCCTCAAGGAATA-1,5
TTATCGCCTGCGAAGC-1,1
TTATCTGACATTAGGA-1,6
TTATCTGTATCATAAC-1,6
TTATGAATGAAAGGGA-1,0
TTATGACAAACTGGAT-1,6
TTATGATCTTAACGAA-1,6
TTATGCGTCCCGGTCC-1,2
TTATGTTTGCGATAGA-1,1
TTATTAGAGCGTGTTC-1,6
TTATTAGGGAAGCATC-1,1
TTATTTCATCCCAAAC-1,2
TTCAAAGTCTCTAGCC-1,6
TTCAACGACCCGACCG-1,6
TTCAAGCCGAGCTGAG-1,1
TTCAATACTCTGAATC-1,6
TTCAATTAGCCATAAT-1,1
TTCACGAAAGGATCAC-1,0
TTCACTCGAGCACCTA-1,6
TTCACTTCCTAGAACG-1,0
TTCAGAGTAACCTGAC-1,2
TTCAGCCCTGGTCCAC-1,6
TTCAGCTGGCGTGCCC-1,1
TTCAGGCGTCAAAGCC-1,2
TTCAGTTCAAGAGGAG-1,4
TTCATAGCCTTGTAAC-1,6
TTCATGGCGCAACAGG-1,6
TTCCAATCAGAGCTAG-1,1
TTCCAATCTGGCTATC-1,5
TTCCACACAGATTTGA-1,5
TTCCACATTTCTCGTC-1,3
TTCCAGACGAGATTTA-1,3
TTCCATCATGCGGTGA-1,1
TTCCATCGACAGCGTG-1,3
TTCCCGACGCTTCACT-1,3
TTCCCGGCGCCAATAG-1,0
TTCCGCAGAGAAATAT-1,1
TTCCGCGTGAGGCGAT-1,0
TTCCGGCCTTGAGGCT-1,5
TTCCGGCTCGACTTCT-1,2
TTCCGGTATCTGTGTC-1,3
TTCCGGTTACCCACTT-1,6
TTCCTCGAGGGTGTCT-1,6
TTCCTCGGACTAACCA-1,1
TTCCTCTGCCCGAATA-1,6
TTCCTTTCTGTGTTGC-1,2
TTCGACAGAGCCCGTG-1,6
TTCGACGGGAAGGGCG-1,6
TTCGCACTCGCGTGCT-1,6
TTCGCACTGTACGACA-1,2
TTCGCATCCGGAAGCA-1,2
TTCGCCGCTCGCGCTA-1,5
TTCGCGCGCCATACGA-1,4
TTCGCTAGGAAGTTGT-1,3
TTCGCTATCTGACGTG-1,1
TTCGGACTGATGCCTT-1,3
TTCGGACTGGGCATGG-1,5
TTCGGCAACCCGCTGA-1,1
TTCGGCTAGAGATGGT-1,3
TTCGGGACTAATCGCG-1,6
TTCGGGCGCTAGTCTT-1,5
TTCGGTACTGTAGAGG-1,6
TTCGTAATCCCAGCGG-1,1
TTCGTACTCCAGAACG-1,6
TTCGTTCAACGAAGTT-1,3
TTCTAACCGAAGCTTA-1,6
TTCTACCTCAATCGGT-1,4
TTCTACCTTTATGTTG-1,3
TTCTACTTGCGAGGGC-1,1
TTCTAGAAAGTCTTAT-1,4
TTCTAGGCCAATTGTG-1,6
TTCTATTAAACGCAGC-1,0
TTCTCTTACAGGTGAT-1,5
TTCTGACCGGGCTCAA-1,6
TTCTGCCGCGCCTAGA-1,6
TTCTGCGAGCGCCCTT-1,6
TTCTGCGGGTTAGCGG-1,6
TTCTGCTAGACTCCAA-1,3
TTCTTAGTGAACGGTG-1,1
TTCTTAGTGGCTCAGA-1,6
TTCTTATCCGCTGGGT-1,1
TTCTTCCCTTTGATAT-1,3
TTCTTCGCAATAGAGC-1,3
TTCTTGAGCCGCGCTA-1,4
TTCTTGCTAGCATCTC-1,3
TTCTTGGACGATCTGC-1,5
TTCTTGGAGTAATGAG-1,6
TTCTTGTAACCTAATG-1,1
TTCTTTGGTCGCGACG-1,1
TTGAAAGGTGTAAAGG-1,3
TTGAACGAATCCTTTG-1,1
TTGAACGACGTGCTGA-1,1
TTGAAGAATTCCCAGG-1,6
TTGAAGGATGGGCGCC-1,5
TTGAATATGGACTTTC-1,6
TTGAATCGTTGTATAA-1,0
TTGAATTCACGTGAGG-1,1
TTGACAGGAGCTCCCG-1,1
TTGACATGAACGTGGA-1,4
TTGACCAGGAACAACT-1,6
TTGACCATGTTCTCCG-1,6
TTGACCGTGTTAATGA-1,5
TTGACGATTCAGCACG-1,3
TTGACGCTCCATGAGC-1,1
TTGACTACCATATGGT-1,4
TTGACTATTGTCCGGC-1,1
TTGAGAAGTTTAGCAT-1,1
TTGAGAGTACTGCTAA-1,5
TTGAGCAGCCCACGGT-1,3
TTGAGCGCCACGTGAT-1,3
TTGAGGCATTTAACTC-1,1
TTGATCTAACTTTGTC-1,6
TTGATGTGTAGTCCCG-1,6
TTGATTAGCTGTTTCT-1,5
TTGATTATGCAGATGA-1,6
TTGCAAGAAGACTCCT-1,0
TTGCACAATTCAGAAA-1,0
TTGCACGGAGCAGCAC-1,1
TTGCATGCTGATCACG-1,0
TTGCCAAGCAGAACCC-1,3
TTGCCATAGCCCGCTC-1,5
TTGCCCTGATCACGGG-1,0
TTGCCGCAGACCTACA-1,5
TTGCCGCTTTCTAGTA-1,6
TTGCCGGTGATCCCTC-1,1
TTGCCTAATCCAAAGT-1,5
TTGCGGCATCAGAAAG-1,5
TTGCGGCGACTCATGC-1,3
TTGCGTAGTTTGAGGA-1,6
TTGCGTCGGCCAACCG-1,4
TTGCGTGAACGCTTAG-1,1
TTGCTAGCTACCAATC-1,2
TTGCTCATAGTACGTG-1,0
TTGCTCCCATACCGGA-1,6
TTGCTGAAGGAACCAC-1,6
TTGCTGATCATGTTCG-1,6
TTGCTGCACCTATCCA-1,1
TTGCTGGCCGGGCTTC-1,1
TTGGAAGAATACAGTC-1,5
TTGGACATGTGGCTTA-1,0
TTGGACCATCTGGCAA-1,1
TTGGACCTATAACAGT-1,1
TTGGAGTCTCCCTTCT-1,2
TTGGATATCGTCTACG-1,4
TTGGATCGACTTCTGG-1,1
TTGGATTGGGTACCAC-1,6
TTGGCCATCTTGCGCT-1,3
TTGGCCTAGAATTTCG-1,1
TTGGCTCAATATGTGT-1,6
TTGGCTCGCATGAGAC-1,1
TTGGGAAGACGAGCCG-1,4
TTGGGACACTGCCCGC-1,6
TTGGGACGTAAGAGTT-1,3
TTGGGCGGCGGTTGCC-1,6
TTGGTCACACTCGTAA-1,4
TTGGTTGCGGTGCGCG-1,5
TTGTAAGGACCTAAGT-1,4
TTGTAAGGCCAGTTGG-1,6
TTGTAATCCGTACTCG-1,6
TTGTATCACACAGAAT-1,1
TTGTCGTTCAGTTACC-1,0
TTGTGAACCTAATCCG-1,1
TTGTGAGGCATGACGC-1,0
TTGTGCAGCCACGTCA-1,6
TTGTGGCCCTGACAGT-1,6
TTGTGGTAGGAGGGAT-1,5
TTGTGGTGGTACTAAG-1,3
TTGTGTATGCCACCAA-1,6
TTGTGTTTCCCGAAAG-1,0
TTGTTAGCAAATTCGA-1,1
TTGTTCAGTGTGCTAC-1,6
TTGTTGTGTGTCAAGA-1,6
TTGTTTCACATCCAGG-1,5
TTGTTTCATTAGTCTA-1,5
TTGTTTCCATACAACT-1,4
TTGTTTGTATTACACG-1,4
TTGTTTGTGTAAATTC-1,3
